CustomerID,frequency,monetary,total_units,unique_products,country,recency,tenure,avg_order_value,is_repeat,avg_days_between_orders,R,F,M,RFM_score,segment,cluster,cluster_name
12347,7,4310.0,2458,103,Iceland,2,367,615.7142857142857,True,60.333333333333336,5,5,5,15,Champions,2,High-Value Loyal
12348,4,1437.24,2332,21,Finland,75,358,359.31,True,94.0,2,4,4,10,At Risk,1,Lapsing Mid-Value
12349,1,1457.55,630,72,Italy,18,18,1457.55,False,,4,1,4,9,New / Promising,3,Active Mid-Value
12350,1,294.40000000000003,196,16,Norway,310,310,294.40000000000003,False,,1,1,2,4,Lost,0,Dormant Low-Value
12352,7,1385.74,526,57,Norway,36,296,197.96285714285713,True,43.0,3,5,4,12,Loyal,1,Lapsing Mid-Value
12353,1,89.0,20,4,Bahrain,204,204,89.0,False,,1,1,1,3,Lost,0,Dormant Low-Value
12354,1,1079.4,530,58,Spain,232,232,1079.4,False,,1,1,4,6,Lost,0,Dormant Low-Value
12355,1,459.40000000000003,240,13,Bahrain,214,214,459.40000000000003,False,,1,1,2,4,Lost,0,Dormant Low-Value
12356,3,2487.43,1573,52,Portugal,22,325,829.1433333333333,True,151.0,4,3,5,12,Loyal,1,Lapsing Mid-Value
12357,1,6207.67,2708,131,Switzerland,33,33,6207.67,False,,3,1,5,9,Needs Attention,1,Lapsing Mid-Value
12358,2,928.0600000000001,242,12,Austria,1,150,464.03000000000003,True,149.0,5,2,4,11,New / Promising,3,Active Mid-Value
12359,4,6310.03,1609,214,Cyprus,57,331,1577.5075,True,91.0,3,4,5,12,Loyal,1,Lapsing Mid-Value
12360,3,2302.06,1156,104,Austria,52,200,767.3533333333334,True,74.0,3,3,5,11,Loyal,1,Lapsing Mid-Value
12361,1,174.9,90,9,Belgium,287,287,174.9,False,,1,1,1,3,Lost,0,Dormant Low-Value
12362,10,4737.2300000000005,2197,200,Belgium,3,295,473.72300000000007,True,31.88888888888889,5,5,5,15,Champions,2,High-Value Loyal
12363,2,552.0,408,23,Unspecified,109,242,276.0,True,132.0,2,2,3,7,Lost,0,Dormant Low-Value
12364,4,1208.1,1499,69,Belgium,7,112,302.025,True,34.333333333333336,5,4,4,13,Champions,3,Active Mid-Value
12365,1,320.69,173,21,Cyprus,291,291,320.69,False,,1,1,2,4,Lost,0,Dormant Low-Value
12367,1,150.9,172,10,Denmark,4,4,150.9,False,,5,1,1,7,New / Promising,3,Active Mid-Value
12370,4,3421.94,2349,142,Cyprus,51,360,855.485,True,102.66666666666667,3,4,5,12,Loyal,1,Lapsing Mid-Value
12371,1,1527.96,582,62,Switzerland,59,59,1527.96,False,,3,1,4,8,Needs Attention,1,Lapsing Mid-Value
12372,3,1196.04,788,33,Denmark,71,296,398.68,True,112.0,3,3,4,10,Loyal,1,Lapsing Mid-Value
12373,1,324.6,196,13,Austria,311,311,324.6,False,,1,1,2,4,Lost,0,Dormant Low-Value
12374,1,622.9300000000001,339,32,Austria,25,25,622.9300000000001,False,,4,1,3,8,New / Promising,3,Active Mid-Value
12375,2,377.5,176,13,Finland,10,98,188.75,True,87.0,5,2,2,9,New / Promising,3,Active Mid-Value
12377,2,1548.1200000000001,942,71,Switzerland,315,354,774.0600000000001,True,39.0,1,2,4,7,Lost,1,Lapsing Mid-Value
12378,1,4008.62,2529,219,Switzerland,129,129,4008.62,False,,2,1,5,8,Lost,1,Lapsing Mid-Value
12379,2,777.24,402,38,Belgium,81,170,388.62,True,88.0,2,2,3,7,Lost,1,Lapsing Mid-Value
12380,4,2427.81,1110,76,Belgium,21,185,606.9525,True,54.0,4,4,5,13,Champions,1,Lapsing Mid-Value
12381,3,1474.81,797,69,Norway,4,119,491.6033333333333,True,57.0,5,3,4,12,Loyal,3,Active Mid-Value
12383,5,1628.56,1518,83,Belgium,184,352,325.712,True,41.25,1,4,4,9,At Risk,1,Lapsing Mid-Value
12384,2,425.27000000000004,122,25,Switzerland,28,121,212.63500000000002,True,92.0,4,2,2,8,New / Promising,3,Active Mid-Value
12386,2,401.9,354,10,Australia,337,366,200.95,True,29.0,1,2,2,5,Lost,0,Dormant Low-Value
12388,6,2780.6600000000003,1462,57,Australia,15,326,463.4433333333334,True,61.8,4,5,5,14,Champions,2,High-Value Loyal
12390,1,504.84000000000003,350,31,Belgium,79,79,504.84000000000003,False,,2,1,3,6,Lost,0,Dormant Low-Value
12391,1,439.66,293,92,Cyprus,21,21,439.66,False,,4,1,2,7,New / Promising,3,Active Mid-Value
12393,4,1582.6000000000001,816,47,Australia,72,332,395.65000000000003,True,86.33333333333333,2,4,4,10,At Risk,1,Lapsing Mid-Value
12394,2,1080.48,808,25,Belgium,63,217,540.24,True,153.0,3,2,4,9,Needs Attention,1,Lapsing Mid-Value
12395,12,2682.63,2097,90,Belgium,19,371,223.5525,True,31.454545454545453,4,5,5,14,Champions,2,High-Value Loyal
12397,2,2214.9,1250,109,Belgium,35,135,1107.45,True,99.0,3,2,5,10,Needs Attention,1,Lapsing Mid-Value
12398,1,1435.66,1389,84,Switzerland,45,45,1435.66,False,,3,1,4,8,Needs Attention,1,Lapsing Mid-Value
12399,4,1033.65,1173,46,Belgium,119,261,258.4125,True,47.333333333333336,2,4,4,10,At Risk,1,Lapsing Mid-Value
12401,1,69.3,10,4,Belgium,303,303,69.3,False,,1,1,1,3,Lost,0,Dormant Low-Value
12402,1,195.6,92,10,Belgium,323,323,195.6,False,,1,1,1,3,Lost,0,Dormant Low-Value
12403,1,391.7,94,4,Denmark,49,49,391.7,False,,3,1,2,6,Needs Attention,0,Dormant Low-Value
12405,1,1390.39,849,53,Finland,148,148,1390.39,False,,2,1,4,7,Lost,0,Dormant Low-Value
12406,2,3415.3,1818,92,Denmark,22,183,1707.65,True,161.0,4,2,5,11,New / Promising,1,Lapsing Mid-Value
12407,5,1507.12,1403,56,Belgium,49,264,301.424,True,53.0,3,4,4,11,Loyal,1,Lapsing Mid-Value
12408,5,2618.55,1391,80,Belgium,32,260,523.71,True,56.5,4,4,5,13,Champions,1,Lapsing Mid-Value
12409,3,11072.67,5551,91,Switzerland,78,182,3690.89,True,51.5,2,3,5,10,Hibernating,1,Lapsing Mid-Value
12410,2,533.33,207,25,Switzerland,308,308,266.665,True,0.0,1,2,3,6,Lost,0,Dormant Low-Value
12412,3,1142.88,824,42,Denmark,74,169,380.96000000000004,True,46.5,2,3,4,9,Hibernating,1,Lapsing Mid-Value
12413,3,686.1,282,28,France,66,337,228.70000000000002,True,134.5,3,3,3,9,Loyal,1,Lapsing Mid-Value
12414,3,442.41,297,15,Austria,217,310,147.47,True,46.0,1,3,2,6,Hibernating,0,Dormant Low-Value
12415,20,124564.53,77373,443,Australia,24,337,6228.2265,True,15.947368421052632,4,5,5,14,Champions,2,High-Value Loyal
12417,9,3226.1,1527,157,Belgium,3,357,358.4555555555555,True,43.75,5,5,5,15,Champions,2,High-Value Loyal
12418,1,668.58,407,34,Switzerland,112,112,668.58,False,,2,1,3,6,Lost,0,Dormant Low-Value
12420,1,600.39,345,29,Cyprus,63,63,600.39,False,,3,1,3,7,Needs Attention,0,Dormant Low-Value
12421,4,639.04,478,31,Spain,15,319,159.76,True,100.33333333333333,4,4,3,11,Champions,3,Active Mid-Value
12422,3,683.5600000000001,367,38,Australia,95,324,227.85333333333335,True,114.0,2,3,3,8,Hibernating,1,Lapsing Mid-Value
12423,8,1634.31,1324,96,Belgium,0,353,204.28875,True,49.857142857142854,5,5,4,14,Champions,2,High-Value Loyal
12424,2,1760.96,740,30,Australia,162,162,880.48,True,0.0,2,2,4,8,Lost,1,Lapsing Mid-Value
12425,1,777.2,496,36,Portugal,78,78,777.2,False,,2,1,3,6,Lost,0,Dormant Low-Value
12426,1,510.73,254,29,Germany,194,194,510.73,False,,1,1,3,5,Lost,0,Dormant Low-Value
12427,3,699.8000000000001,526,25,Germany,21,371,233.26666666666668,True,174.5,4,3,3,10,Loyal,3,Active Mid-Value
12428,8,6405.26,3509,256,Finland,25,283,800.6575,True,36.57142857142857,4,5,5,14,Champions,2,High-Value Loyal
12429,4,3388.4,1538,81,Denmark,9,365,847.1,True,118.33333333333333,5,4,5,14,Champions,2,High-Value Loyal
12430,1,216.4,116,10,Norway,43,43,216.4,False,,3,1,1,5,Needs Attention,0,Dormant Low-Value
12431,15,6314.95,2889,162,Australia,35,373,420.99666666666667,True,23.714285714285715,3,5,5,13,Loyal,2,High-Value Loyal
12432,4,4359.32,1800,106,Norway,42,172,1089.83,True,43.0,3,4,5,12,Loyal,1,Lapsing Mid-Value
12433,7,13375.87,11071,219,Norway,0,373,1910.8385714285716,True,61.666666666666664,5,5,5,15,Champions,2,High-Value Loyal
12434,2,806.14,394,46,Australia,84,260,403.07,True,175.0,2,2,3,7,Lost,1,Lapsing Mid-Value
12435,2,7829.89,2055,31,Denmark,79,267,3914.945,True,188.0,2,2,5,9,Lost,1,Lapsing Mid-Value
12436,1,429.01,209,15,Norway,99,99,429.01,False,,2,1,2,5,Lost,0,Dormant Low-Value
12437,18,4447.41,2894,117,France,1,331,247.07833333333332,True,18.941176470588236,5,5,5,15,Champions,2,High-Value Loyal
12438,2,2466.85,1169,83,Norway,14,140,1233.425,True,125.0,5,2,5,12,New / Promising,1,Lapsing Mid-Value
12441,1,155.55,120,10,France,366,366,155.55,False,,1,1,1,3,Lost,0,Dormant Low-Value
12442,1,144.06,181,11,Spain,3,3,144.06,False,,5,1,1,7,New / Promising,3,Active Mid-Value
12444,5,4085.46,1130,137,Norway,21,171,817.092,True,37.25,4,4,5,13,Champions,1,Lapsing Mid-Value
12445,1,77.4,60,3,Spain,22,22,77.4,False,,4,1,1,6,New / Promising,3,Active Mid-Value
12446,1,1002.3100000000001,351,57,RSA,57,57,1002.3100000000001,False,,3,1,4,8,Needs Attention,0,Dormant Low-Value
12447,1,431.49,187,25,Belgium,243,243,431.49,False,,1,1,2,4,Lost,0,Dormant Low-Value
12448,1,365.45,240,21,Spain,44,44,365.45,False,,3,1,2,6,Needs Attention,0,Dormant Low-Value
12449,4,3596.29,1523,117,Belgium,22,187,899.0725,True,54.333333333333336,4,4,5,13,Champions,1,Lapsing Mid-Value
12450,2,197.88,128,7,Spain,156,173,98.94,True,17.0,2,2,1,5,Lost,0,Dormant Low-Value
12451,5,8995.52,6574,264,Switzerland,10,324,1799.104,True,77.75,5,4,5,14,Champions,2,High-Value Loyal
12452,1,348.57,181,20,Switzerland,16,16,348.57,False,,4,1,2,7,New / Promising,3,Active Mid-Value
12453,1,707.09,473,43,Austria,134,134,707.09,False,,2,1,3,6,Lost,0,Dormant Low-Value
12454,1,3528.34,1006,15,Spain,56,56,3528.34,False,,3,1,5,9,Needs Attention,1,Lapsing Mid-Value
12455,5,2339.86,2084,84,Spain,73,296,467.97200000000004,True,55.5,2,4,5,11,At Risk,1,Lapsing Mid-Value
12456,3,2581.04,1618,104,Switzerland,44,254,860.3466666666667,True,104.5,3,3,5,11,Loyal,1,Lapsing Mid-Value
12457,6,2043.23,835,52,Switzerland,66,239,340.53833333333336,True,34.0,3,5,5,13,Loyal,1,Lapsing Mid-Value
12458,2,787.4,502,34,Switzerland,71,284,393.7,True,213.0,3,2,3,8,Needs Attention,1,Lapsing Mid-Value
12461,1,626.88,282,34,Switzerland,154,154,626.88,False,,2,1,3,6,Lost,0,Dormant Low-Value
12462,2,937.59,527,50,Spain,18,303,468.795,True,284.0,4,2,4,10,New / Promising,3,Active Mid-Value
12463,4,1200.78,768,64,Belgium,53,241,300.195,True,62.0,3,4,4,11,Loyal,1,Lapsing Mid-Value
12464,8,957.05,95,5,Belgium,10,309,119.63125,True,42.285714285714285,5,5,4,14,Champions,2,High-Value Loyal
12465,2,682.19,475,45,Belgium,17,169,341.095,True,152.0,4,2,3,9,New / Promising,3,Active Mid-Value
12468,2,657.5400000000001,362,35,Germany,187,316,328.77000000000004,True,128.0,1,2,3,6,Lost,0,Dormant Low-Value
12471,27,17388.65,8092,148,Germany,2,364,644.0240740740742,True,13.576923076923077,5,5,5,15,Champions,2,High-Value Loyal
12472,7,6068.11,4120,218,Germany,32,369,866.8728571428571,True,55.666666666666664,4,5,5,14,Champions,2,High-Value Loyal
12473,3,2585.73,2394,138,Germany,53,191,861.91,True,68.5,3,3,5,11,Loyal,1,Lapsing Mid-Value
12474,18,6694.09,4798,252,Germany,17,329,371.8938888888889,True,17.823529411764707,4,5,5,14,Champions,2,High-Value Loyal
12475,1,669.38,532,35,Germany,53,53,669.38,False,,3,1,3,7,Needs Attention,0,Dormant Low-Value
12476,11,5898.42,2357,176,Germany,15,361,536.22,True,34.1,4,5,5,14,Champions,2,High-Value Loyal
12477,6,13219.74,3653,191,Germany,22,301,2203.29,True,55.4,4,5,5,14,Champions,2,High-Value Loyal
12478,1,545.99,233,35,Greece,3,3,545.99,False,,5,1,3,9,New / Promising,3,Active Mid-Value
12479,1,473.2,382,30,Germany,11,11,473.2,False,,5,1,2,8,New / Promising,3,Active Mid-Value
12480,4,2885.63,1685,128,Germany,28,336,721.4075,True,102.33333333333333,4,4,5,13,Champions,1,Lapsing Mid-Value
12481,10,5003.82,3262,149,Germany,22,365,500.38199999999995,True,37.666666666666664,4,5,5,14,Champions,2,High-Value Loyal
12483,8,1910.98,1094,45,Sweden,17,339,238.8725,True,45.285714285714285,4,5,4,13,Champions,2,High-Value Loyal
12484,4,3939.32,2166,255,Spain,35,336,984.83,True,100.0,3,4,5,12,Loyal,1,Lapsing Mid-Value
12488,3,1244.66,526,45,France,9,75,414.8866666666667,True,32.5,5,3,4,12,Loyal,3,Active Mid-Value
12489,1,298.93,103,14,France,336,336,298.93,False,,1,1,2,4,Lost,0,Dormant Low-Value
12490,10,4859.93,3033,130,France,5,329,485.99300000000005,True,35.666666666666664,5,5,5,15,Champions,2,High-Value Loyal
12491,1,424.40000000000003,258,24,France,38,38,424.40000000000003,False,,3,1,2,6,Needs Attention,3,Active Mid-Value
12492,2,227.21,190,18,Germany,63,105,113.605,True,42.0,3,2,1,6,Needs Attention,0,Dormant Low-Value
12493,2,379.74,204,18,France,165,197,189.87,True,31.0,2,2,2,6,Lost,0,Dormant Low-Value
12494,7,1084.1,698,62,France,15,365,154.87142857142857,True,57.666666666666664,4,5,4,13,Champions,1,Lapsing Mid-Value
12497,1,953.1,1231,13,Germany,81,81,953.1,False,,2,1,4,7,Lost,0,Dormant Low-Value
12498,3,349.70000000000005,156,20,Germany,21,57,116.56666666666668,True,18.0,4,3,2,9,Loyal,3,Active Mid-Value
12500,11,4059.8199999999997,2667,33,Germany,23,333,369.07454545454544,True,30.7,4,5,5,14,Champions,2,High-Value Loyal
12501,1,2025.39,1775,148,Germany,336,336,2025.39,False,,1,1,5,7,Lost,0,Dormant Low-Value
12502,5,2995.87,794,101,Spain,95,309,599.174,True,53.25,2,4,5,11,At Risk,1,Lapsing Mid-Value
12504,2,428.04999999999995,87,5,Germany,18,30,214.02499999999998,True,12.0,4,2,2,8,New / Promising,3,Active Mid-Value
12506,1,73.5,23,23,France,232,232,73.5,False,,1,1,1,3,Lost,0,Dormant Low-Value
12507,3,1052.81,885,18,Spain,134,298,350.93666666666667,True,82.0,2,3,4,9,Hibernating,1,Lapsing Mid-Value
12508,2,397.88,271,57,France,26,29,198.94,True,2.0,4,2,2,8,New / Promising,3,Active Mid-Value
12509,1,158.5,54,6,France,284,284,158.5,False,,1,1,1,3,Lost,0,Dormant Low-Value
12510,2,814.5699999999999,347,28,Spain,142,325,407.28499999999997,True,182.0,2,2,3,7,Lost,0,Dormant Low-Value
12512,2,132.18,96,31,Israel,66,66,66.09,True,0.0,3,2,1,6,Needs Attention,0,Dormant Low-Value
12513,1,558.29,459,34,France,112,112,558.29,False,,2,1,3,6,Lost,0,Dormant Low-Value
12514,1,1017.6800000000001,440,51,Italy,267,267,1017.6800000000001,False,,1,1,4,6,Lost,0,Dormant Low-Value
12515,1,278.7,128,15,Italy,353,353,278.7,False,,1,1,2,4,Lost,0,Dormant Low-Value
12516,2,1186.06,868,19,Germany,77,180,593.03,True,102.0,2,2,4,8,Lost,1,Lapsing Mid-Value
12517,4,2301.6,1351,231,Germany,28,190,575.4,True,53.333333333333336,4,4,5,13,Champions,1,Lapsing Mid-Value
12518,5,1840.89,1306,83,Germany,0,110,368.178,True,27.0,5,4,4,13,Champions,2,High-Value Loyal
12519,1,276.84000000000003,172,16,Germany,63,63,276.84000000000003,False,,3,1,2,6,Needs Attention,0,Dormant Low-Value
12520,5,2346.26,1423,120,Germany,79,273,469.25200000000007,True,48.25,2,4,5,11,At Risk,1,Lapsing Mid-Value
12521,1,545.68,306,37,Germany,142,142,545.68,False,,2,1,3,6,Lost,0,Dormant Low-Value
12522,2,156.72,192,10,Germany,39,51,78.36,True,12.0,3,2,1,6,Needs Attention,0,Dormant Low-Value
12523,11,1699.77,860,83,France,19,331,154.52454545454546,True,30.8,4,5,4,13,Champions,2,High-Value Loyal
12524,8,3945.7200000000003,3669,112,Germany,9,333,493.21500000000003,True,45.857142857142854,5,5,5,15,Champions,2,High-Value Loyal
12526,3,1172.66,624,63,Germany,0,94,390.8866666666667,True,46.5,5,3,4,12,Loyal,3,Active Mid-Value
12527,3,330.71000000000004,233,17,Germany,81,325,110.23666666666668,True,121.5,2,3,2,7,Hibernating,0,Dormant Low-Value
12528,6,1645.48,740,49,Germany,9,312,274.24666666666667,True,60.4,5,5,4,14,Champions,2,High-Value Loyal
12530,4,1500.28,904,50,Germany,59,336,375.07,True,92.0,3,4,4,11,Loyal,1,Lapsing Mid-Value
12531,1,125.22,45,17,Germany,14,14,125.22,False,,5,1,1,7,New / Promising,3,Active Mid-Value
12532,1,313.83000000000004,151,15,France,30,30,313.83000000000004,False,,4,1,2,7,New / Promising,3,Active Mid-Value
12534,1,981.18,645,62,Germany,130,130,981.18,False,,2,1,4,7,Lost,0,Dormant Low-Value
12535,2,716.35,219,28,France,91,186,358.175,True,94.0,2,2,3,7,Lost,0,Dormant Low-Value
12536,1,4279.71,2801,259,France,59,59,4279.71,False,,3,1,5,9,Needs Attention,1,Lapsing Mid-Value
12538,1,363.95,191,21,Spain,29,29,363.95,False,,4,1,2,7,New / Promising,3,Active Mid-Value
12539,4,5568.35,2067,157,Spain,22,333,1392.0875,True,103.33333333333333,4,4,5,13,Champions,1,Lapsing Mid-Value
12540,17,11580.24,6620,276,Spain,19,361,681.1905882352941,True,20.875,4,5,5,14,Champions,2,High-Value Loyal
12541,3,841.18,675,45,Spain,29,280,280.3933333333333,True,125.0,4,3,3,10,Loyal,1,Lapsing Mid-Value
12544,1,316.7,134,18,Spain,36,36,316.7,False,,3,1,2,6,Needs Attention,3,Active Mid-Value
12545,2,832.39,517,41,Spain,75,259,416.195,True,184.0,2,2,3,7,Lost,1,Lapsing Mid-Value
12546,2,1021.5,628,58,Spain,46,77,510.75,True,31.0,3,2,4,9,Needs Attention,1,Lapsing Mid-Value
12547,2,151.8,132,6,Spain,197,280,75.9,True,82.0,1,2,1,4,Lost,0,Dormant Low-Value
12548,1,67.19999999999999,48,4,Spain,166,166,67.19999999999999,False,,2,1,1,4,Lost,0,Dormant Low-Value
12550,1,824.83,564,56,Spain,79,79,824.83,False,,2,1,3,6,Lost,0,Dormant Low-Value
12551,1,168.0,100,10,Spain,357,357,168.0,False,,1,1,1,3,Lost,0,Dormant Low-Value
12552,1,317.82,85,19,Italy,39,39,317.82,False,,3,1,2,6,Needs Attention,0,Dormant Low-Value
12553,10,3278.28,1942,94,France,8,329,327.82800000000003,True,35.22222222222222,5,5,5,15,Champions,2,High-Value Loyal
12556,2,599.56,355,100,Spain,50,151,299.78,True,100.0,3,2,3,8,Needs Attention,1,Lapsing Mid-Value
12557,5,11990.960000000001,4384,15,Spain,16,371,2398.192,True,88.25,4,4,5,13,Champions,2,High-Value Loyal
12558,1,269.96,196,11,USA,7,7,269.96,False,,5,1,2,8,New / Promising,3,Active Mid-Value
12559,2,525.71,281,20,Germany,310,319,262.855,True,8.0,1,2,3,6,Lost,0,Dormant Low-Value
12560,2,1918.01,1098,90,Germany,5,143,959.005,True,137.0,5,2,4,11,New / Promising,3,Active Mid-Value
12561,1,238.85,177,16,Germany,302,302,238.85,False,,1,1,1,3,Lost,0,Dormant Low-Value
12562,7,3385.7400000000002,1757,98,France,8,198,483.6771428571429,True,31.333333333333332,5,5,5,15,Champions,2,High-Value Loyal
12564,1,402.90000000000003,130,20,France,261,261,402.90000000000003,False,,1,1,2,4,Lost,0,Dormant Low-Value
12565,1,145.92000000000002,80,9,Saudi Arabia,288,288,145.92000000000002,False,,1,1,1,3,Lost,0,Dormant Low-Value
12566,1,297.65,262,18,Germany,86,86,297.65,False,,2,1,2,5,Lost,0,Dormant Low-Value
12567,10,8609.28,4261,322,France,22,369,860.9280000000001,True,38.111111111111114,4,5,5,14,Champions,2,High-Value Loyal
12569,32,3152.69,1747,91,Germany,2,252,98.5215625,True,7.645161290322581,5,5,5,15,Champions,2,High-Value Loyal
12571,2,519.61,523,31,France,39,121,259.805,True,81.0,3,2,3,8,Needs Attention,3,Active Mid-Value
12572,2,912.4200000000001,446,52,Germany,8,51,456.21000000000004,True,43.0,5,2,3,10,New / Promising,3,Active Mid-Value
12573,1,160.54000000000002,84,26,France,227,227,160.54000000000002,False,,1,1,1,3,Lost,0,Dormant Low-Value
12574,1,182.45000000000002,59,10,France,315,315,182.45000000000002,False,,1,1,1,3,Lost,0,Dormant Low-Value
12576,5,1315.83,967,72,Poland,35,304,263.166,True,67.0,3,4,4,11,Loyal,1,Lapsing Mid-Value
12577,3,622.65,468,136,France,35,359,207.54999999999998,True,161.5,3,3,3,9,Loyal,1,Lapsing Mid-Value
12578,2,2402.51,1182,110,Italy,21,330,1201.255,True,308.0,4,2,5,11,New / Promising,1,Lapsing Mid-Value
12579,1,386.42,282,28,France,78,78,386.42,False,,2,1,2,5,Lost,0,Dormant Low-Value
12580,1,379.7,236,23,Germany,246,246,379.7,False,,1,1,2,4,Lost,0,Dormant Low-Value
12581,1,179.71,160,14,Germany,39,39,179.71,False,,3,1,1,5,Needs Attention,0,Dormant Low-Value
12582,2,351.36,296,20,Finland,238,288,175.68,True,49.0,1,2,2,5,Lost,0,Dormant Low-Value
12583,15,6705.38,5028,114,France,2,373,447.0253333333333,True,26.0,5,5,5,15,Champions,2,High-Value Loyal
12584,9,2254.15,413,43,Italy,3,280,250.4611111111111,True,34.0,5,5,5,15,Champions,2,High-Value Loyal
12585,2,1824.1,1267,76,Germany,234,351,912.05,True,117.0,1,2,4,7,Lost,1,Lapsing Mid-Value
12586,1,196.94000000000003,79,11,Italy,17,17,196.94000000000003,False,,4,1,1,6,New / Promising,3,Active Mid-Value
12587,1,104.0,50,3,Finland,7,7,104.0,False,,5,1,1,7,New / Promising,3,Active Mid-Value
12588,1,174.89999999999998,52,9,Finland,39,39,174.89999999999998,False,,3,1,1,5,Needs Attention,0,Dormant Low-Value
12589,2,574.68,302,28,France,28,144,287.34,True,115.0,4,2,3,9,New / Promising,3,Active Mid-Value
12590,1,9341.26,4282,67,Germany,211,211,9341.26,False,,1,1,5,7,Lost,1,Lapsing Mid-Value
12591,1,368.85,225,25,Italy,317,317,368.85,False,,1,1,2,4,Lost,0,Dormant Low-Value
12592,2,401.6,288,10,Germany,92,213,200.8,True,121.0,2,2,2,6,Lost,0,Dormant Low-Value
12593,3,382.1,204,13,France,108,218,127.36666666666667,True,55.0,2,3,2,7,Hibernating,0,Dormant Low-Value
12594,9,3208.2200000000003,1772,49,Italy,37,322,356.4688888888889,True,35.125,3,5,5,13,Loyal,2,High-Value Loyal
12596,2,450.27,468,24,Spain,51,242,225.135,True,190.0,3,2,2,7,Needs Attention,0,Dormant Low-Value
12597,4,3195.22,2214,183,Spain,19,268,798.805,True,82.66666666666667,4,4,5,13,Champions,1,Lapsing Mid-Value
12598,7,2807.08,1952,83,France,9,284,401.01142857142855,True,45.333333333333336,5,5,5,15,Champions,2,High-Value Loyal
12599,7,888.58,948,31,France,29,304,126.94000000000001,True,45.333333333333336,4,5,3,12,Champions,1,Lapsing Mid-Value
12600,10,2311.04,758,31,Germany,28,371,231.10399999999998,True,37.666666666666664,4,5,5,14,Champions,2,High-Value Loyal
12601,5,487.06,240,20,Germany,189,332,97.412,True,35.25,1,4,3,8,At Risk,1,Lapsing Mid-Value
12602,1,153.12,162,12,France,58,58,153.12,False,,3,1,1,5,Needs Attention,0,Dormant Low-Value
12603,1,613.1999999999999,56,1,Germany,21,21,613.1999999999999,False,,4,1,3,8,New / Promising,3,Active Mid-Value
12604,2,236.18,200,14,France,79,261,118.09,True,182.0,2,2,1,5,Lost,0,Dormant Low-Value
12607,1,1579.51,1228,101,USA,60,60,1579.51,False,,3,1,4,8,Needs Attention,1,Lapsing Mid-Value
12609,3,964.85,639,56,Germany,78,318,321.6166666666667,True,120.0,2,3,4,9,Hibernating,1,Lapsing Mid-Value
12610,4,1747.54,1039,84,Italy,22,126,436.885,True,34.0,4,4,4,12,Champions,1,Lapsing Mid-Value
12611,1,1193.32,846,65,Italy,52,52,1193.32,False,,3,1,4,8,Needs Attention,1,Lapsing Mid-Value
12612,1,668.04,260,18,Germany,74,74,668.04,False,,2,1,3,6,Lost,0,Dormant Low-Value
12613,4,3092.38,1630,123,Germany,57,262,773.095,True,68.0,3,4,5,12,Loyal,1,Lapsing Mid-Value
12614,1,315.6,76,20,Germany,277,277,315.6,False,,1,1,2,4,Lost,0,Dormant Low-Value
12615,4,2093.19,1365,81,France,2,168,523.2975,True,55.0,5,4,5,14,Champions,2,High-Value Loyal
12616,2,641.3,280,24,France,95,297,320.65,True,202.0,2,2,3,7,Lost,0,Dormant Low-Value
12617,1,352.98,210,39,France,29,29,352.98,False,,4,1,2,7,New / Promising,3,Active Mid-Value
12618,1,137.31,95,10,Italy,21,21,137.31,False,,4,1,1,6,New / Promising,3,Active Mid-Value
12619,8,2945.56,3360,48,Germany,16,253,368.195,True,33.57142857142857,4,5,5,14,Champions,2,High-Value Loyal
12620,3,1303.41,1179,88,France,14,204,434.47,True,94.5,5,3,4,12,Loyal,1,Lapsing Mid-Value
12621,20,12411.67,7369,260,Germany,1,365,620.5835,True,18.63157894736842,5,5,5,15,Champions,2,High-Value Loyal
12622,1,162.1,68,10,Germany,232,232,162.1,False,,1,1,1,3,Lost,0,Dormant Low-Value
12623,1,269.1,189,17,Germany,276,276,269.1,False,,1,1,2,4,Lost,0,Dormant Low-Value
12624,2,569.13,351,35,France,106,177,284.565,True,71.0,2,2,3,7,Lost,0,Dormant Low-Value
12625,2,2413.82,1597,72,Germany,211,319,1206.91,True,107.0,1,2,5,8,Lost,1,Lapsing Mid-Value
12626,9,5954.4800000000005,3416,231,Germany,23,326,661.6088888888889,True,37.5,4,5,5,14,Champions,2,High-Value Loyal
12627,6,4082.53,2730,161,Germany,10,140,680.4216666666667,True,25.4,5,5,5,15,Champions,2,High-Value Loyal
12628,3,732.46,445,33,Germany,4,64,244.15333333333334,True,29.5,5,3,3,11,Loyal,3,Active Mid-Value
12630,2,1030.88,542,59,Finland,9,43,515.44,True,34.0,5,2,4,11,New / Promising,3,Active Mid-Value
12631,1,480.5,232,30,Finland,57,57,480.5,False,,3,1,2,6,Needs Attention,0,Dormant Low-Value
12633,4,1929.98,1149,72,Germany,58,287,482.495,True,76.0,3,4,4,11,Loyal,1,Lapsing Mid-Value
12635,2,1509.18,1162,95,Germany,89,154,754.59,True,65.0,2,2,4,8,Lost,1,Lapsing Mid-Value
12637,8,5804.9,2983,204,France,67,323,725.6125,True,36.285714285714285,3,5,5,13,Loyal,1,Lapsing Mid-Value
12638,1,511.69,573,38,Sweden,33,33,511.69,False,,3,1,3,7,Needs Attention,3,Active Mid-Value
12639,1,366.1,198,21,Sweden,238,238,366.1,False,,1,1,2,4,Lost,0,Dormant Low-Value
12640,3,994.58,301,46,France,23,81,331.5266666666667,True,28.5,4,3,4,11,Loyal,1,Lapsing Mid-Value
12641,1,145.9,71,9,Sweden,115,115,145.9,False,,2,1,1,4,Lost,0,Dormant Low-Value
12642,3,905.26,546,38,Germany,25,107,301.75333333333333,True,41.0,4,3,3,10,Loyal,1,Lapsing Mid-Value
12643,6,3041.64,1788,10,France,128,332,506.94,True,40.4,2,5,5,12,At Risk,1,Lapsing Mid-Value
12644,1,477.90999999999997,325,31,Germany,129,129,477.90999999999997,False,,2,1,2,5,Lost,0,Dormant Low-Value
12645,4,1631.18,1076,57,Germany,33,316,407.795,True,93.66666666666667,3,4,4,11,Loyal,1,Lapsing Mid-Value
12646,2,1346.97,897,43,USA,4,49,673.485,True,44.0,5,2,4,11,New / Promising,3,Active Mid-Value
12647,12,3146.82,1399,77,Germany,22,369,262.235,True,30.90909090909091,4,5,5,14,Champions,2,High-Value Loyal
12648,1,300.05,159,20,Germany,154,154,300.05,False,,2,1,2,5,Lost,0,Dormant Low-Value
12649,3,569.51,583,27,Germany,107,212,189.83666666666667,True,52.5,2,3,3,8,Hibernating,1,Lapsing Mid-Value
12650,1,242.44,250,19,France,3,3,242.44,False,,5,1,1,7,New / Promising,3,Active Mid-Value
12651,1,114.0,78,9,France,334,334,114.0,False,,1,1,1,3,Lost,0,Dormant Low-Value
12652,1,793.98,498,47,France,331,331,793.98,False,,1,1,3,5,Lost,0,Dormant Low-Value
12653,2,2209.85,919,37,Israel,148,296,1104.925,True,147.0,2,2,5,9,Lost,1,Lapsing Mid-Value
12654,5,529.98,260,30,Germany,10,295,105.99600000000001,True,70.75,5,4,3,12,Champions,3,Active Mid-Value
12656,5,3619.17,1699,88,France,17,233,723.8340000000001,True,53.75,4,4,5,13,Champions,1,Lapsing Mid-Value
12657,4,1427.18,1032,34,France,11,78,356.795,True,22.0,5,4,4,13,Champions,1,Lapsing Mid-Value
12658,1,632.05,317,35,Germany,18,18,632.05,False,,4,1,3,8,New / Promising,3,Active Mid-Value
12659,1,73.67999999999999,104,4,France,29,29,73.67999999999999,False,,4,1,1,6,New / Promising,0,Dormant Low-Value
12660,1,227.10000000000002,126,12,France,11,11,227.10000000000002,False,,5,1,1,7,New / Promising,3,Active Mid-Value
12662,11,3543.78,2041,128,Germany,0,373,322.1618181818182,True,36.8,5,5,5,15,Champions,2,High-Value Loyal
12664,9,4391.88,1188,9,Finland,8,322,487.9866666666667,True,38.75,5,5,5,15,Champions,2,High-Value Loyal
12665,1,45.0,36,2,Germany,324,324,45.0,False,,1,1,1,3,Lost,0,Dormant Low-Value
12667,1,460.13,391,32,Finland,58,58,460.13,False,,3,1,2,6,Needs Attention,0,Dormant Low-Value
12668,4,3177.15,1599,114,Germany,11,355,794.2875,True,114.33333333333333,5,4,5,14,Champions,1,Lapsing Mid-Value
12669,2,1427.73,1104,96,France,150,256,713.865,True,105.0,2,2,4,8,Lost,1,Lapsing Mid-Value
12670,5,2744.05,1383,57,France,10,232,548.8100000000001,True,55.25,5,4,5,14,Champions,2,High-Value Loyal
12672,1,225.9,78,10,France,329,329,225.9,False,,1,1,1,3,Lost,0,Dormant Low-Value
12673,2,574.52,349,41,Germany,5,326,287.26,True,321.0,5,2,3,10,New / Promising,3,Active Mid-Value
12674,4,1844.6,1126,51,France,38,207,461.15,True,56.333333333333336,3,4,4,11,Loyal,1,Lapsing Mid-Value
12676,6,1091.39,664,32,Sweden,24,311,181.89833333333334,True,56.8,4,5,4,13,Champions,1,Lapsing Mid-Value
12678,9,16331.46,10900,103,France,42,353,1814.6066666666666,True,38.125,3,5,5,13,Loyal,2,High-Value Loyal
12679,4,951.02,545,42,France,58,283,237.755,True,74.33333333333333,3,4,4,11,Loyal,1,Lapsing Mid-Value
12680,4,790.81,439,32,France,0,113,197.7025,True,37.0,5,4,3,12,Champions,3,Active Mid-Value
12681,22,12365.54,7457,266,France,14,367,562.07,True,16.285714285714285,5,5,5,15,Champions,2,High-Value Loyal
12682,31,11019.82,5485,208,France,3,371,355.478064516129,True,11.766666666666667,5,5,5,15,Champions,2,High-Value Loyal
12683,14,7612.57,4934,176,France,4,365,543.755,True,27.46153846153846,5,5,5,15,Champions,2,High-Value Loyal
12684,6,2073.63,1973,59,France,7,213,345.605,True,40.6,5,5,5,15,Champions,2,High-Value Loyal
12685,6,2575.08,1507,116,France,28,93,429.18,True,12.6,4,5,5,14,Champions,1,Lapsing Mid-Value
12686,1,71.14,106,6,France,371,371,71.14,False,,1,1,1,3,Lost,0,Dormant Low-Value
12688,1,4873.81,3028,171,Israel,113,113,4873.81,False,,2,1,5,8,Lost,1,Lapsing Mid-Value
12689,2,1139.6100000000001,622,56,France,25,127,569.8050000000001,True,101.0,4,2,4,10,New / Promising,1,Lapsing Mid-Value
12690,1,335.01,103,15,France,205,205,335.01,False,,1,1,2,4,Lost,0,Dormant Low-Value
12691,5,927.8,388,20,France,28,357,185.56,True,81.75,4,4,4,12,Champions,1,Lapsing Mid-Value
12693,4,711.91,247,34,Germany,127,319,177.9775,True,63.666666666666664,2,4,3,9,At Risk,1,Lapsing Mid-Value
12694,2,761.67,503,31,France,70,183,380.835,True,112.0,3,2,3,8,Needs Attention,1,Lapsing Mid-Value
12695,4,582.1,220,23,France,7,210,145.525,True,67.0,5,4,3,12,Champions,3,Active Mid-Value
12697,3,757.59,503,36,Sweden,28,169,252.53,True,69.5,4,3,3,10,Loyal,1,Lapsing Mid-Value
12700,4,4525.99,2944,192,France,7,215,1131.4975,True,68.66666666666667,5,4,5,14,Champions,2,High-Value Loyal
12701,2,725.71,674,49,Germany,79,242,362.855,True,162.0,2,2,3,7,Lost,1,Lapsing Mid-Value
12702,1,201.0,52,11,Germany,19,19,201.0,False,,4,1,1,6,New / Promising,3,Active Mid-Value
12703,1,265.55,163,20,Germany,71,71,265.55,False,,3,1,2,6,Needs Attention,0,Dormant Low-Value
12704,8,1740.84,991,63,Finland,7,169,217.605,True,22.571428571428573,5,5,4,14,Champions,2,High-Value Loyal
12705,8,6382.29,3970,227,Germany,15,357,797.78625,True,48.285714285714285,4,5,5,14,Champions,2,High-Value Loyal
12707,1,603.42,256,33,France,291,291,603.42,False,,1,1,3,5,Lost,0,Dormant Low-Value
12708,10,2442.91,1292,85,Germany,29,368,244.291,True,37.111111111111114,4,5,5,14,Champions,2,High-Value Loyal
12709,15,9400.52,3895,92,Germany,15,366,626.7013333333333,True,24.642857142857142,4,5,5,14,Champions,2,High-Value Loyal
12710,3,1023.02,844,74,Germany,96,201,341.00666666666666,True,51.5,2,3,4,9,Hibernating,1,Lapsing Mid-Value
12712,13,3928.13,1036,57,Germany,28,371,302.1638461538462,True,28.0,4,5,5,14,Champions,2,High-Value Loyal
12713,1,794.55,505,37,Germany,0,0,794.55,False,,5,1,3,9,New / Promising,3,Active Mid-Value
12714,5,4294.86,3046,215,France,9,294,858.972,True,70.75,5,4,5,14,Champions,2,High-Value Loyal
12715,1,263.36,190,19,Sweden,106,106,263.36,False,,2,1,2,5,Lost,0,Dormant Low-Value
12716,2,963.49,703,59,France,3,133,481.745,True,129.0,5,2,4,11,New / Promising,3,Active Mid-Value
12717,2,830.98,502,48,Greece,151,245,415.49,True,94.0,2,2,3,7,Lost,0,Dormant Low-Value
12718,1,202.25,201,18,France,71,71,202.25,False,,3,1,1,5,Needs Attention,0,Dormant Low-Value
12719,2,572.95,370,33,France,5,65,286.475,True,59.0,5,2,3,10,New / Promising,3,Active Mid-Value
12720,25,5115.73,4635,210,Germany,2,369,204.62919999999997,True,14.916666666666666,5,5,5,15,Champions,2,High-Value Loyal
12721,6,2386.13,1944,132,France,31,354,397.68833333333333,True,64.0,4,5,5,14,Champions,1,Lapsing Mid-Value
12722,4,979.63,565,49,France,85,150,244.9075,True,21.0,2,4,4,10,At Risk,1,Lapsing Mid-Value
12723,5,707.07,433,52,France,3,65,141.41400000000002,True,15.0,5,4,3,12,Champions,3,Active Mid-Value
12724,4,923.41,439,46,France,5,332,230.8525,True,108.33333333333333,5,4,4,13,Champions,3,Active Mid-Value
12725,1,371.8,162,23,Italy,371,371,371.8,False,,1,1,2,4,Lost,0,Dormant Low-Value
12726,7,2411.1,3132,56,France,28,357,344.4428571428571,True,54.166666666666664,4,5,5,14,Champions,1,Lapsing Mid-Value
12727,7,3440.7000000000003,2068,108,France,10,320,491.52857142857147,True,51.166666666666664,5,5,5,15,Champions,2,High-Value Loyal
12728,4,728.33,413,37,France,71,332,182.0825,True,86.66666666666667,3,4,3,10,Loyal,1,Lapsing Mid-Value
12729,1,417.01,231,25,France,113,113,417.01,False,,2,1,2,5,Lost,0,Dormant Low-Value
12731,12,18751.91,8429,108,France,23,364,1562.6591666666666,True,30.636363636363637,4,5,5,14,Champions,2,High-Value Loyal
12732,1,218.26000000000002,110,11,France,179,179,218.26000000000002,False,,2,1,1,4,Lost,0,Dormant Low-Value
12733,1,383.95,137,22,USA,234,234,383.95,False,,1,1,2,4,Lost,0,Dormant Low-Value
12734,1,110.39999999999999,88,4,France,352,352,110.39999999999999,False,,1,1,1,3,Lost,0,Dormant Low-Value
12735,2,689.5699999999999,363,37,France,315,337,344.78499999999997,True,21.0,1,2,3,6,Lost,0,Dormant Low-Value
12736,1,144.0,168,3,France,332,332,144.0,False,,1,1,1,3,Lost,0,Dormant Low-Value
12738,1,137.35,147,10,Germany,372,372,137.35,False,,1,1,1,3,Lost,0,Dormant Low-Value
12739,1,975.54,485,37,United Arab Emirates,99,99,975.54,False,,2,1,4,7,Lost,0,Dormant Low-Value
12740,1,427.6,342,27,France,63,63,427.6,False,,3,1,2,6,Needs Attention,0,Dormant Low-Value
12743,2,540.13,315,114,Unspecified,134,134,270.065,True,0.0,2,2,3,7,Lost,0,Dormant Low-Value
12744,4,9120.39,5234,177,Singapore,56,318,2280.0975,True,87.0,3,4,5,12,Loyal,1,Lapsing Mid-Value
12747,11,4196.01,1275,42,United Kingdom,2,369,381.4554545454546,True,36.3,5,5,5,15,Champions,2,High-Value Loyal
12748,206,31650.78,25051,1766,United Kingdom,0,373,153.6445631067961,True,1.4585365853658536,5,5,5,15,Champions,2,High-Value Loyal
12749,5,4040.88,1470,159,United Kingdom,3,213,808.176,True,51.75,5,4,5,14,Champions,2,High-Value Loyal
12750,1,275.88,137,15,Poland,128,128,275.88,False,,2,1,2,5,Lost,0,Dormant Low-Value
12752,1,4366.78,2262,53,Norway,81,81,4366.78,False,,2,1,5,8,Lost,1,Lapsing Mid-Value
12753,6,21429.39,11421,132,Japan,22,362,3571.565,True,67.4,4,5,5,14,Champions,2,High-Value Loyal
12754,3,3010.74,6481,49,Japan,235,308,1003.5799999999999,True,36.0,1,3,5,9,Hibernating,1,Lapsing Mid-Value
12755,2,3811.9500000000003,1491,4,Japan,280,365,1905.9750000000001,True,85.0,1,2,5,8,Lost,1,Lapsing Mid-Value
12756,1,112.08,144,4,Japan,86,86,112.08,False,,2,1,1,4,Lost,0,Dormant Low-Value
12757,9,4176.75,2387,235,Portugal,15,211,464.0833333333333,True,23.875,4,5,5,14,Champions,2,High-Value Loyal
12758,2,2791.59,2135,84,Portugal,116,276,1395.795,True,159.0,2,2,5,9,Lost,1,Lapsing Mid-Value
12759,3,1411.44,894,80,Netherlands,52,275,470.48,True,111.5,3,3,4,10,Loyal,1,Lapsing Mid-Value
12762,2,1702.52,1220,61,Portugal,7,25,851.26,True,17.0,5,2,4,11,New / Promising,3,Active Mid-Value
12763,2,494.08,316,16,Japan,138,369,247.04,True,230.0,2,2,3,7,Lost,0,Dormant Low-Value
12764,1,1693.88,386,45,Lebanon,316,316,1693.88,False,,1,1,4,6,Lost,0,Dormant Low-Value
12766,7,6457.63,3627,204,Portugal,3,366,922.5185714285715,True,60.0,5,5,5,15,Champions,2,High-Value Loyal
12769,1,1143.6,356,32,Brazil,238,238,1143.6,False,,1,1,4,6,Lost,0,Dormant Low-Value
12770,1,1351.45,743,12,Japan,210,210,1351.45,False,,1,1,4,6,Lost,0,Dormant Low-Value
12772,1,752.47,551,54,Portugal,59,59,752.47,False,,3,1,3,7,Needs Attention,0,Dormant Low-Value
12775,5,1281.04,870,46,Netherlands,17,311,256.20799999999997,True,73.0,4,4,4,12,Champions,1,Lapsing Mid-Value
12778,6,693.23,817,39,Netherlands,19,312,115.53833333333334,True,58.0,4,5,3,12,Champions,1,Lapsing Mid-Value
12779,8,3981.36,2024,88,Poland,37,371,497.67,True,47.142857142857146,3,5,5,13,Loyal,2,High-Value Loyal
12781,2,786.74,670,24,Czech Republic,63,284,393.37,True,221.0,3,2,3,8,Needs Attention,1,Lapsing Mid-Value
12782,5,1938.92,1072,80,Portugal,4,357,387.784,True,87.5,5,4,4,13,Champions,2,High-Value Loyal
12783,4,1295.8700000000001,611,74,Portugal,2,75,323.96750000000003,True,24.0,5,4,4,13,Champions,3,Active Mid-Value
12784,1,476.82,278,53,Portugal,15,15,476.82,False,,4,1,2,7,New / Promising,3,Active Mid-Value
12785,1,255.95,129,13,Portugal,364,364,255.95,False,,1,1,2,4,Lost,0,Dormant Low-Value
12787,3,418.66,258,16,Netherlands,9,192,139.55333333333334,True,91.0,5,3,2,10,Loyal,3,Active Mid-Value
12789,1,76.85,3,3,Netherlands,65,65,76.85,False,,3,1,1,5,Needs Attention,0,Dormant Low-Value
12790,1,294.92,164,20,Netherlands,192,192,294.92,False,,1,1,2,4,Lost,0,Dormant Low-Value
12791,1,177.60000000000002,96,1,Netherlands,373,373,177.60000000000002,False,,1,1,1,3,Lost,0,Dormant Low-Value
12792,1,344.54,215,24,Portugal,256,256,344.54,False,,1,1,2,4,Lost,0,Dormant Low-Value
12793,2,461.48,292,20,Portugal,334,371,230.74,True,36.0,1,2,2,5,Lost,0,Dormant Low-Value
12794,2,860.41,592,43,Portugal,53,98,430.205,True,45.0,3,2,3,8,Needs Attention,1,Lapsing Mid-Value
12795,1,318.48,64,13,Portugal,18,18,318.48,False,,4,1,2,7,New / Promising,3,Active Mid-Value
12797,1,226.03,117,12,Portugal,365,365,226.03,False,,1,1,1,3,Lost,0,Dormant Low-Value
12798,3,6977.04,5256,6,Japan,10,170,2325.68,True,80.0,5,3,5,13,Loyal,2,High-Value Loyal
12802,1,397.58,312,24,Netherlands,186,186,397.58,False,,1,1,2,4,Lost,0,Dormant Low-Value
12808,3,455.65000000000003,187,26,Portugal,36,368,151.88333333333335,True,165.5,3,3,2,8,Loyal,3,Active Mid-Value
12809,1,405.31,217,24,Portugal,177,177,405.31,False,,2,1,2,5,Lost,0,Dormant Low-Value
12811,2,458.85,227,26,Portugal,261,284,229.425,True,22.0,1,2,2,5,Lost,0,Dormant Low-Value
12812,1,229.64000000000001,164,15,Japan,44,44,229.64000000000001,False,,3,1,1,5,Needs Attention,0,Dormant Low-Value
12814,1,85.92,48,1,Poland,101,101,85.92,False,,2,1,1,4,Lost,0,Dormant Low-Value
12815,2,863.46,374,37,Poland,147,198,431.73,True,50.0,2,2,3,7,Lost,0,Dormant Low-Value
12816,2,452.2,125,26,Poland,95,176,226.1,True,80.0,2,2,2,6,Lost,0,Dormant Low-Value
12817,1,126.04,52,3,Austria,281,281,126.04,False,,1,1,1,3,Lost,0,Dormant Low-Value
12818,1,1182.0800000000002,920,13,Austria,261,261,1182.0800000000002,False,,1,1,4,6,Lost,0,Dormant Low-Value
12820,4,942.34,722,55,United Kingdom,3,326,235.585,True,107.33333333333333,5,4,4,13,Champions,3,Active Mid-Value
12821,1,92.72,70,6,United Kingdom,214,214,92.72,False,,1,1,1,3,Lost,0,Dormant Low-Value
12822,2,948.88,550,41,United Kingdom,70,87,474.44,True,16.0,3,2,4,9,Needs Attention,1,Lapsing Mid-Value
12823,5,1759.5,230,1,United Kingdom,74,296,351.9,True,55.0,2,4,4,10,At Risk,1,Lapsing Mid-Value
12824,1,397.12,232,25,United Kingdom,59,59,397.12,False,,3,1,2,6,Needs Attention,0,Dormant Low-Value
12826,7,1474.72,1058,58,United Kingdom,2,365,210.67428571428573,True,59.833333333333336,5,5,4,14,Champions,2,High-Value Loyal
12827,3,430.15,197,19,United Kingdom,5,44,143.38333333333333,True,19.0,5,3,2,10,Loyal,3,Active Mid-Value
12828,6,1018.71,494,46,United Kingdom,2,130,169.785,True,25.0,5,5,4,14,Champions,2,High-Value Loyal
12829,2,293.0,376,9,United Kingdom,336,360,146.5,True,23.0,1,2,2,5,Lost,0,Dormant Low-Value
12830,6,6814.64,9848,13,United Kingdom,37,171,1135.7733333333333,True,26.2,3,5,5,13,Loyal,1,Lapsing Mid-Value
12831,1,215.05,135,9,United Kingdom,262,262,215.05,False,,1,1,1,3,Lost,0,Dormant Low-Value
12832,2,383.03000000000003,195,27,United Kingdom,32,98,191.51500000000001,True,65.0,4,2,2,8,New / Promising,3,Active Mid-Value
12833,1,417.38,156,24,United Kingdom,145,145,417.38,False,,2,1,2,5,Lost,0,Dormant Low-Value
12834,1,312.38,110,18,United Kingdom,282,282,312.38,False,,1,1,2,4,Lost,0,Dormant Low-Value
12836,4,2610.36,1062,148,United Kingdom,59,311,652.59,True,83.66666666666667,3,4,5,12,Loyal,1,Lapsing Mid-Value
12837,1,134.1,24,12,United Kingdom,173,173,134.1,False,,2,1,1,4,Lost,0,Dormant Low-Value
12838,2,671.95,355,115,United Kingdom,33,373,335.975,True,340.0,3,2,3,8,Needs Attention,3,Active Mid-Value
12839,14,5591.42,3807,95,United Kingdom,2,367,399.38714285714286,True,27.692307692307693,5,5,5,15,Champions,2,High-Value Loyal
12840,4,2726.77,1511,67,United Kingdom,143,226,681.6925,True,27.0,2,4,5,11,At Risk,1,Lapsing Mid-Value
12841,25,3991.58,2720,229,United Kingdom,4,371,159.6632,True,14.833333333333334,5,5,5,15,Champions,2,High-Value Loyal
12842,2,1118.99,547,34,United Kingdom,70,308,559.495,True,238.0,3,2,4,9,Needs Attention,1,Lapsing Mid-Value
12843,8,1702.26,781,69,United Kingdom,65,264,212.7825,True,27.714285714285715,3,5,4,12,Loyal,1,Lapsing Mid-Value
12844,2,325.96000000000004,125,47,United Kingdom,29,130,162.98000000000002,True,101.0,4,2,2,8,New / Promising,3,Active Mid-Value
12845,4,354.09000000000003,204,26,United Kingdom,267,290,88.52250000000001,True,7.333333333333333,1,4,2,7,At Risk,0,Dormant Low-Value
12847,1,843.64,873,72,United Kingdom,22,22,843.64,False,,4,1,3,8,New / Promising,3,Active Mid-Value
12849,2,992.65,579,46,United Kingdom,31,268,496.325,True,237.0,4,2,4,10,New / Promising,1,Lapsing Mid-Value
12851,1,131.81,106,43,United Kingdom,96,96,131.81,False,,2,1,1,4,Lost,0,Dormant Low-Value
12852,1,311.55,149,17,United Kingdom,294,294,311.55,False,,1,1,2,4,Lost,0,Dormant Low-Value
12853,6,1957.1000000000001,800,66,United Kingdom,134,315,326.18333333333334,True,36.0,2,5,4,11,At Risk,1,Lapsing Mid-Value
12854,3,1316.25,626,95,United Kingdom,78,318,438.75,True,119.5,2,3,4,9,Hibernating,1,Lapsing Mid-Value
12855,1,38.1,30,3,United Kingdom,372,372,38.1,False,,1,1,1,3,Lost,0,Dormant Low-Value
12856,6,2170.78,1076,155,United Kingdom,7,63,361.7966666666667,True,10.8,5,5,5,15,Champions,2,High-Value Loyal
12857,2,1106.4,343,37,United Kingdom,210,302,553.2,True,91.0,1,2,4,7,Lost,1,Lapsing Mid-Value
12863,1,521.2,188,5,United Kingdom,52,52,521.2,False,,3,1,3,7,Needs Attention,0,Dormant Low-Value
12864,1,147.12,216,3,United Kingdom,138,138,147.12,False,,2,1,1,4,Lost,0,Dormant Low-Value
12865,2,1568.23,925,86,Austria,26,123,784.115,True,97.0,4,2,4,10,New / Promising,1,Lapsing Mid-Value
12866,1,499.12,167,25,Belgium,283,283,499.12,False,,1,1,3,5,Lost,0,Dormant Low-Value
12867,7,4009.34,4284,240,United Kingdom,26,360,572.7628571428571,True,55.0,4,5,5,14,Champions,2,High-Value Loyal
12868,6,1607.0600000000002,928,72,United Kingdom,185,373,267.84333333333336,True,37.0,1,5,4,10,At Risk,1,Lapsing Mid-Value
12871,2,380.64,200,8,United Kingdom,84,207,190.32,True,123.0,2,2,2,6,Lost,0,Dormant Low-Value
12872,2,599.97,319,58,United Kingdom,326,365,299.985,True,38.0,1,2,3,6,Lost,0,Dormant Low-Value
12873,1,374.0,128,4,United Kingdom,282,282,374.0,False,,1,1,2,4,Lost,0,Dormant Low-Value
12875,2,343.2300000000001,2019,1,United Kingdom,143,362,171.61500000000004,True,219.0,2,2,2,6,Lost,0,Dormant Low-Value
12876,2,2053.02,1930,66,Belgium,57,196,1026.51,True,138.0,3,2,5,10,Needs Attention,1,Lapsing Mid-Value
12877,12,1535.77,1178,100,United Kingdom,3,358,127.98083333333334,True,31.636363636363637,5,5,4,14,Champions,2,High-Value Loyal
12878,2,854.99,547,38,United Kingdom,236,266,427.495,True,29.0,1,2,3,6,Lost,0,Dormant Low-Value
12879,3,573.22,370,7,United Kingdom,44,91,191.07333333333335,True,23.0,3,3,3,9,Loyal,1,Lapsing Mid-Value
12881,1,298.0,21,7,United Kingdom,275,275,298.0,False,,1,1,2,4,Lost,0,Dormant Low-Value
12882,2,1463.04,246,12,United Kingdom,9,33,731.52,True,24.0,5,2,4,11,New / Promising,3,Active Mid-Value
12883,4,703.47,196,39,United Kingdom,24,89,175.8675,True,21.333333333333332,4,4,3,11,Champions,1,Lapsing Mid-Value
12884,1,309.05,43,7,United Kingdom,88,88,309.05,False,,2,1,2,5,Lost,0,Dormant Low-Value
12885,3,1175.22,655,66,United Kingdom,63,123,391.74,True,30.0,3,3,4,10,Loyal,1,Lapsing Mid-Value
12886,2,1378.4,770,75,United Kingdom,67,219,689.2,True,151.0,3,2,4,9,Needs Attention,1,Lapsing Mid-Value
12888,2,354.12,76,4,United Kingdom,214,255,177.06,True,41.0,1,2,2,5,Lost,0,Dormant Low-Value
12890,1,376.71999999999997,256,78,United Kingdom,24,24,376.71999999999997,False,,4,1,2,7,New / Promising,3,Active Mid-Value
12891,3,331.0,950,2,United Kingdom,185,292,110.33333333333333,True,53.5,1,3,2,6,Hibernating,0,Dormant Low-Value
12893,1,176.55,90,27,United Kingdom,30,30,176.55,False,,4,1,1,6,New / Promising,3,Active Mid-Value
12895,2,372.8,210,22,United Kingdom,42,86,186.4,True,44.0,3,2,2,7,Needs Attention,3,Active Mid-Value
12897,2,216.5,110,3,United Kingdom,204,301,108.25,True,97.0,1,2,1,4,Lost,0,Dormant Low-Value
12901,28,17654.54,23075,30,United Kingdom,8,270,630.5192857142857,True,9.222222222222221,5,5,5,15,Champions,2,High-Value Loyal
12902,1,138.68,66,10,United Kingdom,264,264,138.68,False,,1,1,1,3,Lost,0,Dormant Low-Value
12904,2,496.06,294,59,United Kingdom,18,172,248.03,True,154.0,4,2,3,9,New / Promising,3,Active Mid-Value
12906,5,2919.81,1749,55,United Kingdom,11,78,583.962,True,16.5,5,4,5,14,Champions,2,High-Value Loyal
12908,2,750.0,1200,1,United Kingdom,176,312,375.0,True,136.0,2,2,3,7,Lost,0,Dormant Low-Value
12909,5,2178.67,1280,78,United Kingdom,39,253,435.73400000000004,True,53.25,3,4,5,12,Loyal,1,Lapsing Mid-Value
12910,8,3075.04,1692,48,United Kingdom,23,241,384.38,True,31.0,4,5,5,14,Champions,2,High-Value Loyal
12912,5,1662.3,670,17,United Kingdom,2,40,332.46,True,8.75,5,4,4,13,Champions,2,High-Value Loyal
12913,5,2483.63,1419,37,United Kingdom,4,368,496.726,True,90.25,5,4,5,14,Champions,2,High-Value Loyal
12915,2,363.65,93,19,United Kingdom,148,372,181.825,True,223.0,2,2,2,6,Lost,0,Dormant Low-Value
12916,4,2944.95,1083,53,United Kingdom,138,320,736.2375,True,60.0,2,4,5,11,At Risk,1,Lapsing Mid-Value
12917,1,594.0,120,2,United Kingdom,128,128,594.0,False,,2,1,3,6,Lost,0,Dormant Low-Value
12919,6,1335.19,673,34,United Kingdom,8,169,222.53166666666667,True,31.8,5,5,4,14,Champions,2,High-Value Loyal
12920,1,162.78,128,27,United Kingdom,17,17,162.78,False,,4,1,1,6,New / Promising,3,Active Mid-Value
12921,37,16587.09,9526,233,United Kingdom,9,373,448.29972972972973,True,9.805555555555555,5,5,5,15,Champions,2,High-Value Loyal
12922,1,405.38,370,28,United Kingdom,161,161,405.38,False,,2,1,2,5,Lost,0,Dormant Low-Value
12923,1,171.57,67,27,United Kingdom,64,64,171.57,False,,3,1,1,5,Needs Attention,0,Dormant Low-Value
12924,4,925.75,480,21,United Kingdom,88,327,231.4375,True,79.33333333333333,2,4,4,10,At Risk,1,Lapsing Mid-Value
12925,2,694.05,541,42,United Kingdom,4,74,347.025,True,70.0,5,2,3,10,New / Promising,3,Active Mid-Value
12928,5,2062.7,1472,59,United Kingdom,35,359,412.53999999999996,True,80.5,3,4,5,12,Loyal,1,Lapsing Mid-Value
12929,1,117.85,37,8,United Kingdom,311,311,117.85,False,,1,1,1,3,Lost,0,Dormant Low-Value
12930,2,415.8,252,20,United Kingdom,78,171,207.9,True,93.0,2,2,2,6,Lost,0,Dormant Low-Value
12931,15,42055.96,28004,28,United Kingdom,21,357,2803.730666666667,True,23.571428571428573,4,5,5,14,Champions,2,High-Value Loyal
12933,3,607.53,499,102,United Kingdom,24,283,202.51,True,129.5,4,3,3,10,Loyal,3,Active Mid-Value
12935,7,2160.7,1853,80,United Kingdom,2,319,308.6714285714285,True,52.333333333333336,5,5,5,15,Champions,2,High-Value Loyal
12936,4,1063.9,559,56,United Kingdom,17,78,265.975,True,20.0,4,4,4,12,Champions,1,Lapsing Mid-Value
12937,4,1504.27,1007,81,United Kingdom,15,267,376.0675,True,83.66666666666667,4,4,4,12,Champions,1,Lapsing Mid-Value
12938,1,114.14,140,9,United Kingdom,25,25,114.14,False,,4,1,1,6,New / Promising,3,Active Mid-Value
12939,8,11581.8,4876,21,United Kingdom,64,334,1447.725,True,38.285714285714285,3,5,5,13,Loyal,2,High-Value Loyal
12940,2,899.69,404,87,United Kingdom,54,87,449.845,True,33.0,3,2,3,8,Needs Attention,1,Lapsing Mid-Value
12942,3,675.6,198,68,United Kingdom,131,365,225.20000000000002,True,117.0,2,3,3,8,Hibernating,1,Lapsing Mid-Value
12944,2,604.51,289,29,United Kingdom,35,354,302.255,True,319.0,3,2,3,8,Needs Attention,3,Active Mid-Value
12945,1,462.95,165,23,United Kingdom,288,288,462.95,False,,1,1,2,4,Lost,0,Dormant Low-Value
12947,6,1603.99,1165,83,United Kingdom,143,373,267.33166666666665,True,45.6,2,5,4,11,At Risk,1,Lapsing Mid-Value
12948,7,2064.95,1080,82,United Kingdom,16,264,294.99285714285713,True,41.166666666666664,4,5,5,14,Champions,2,High-Value Loyal
12949,8,4167.22,2381,166,United Kingdom,30,252,520.9025,True,31.428571428571427,4,5,5,14,Champions,2,High-Value Loyal
12950,3,1843.0,1380,13,United Kingdom,2,24,614.3333333333334,True,10.5,5,3,4,12,Loyal,3,Active Mid-Value
12951,6,1064.07,503,53,United Kingdom,8,330,177.345,True,63.8,5,5,4,14,Champions,2,High-Value Loyal
12952,4,1387.79,653,64,United Kingdom,5,78,346.9475,True,24.0,5,4,4,13,Champions,3,Active Mid-Value
12953,1,329.85,84,17,United Kingdom,9,9,329.85,False,,5,1,2,8,New / Promising,3,Active Mid-Value
12955,11,4757.16,3664,81,United Kingdom,1,267,432.4690909090909,True,26.3,5,5,5,15,Champions,2,High-Value Loyal
12956,1,108.07,34,19,United Kingdom,306,306,108.07,False,,1,1,1,3,Lost,0,Dormant Low-Value
12957,8,4017.54,2549,208,United Kingdom,9,339,502.1925,True,46.714285714285715,5,5,5,15,Champions,2,High-Value Loyal
12962,2,266.39,129,15,United Kingdom,7,113,133.195,True,106.0,5,2,2,9,New / Promising,3,Active Mid-Value
12963,8,1856.63,881,75,United Kingdom,8,365,232.07875,True,50.42857142857143,5,5,4,14,Champions,2,High-Value Loyal
12965,1,769.8100000000001,282,108,United Kingdom,89,89,769.8100000000001,False,,2,1,3,6,Lost,0,Dormant Low-Value
12966,1,160.18,75,10,United Kingdom,9,9,160.18,False,,5,1,1,7,New / Promising,3,Active Mid-Value
12967,2,1660.9,438,19,United Kingdom,358,371,830.45,True,13.0,1,2,4,7,Lost,1,Lapsing Mid-Value
12968,1,135.95,73,5,United Kingdom,112,112,135.95,False,,2,1,1,4,Lost,0,Dormant Low-Value
12970,4,405.47,268,116,United Kingdom,7,322,101.3675,True,105.0,5,4,2,11,Champions,3,Active Mid-Value
12971,86,11189.91,9289,94,United Kingdom,3,372,130.11523255813952,True,3.9176470588235293,5,5,5,15,Champions,2,High-Value Loyal
12974,1,144.8,24,8,United Kingdom,197,197,144.8,False,,1,1,1,3,Lost,0,Dormant Low-Value
12976,1,738.6,561,22,United Kingdom,211,211,738.6,False,,1,1,3,5,Lost,0,Dormant Low-Value
12977,1,39.239999999999995,12,9,United Kingdom,156,156,39.239999999999995,False,,2,1,1,4,Lost,0,Dormant Low-Value
12980,9,7374.900000000001,886,6,United Kingdom,157,358,819.4333333333334,True,24.375,2,5,5,12,At Risk,1,Lapsing Mid-Value
12981,2,372.21999999999997,242,12,United Kingdom,29,133,186.10999999999999,True,103.0,4,2,2,8,New / Promising,3,Active Mid-Value
12982,1,390.54,288,28,United Kingdom,242,242,390.54,False,,1,1,2,4,Lost,0,Dormant Low-Value
12984,1,97.5,26,4,United Kingdom,18,18,97.5,False,,4,1,1,6,New / Promising,3,Active Mid-Value
12985,2,1239.38,1533,73,United Kingdom,0,28,619.69,True,27.0,5,2,4,11,New / Promising,3,Active Mid-Value
12987,2,558.7,219,27,United Kingdom,73,197,279.35,True,124.0,2,2,3,7,Lost,0,Dormant Low-Value
12988,1,505.82,126,75,United Kingdom,292,292,505.82,False,,1,1,3,5,Lost,0,Dormant Low-Value
12989,15,6924.11,2943,41,United Kingdom,3,364,461.6073333333333,True,25.357142857142858,5,5,5,15,Champions,2,High-Value Loyal
12990,3,409.5,200,8,United Kingdom,31,310,136.5,True,138.5,4,3,2,9,Loyal,3,Active Mid-Value
12991,2,503.76,405,31,United Kingdom,23,112,251.88,True,89.0,4,2,3,9,New / Promising,3,Active Mid-Value
12993,4,414.76,240,26,United Kingdom,23,298,103.69,True,91.33333333333333,4,4,2,10,Champions,3,Active Mid-Value
12994,3,974.42,459,52,United Kingdom,4,268,324.8066666666667,True,131.5,5,3,4,12,Loyal,3,Active Mid-Value
12995,1,211.32,108,3,United Kingdom,85,85,211.32,False,,2,1,1,4,Lost,0,Dormant Low-Value
12997,4,1226.89,664,45,United Kingdom,22,317,306.7225,True,97.66666666666667,4,4,4,12,Champions,1,Lapsing Mid-Value
12999,3,455.88,342,25,United Kingdom,196,245,151.96,True,24.0,1,3,2,6,Hibernating,0,Dormant Low-Value
13000,3,534.85,379,30,United Kingdom,106,364,178.28333333333333,True,128.5,2,3,3,8,Hibernating,1,Lapsing Mid-Value
13001,13,9785.970000000001,5490,166,United Kingdom,4,326,752.7669230769231,True,26.333333333333332,5,5,5,15,Champions,2,High-Value Loyal
13002,1,120.95,73,7,United Kingdom,318,318,120.95,False,,1,1,1,3,Lost,0,Dormant Low-Value
13003,3,149.05,103,4,United Kingdom,105,214,49.68333333333334,True,54.0,2,3,1,6,Hibernating,0,Dormant Low-Value
13004,18,5655.91,4822,277,United Kingdom,11,357,314.21722222222223,True,19.88235294117647,5,5,5,15,Champions,2,High-Value Loyal
13005,2,513.7,172,21,United Kingdom,173,246,256.85,True,72.0,2,2,3,7,Lost,0,Dormant Low-Value
13006,1,81.57,55,4,United Kingdom,56,56,81.57,False,,3,1,1,5,Needs Attention,0,Dormant Low-Value
13008,1,229.47,175,14,United Kingdom,323,323,229.47,False,,1,1,1,3,Lost,0,Dormant Low-Value
13011,1,50.550000000000004,13,3,United Kingdom,372,372,50.550000000000004,False,,1,1,1,3,Lost,0,Dormant Low-Value
13012,8,1646.8400000000001,820,67,United Kingdom,9,294,205.85500000000002,True,40.142857142857146,5,5,4,14,Champions,2,High-Value Loyal
13013,13,4810.9400000000005,2224,155,United Kingdom,1,371,370.07230769230773,True,30.333333333333332,5,5,5,15,Champions,2,High-Value Loyal
13014,10,3466.28,905,67,United Kingdom,10,281,346.62800000000004,True,29.666666666666668,5,5,5,15,Champions,2,High-Value Loyal
13015,5,3339.64,1609,156,United Kingdom,53,249,667.928,True,48.5,3,4,5,12,Loyal,1,Lapsing Mid-Value
13016,3,789.89,527,39,United Kingdom,73,123,263.2966666666667,True,24.5,2,3,3,8,Hibernating,1,Lapsing Mid-Value
13017,1,204.0,48,1,United Kingdom,7,7,204.0,False,,5,1,1,7,New / Promising,3,Active Mid-Value
13018,28,7277.7,5435,313,United Kingdom,16,295,259.91785714285714,True,10.0,4,5,5,14,Champions,2,High-Value Loyal
13021,9,2616.38,1352,101,United Kingdom,4,358,290.7088888888889,True,43.875,5,5,5,15,Champions,2,High-Value Loyal
13023,2,599.9,280,35,United Kingdom,64,129,299.95,True,65.0,3,2,3,8,Needs Attention,0,Dormant Low-Value
13026,5,975.36,1620,32,United Kingdom,1,275,195.072,True,67.75,5,4,4,13,Champions,3,Active Mid-Value
13027,6,6912.0,17280,6,United Kingdom,113,354,1152.0,True,47.6,2,5,5,12,At Risk,1,Lapsing Mid-Value
13028,2,661.3199999999999,798,40,United Kingdom,22,45,330.65999999999997,True,22.0,4,2,3,9,New / Promising,3,Active Mid-Value
13029,3,1247.5,134,8,United Kingdom,30,353,415.8333333333333,True,160.5,4,3,4,11,Loyal,1,Lapsing Mid-Value
13030,2,752.44,348,76,United Kingdom,11,368,376.22,True,356.0,5,2,3,10,New / Promising,3,Active Mid-Value
13032,2,1010.1800000000001,375,55,United Kingdom,52,87,505.09000000000003,True,34.0,3,2,4,9,Needs Attention,1,Lapsing Mid-Value
13033,1,190.55,83,11,United Kingdom,357,357,190.55,False,,1,1,1,3,Lost,0,Dormant Low-Value
13034,2,642.77,369,37,United Kingdom,54,369,321.385,True,314.0,3,2,3,8,Needs Attention,1,Lapsing Mid-Value
13035,2,921.88,644,23,United Kingdom,73,260,460.94,True,186.0,2,2,3,7,Lost,1,Lapsing Mid-Value
13037,3,881.07,431,44,United Kingdom,138,256,293.69,True,58.5,2,3,3,8,Hibernating,1,Lapsing Mid-Value
13038,3,908.46,360,24,United Kingdom,80,290,302.82,True,104.5,2,3,3,8,Hibernating,1,Lapsing Mid-Value
13040,2,676.99,355,38,United Kingdom,8,33,338.495,True,24.0,5,2,3,10,New / Promising,3,Active Mid-Value
13043,1,516.42,254,13,United Kingdom,273,273,516.42,False,,1,1,3,5,Lost,0,Dormant Low-Value
13044,1,560.47,429,33,United Kingdom,291,291,560.47,False,,1,1,3,5,Lost,0,Dormant Low-Value
13045,1,305.28000000000003,221,18,United Kingdom,99,99,305.28000000000003,False,,2,1,2,5,Lost,0,Dormant Low-Value
13046,2,629.31,264,33,United Kingdom,30,266,314.655,True,235.0,4,2,3,9,New / Promising,3,Active Mid-Value
13047,9,3232.59,1390,105,United Kingdom,56,373,359.1766666666667,True,39.375,3,5,5,13,Loyal,1,Lapsing Mid-Value
13048,4,1819.41,1228,77,United Kingdom,14,327,454.8525,True,103.66666666666667,5,4,4,13,Champions,1,Lapsing Mid-Value
13049,2,656.6800000000001,268,14,United Kingdom,64,318,328.34000000000003,True,253.0,3,2,3,8,Needs Attention,1,Lapsing Mid-Value
13050,17,5833.11,3747,245,United Kingdom,14,366,343.1241176470588,True,21.375,5,5,5,15,Champions,2,High-Value Loyal
13052,1,348.15000000000003,222,18,United Kingdom,212,212,348.15000000000003,False,,1,1,2,4,Lost,0,Dormant Low-Value
13055,3,1214.41,894,74,United Kingdom,78,213,404.80333333333334,True,67.5,2,3,4,9,Hibernating,1,Lapsing Mid-Value
13058,3,271.40000000000003,52,5,United Kingdom,24,151,90.46666666666668,True,63.0,4,3,2,9,Loyal,3,Active Mid-Value
13059,1,183.4,35,8,United Kingdom,249,249,183.4,False,,1,1,1,3,Lost,0,Dormant Low-Value
13060,1,307.53000000000003,123,15,United Kingdom,253,253,307.53000000000003,False,,1,1,2,4,Lost,0,Dormant Low-Value
13061,1,248.61,107,10,United Kingdom,72,72,248.61,False,,2,1,2,5,Lost,0,Dormant Low-Value
13062,1,346.98,343,11,United Kingdom,191,191,346.98,False,,1,1,2,4,Lost,0,Dormant Low-Value
13064,4,1105.59,514,51,United Kingdom,12,327,276.3975,True,104.33333333333333,5,4,4,13,Champions,1,Lapsing Mid-Value
13065,1,205.86,74,14,United Kingdom,373,373,205.86,False,,1,1,1,3,Lost,0,Dormant Low-Value
13066,2,470.8,322,48,United Kingdom,24,32,235.4,True,7.0,4,2,2,8,New / Promising,3,Active Mid-Value
13067,1,115.46000000000001,32,14,United Kingdom,82,82,115.46000000000001,False,,2,1,1,4,Lost,0,Dormant Low-Value
13068,2,344.0,200,1,United Kingdom,10,319,172.0,True,309.0,5,2,2,9,New / Promising,3,Active Mid-Value
13069,24,4431.44,5873,281,United Kingdom,0,369,184.64333333333332,True,15.652173913043478,5,5,5,15,Champions,2,High-Value Loyal
13070,1,228.8,110,9,United Kingdom,192,192,228.8,False,,1,1,1,3,Lost,0,Dormant Low-Value
13072,1,177.15,69,7,United Kingdom,266,266,177.15,False,,1,1,1,3,Lost,0,Dormant Low-Value
13075,1,919.61,485,22,United Kingdom,129,129,919.61,False,,2,1,3,6,Lost,0,Dormant Low-Value
13077,4,728.02,862,99,United Kingdom,1,366,182.005,True,121.66666666666667,5,4,3,12,Champions,3,Active Mid-Value
13078,26,12627.94,5630,95,United Kingdom,3,366,485.69,True,14.16,5,5,5,15,Champions,2,High-Value Loyal
13079,5,220.10000000000002,62,2,United Kingdom,4,140,44.02,True,33.5,5,4,1,10,Champions,3,Active Mid-Value
13080,1,58.08,120,6,United Kingdom,179,179,58.08,False,,2,1,1,4,Lost,0,Dormant Low-Value
13081,11,28337.38,19068,503,United Kingdom,11,371,2576.1254545454544,True,35.4,5,5,5,15,Champions,2,High-Value Loyal
13082,9,3613.63,4324,63,United Kingdom,126,338,401.51444444444445,True,26.125,2,5,5,12,At Risk,1,Lapsing Mid-Value
13083,2,303.75,187,15,United Kingdom,4,75,151.875,True,71.0,5,2,2,9,New / Promising,3,Active Mid-Value
13085,2,416.08,216,17,United Kingdom,157,295,208.04,True,137.0,2,2,2,6,Lost,0,Dormant Low-Value
13089,97,58762.08,31025,636,United Kingdom,2,369,605.7946391752578,True,3.46875,5,5,5,15,Champions,2,High-Value Loyal
13090,13,8895.82,2262,97,United Kingdom,8,372,684.2938461538462,True,29.916666666666668,5,5,5,15,Champions,2,High-Value Loyal
13091,1,345.82,466,21,United Kingdom,28,28,345.82,False,,4,1,2,7,New / Promising,3,Active Mid-Value
13092,5,477.83,279,19,United Kingdom,70,359,95.566,True,71.75,3,4,2,9,Loyal,1,Lapsing Mid-Value
13093,8,7832.47,3961,97,United Kingdom,275,373,979.05875,True,13.428571428571429,1,5,5,11,At Risk,1,Lapsing Mid-Value
13094,12,1927.3200000000002,1716,4,United Kingdom,21,368,160.61,True,31.09090909090909,4,5,4,13,Champions,2,High-Value Loyal
13095,1,74.39999999999999,144,6,United Kingdom,70,70,74.39999999999999,False,,3,1,1,5,Needs Attention,0,Dormant Low-Value
13097,10,6003.22,2360,214,United Kingdom,32,360,600.322,True,36.0,4,5,5,14,Champions,2,High-Value Loyal
13098,28,28882.44,15968,156,United Kingdom,1,317,1031.5157142857142,True,11.222222222222221,5,5,5,15,Champions,2,High-Value Loyal
13099,1,207.36,288,1,United Kingdom,99,99,207.36,False,,2,1,1,4,Lost,0,Dormant Low-Value
13101,1,101.19,113,8,United Kingdom,234,234,101.19,False,,1,1,1,3,Lost,0,Dormant Low-Value
13102,24,6424.09,4204,140,United Kingdom,1,365,267.67041666666665,True,15.434782608695652,5,5,5,15,Champions,2,High-Value Loyal
13103,1,243.94,82,8,United Kingdom,39,39,243.94,False,,3,1,1,5,Needs Attention,0,Dormant Low-Value
13104,6,1098.48,504,14,United Kingdom,3,354,183.08,True,69.8,5,5,4,14,Champions,2,High-Value Loyal
13106,1,76.5,18,1,United Kingdom,133,133,76.5,False,,2,1,1,4,Lost,0,Dormant Low-Value
13107,4,1531.6200000000001,1293,54,United Kingdom,44,333,382.90500000000003,True,96.0,3,4,4,11,Loyal,1,Lapsing Mid-Value
13108,1,350.06,298,10,United Kingdom,372,372,350.06,False,,1,1,2,4,Lost,0,Dormant Low-Value
13109,2,786.54,520,41,United Kingdom,59,157,393.27,True,97.0,3,2,3,8,Needs Attention,1,Lapsing Mid-Value
13110,7,1488.67,388,109,United Kingdom,31,311,212.66714285714286,True,46.166666666666664,4,5,4,13,Champions,1,Lapsing Mid-Value
13113,24,12245.960000000001,3045,95,United Kingdom,0,366,510.2483333333334,True,15.347826086956522,5,5,5,15,Champions,2,High-Value Loyal
13115,4,2294.78,1567,88,United Kingdom,11,184,573.695,True,57.0,5,4,5,14,Champions,1,Lapsing Mid-Value
13116,1,501.14,291,30,United Kingdom,138,138,501.14,False,,2,1,3,6,Lost,0,Dormant Low-Value
13117,8,984.91,945,66,United Kingdom,21,372,123.11375,True,49.714285714285715,4,5,4,13,Champions,1,Lapsing Mid-Value
13118,5,1197.81,410,68,United Kingdom,19,288,239.56199999999998,True,66.75,4,4,4,12,Champions,1,Lapsing Mid-Value
13120,1,30.6,12,1,United Kingdom,238,238,30.6,False,,1,1,1,3,Lost,0,Dormant Low-Value
13121,1,283.73,252,50,United Kingdom,269,269,283.73,False,,1,1,2,4,Lost,0,Dormant Low-Value
13122,2,922.39,585,54,United Kingdom,94,240,461.195,True,146.0,2,2,4,8,Lost,1,Lapsing Mid-Value
13124,3,3756.33,2119,185,United Kingdom,89,359,1252.11,True,134.0,2,3,5,10,Hibernating,1,Lapsing Mid-Value
13126,8,2099.64,2143,124,United Kingdom,4,366,262.455,True,51.285714285714285,5,5,5,15,Champions,2,High-Value Loyal
13127,1,259.17,127,15,United Kingdom,77,77,259.17,False,,2,1,2,5,Lost,0,Dormant Low-Value
13130,1,64.0,32,2,United Kingdom,94,94,64.0,False,,2,1,1,4,Lost,0,Dormant Low-Value
13131,3,1073.3,447,30,United Kingdom,23,187,357.76666666666665,True,81.5,4,3,4,11,Loyal,1,Lapsing Mid-Value
13132,1,77.3,20,3,United Kingdom,261,261,77.3,False,,1,1,1,3,Lost,0,Dormant Low-Value
13133,2,109.8,32,7,United Kingdom,273,304,54.9,True,30.0,1,2,1,4,Lost,0,Dormant Low-Value
13134,4,1793.58,1059,94,United Kingdom,85,240,448.395,True,51.0,2,4,4,10,At Risk,1,Lapsing Mid-Value
13135,1,3096.0,4300,1,United Kingdom,196,196,3096.0,False,,1,1,5,7,Lost,1,Lapsing Mid-Value
13136,5,2607.61,1328,94,United Kingdom,56,212,521.522,True,38.5,3,4,5,12,Loyal,1,Lapsing Mid-Value
13137,8,3603.29,2204,345,United Kingdom,10,308,450.41125,True,42.0,5,5,5,15,Champions,2,High-Value Loyal
13138,6,962.39,473,31,United Kingdom,22,372,160.39833333333334,True,69.6,4,5,4,13,Champions,1,Lapsing Mid-Value
13139,7,5064.9400000000005,2425,132,United Kingdom,16,259,723.5628571428572,True,40.166666666666664,4,5,5,14,Champions,2,High-Value Loyal
13140,3,422.47,185,40,United Kingdom,108,366,140.82333333333335,True,128.5,2,3,2,7,Hibernating,0,Dormant Low-Value
13141,5,2388.75,1548,113,United Kingdom,84,315,477.75,True,57.25,2,4,5,11,At Risk,1,Lapsing Mid-Value
13142,1,307.09000000000003,258,23,United Kingdom,19,19,307.09000000000003,False,,4,1,2,7,New / Promising,3,Active Mid-Value
13144,1,110.95,21,3,United Kingdom,332,332,110.95,False,,1,1,1,3,Lost,0,Dormant Low-Value
13145,4,618.52,145,5,United Kingdom,39,372,154.63,True,110.66666666666667,3,4,3,10,Loyal,1,Lapsing Mid-Value
13146,1,228.91,154,16,United Kingdom,26,26,228.91,False,,4,1,1,6,New / Promising,3,Active Mid-Value
13147,4,712.8,144,1,United Kingdom,10,99,178.2,True,29.333333333333332,5,4,3,12,Champions,3,Active Mid-Value
13148,12,3683.26,1965,231,United Kingdom,29,364,306.93833333333333,True,30.181818181818183,4,5,5,14,Champions,2,High-Value Loyal
13149,4,1676.06,1280,76,United Kingdom,14,289,419.015,True,91.0,5,4,4,13,Champions,1,Lapsing Mid-Value
13151,1,1257.8700000000001,363,73,United Kingdom,295,295,1257.8700000000001,False,,1,1,4,6,Lost,0,Dormant Low-Value
13153,1,486.22,418,15,United Kingdom,5,5,486.22,False,,5,1,3,9,New / Promising,3,Active Mid-Value
13155,4,971.76,497,67,United Kingdom,33,368,242.94,True,111.0,3,4,4,11,Loyal,1,Lapsing Mid-Value
13157,4,1741.22,1439,69,United Kingdom,49,298,435.305,True,82.66666666666667,3,4,4,11,Loyal,1,Lapsing Mid-Value
13158,4,1201.06,784,59,United Kingdom,94,318,300.265,True,74.33333333333333,2,4,4,10,At Risk,1,Lapsing Mid-Value
13159,4,1429.35,1058,114,United Kingdom,8,115,357.3375,True,35.0,5,4,4,13,Champions,3,Active Mid-Value
13160,1,91.8,56,4,United Kingdom,22,22,91.8,False,,4,1,1,6,New / Promising,3,Active Mid-Value
13161,1,112.75,29,8,United Kingdom,313,313,112.75,False,,1,1,1,3,Lost,0,Dormant Low-Value
13162,4,1688.29,1713,74,United Kingdom,122,334,422.0725,True,70.66666666666667,2,4,4,10,At Risk,1,Lapsing Mid-Value
13165,2,1021.48,1376,40,United Kingdom,46,351,510.74,True,305.0,3,2,4,9,Needs Attention,1,Lapsing Mid-Value
13166,1,417.2,216,39,United Kingdom,283,283,417.2,False,,1,1,2,4,Lost,0,Dormant Low-Value
13167,4,779.33,773,50,United Kingdom,18,143,194.8325,True,41.0,4,4,3,11,Champions,1,Lapsing Mid-Value
13168,4,1299.59,670,102,United Kingdom,36,318,324.8975,True,93.33333333333333,3,4,4,11,Loyal,1,Lapsing Mid-Value
13169,2,712.88,272,11,United Kingdom,63,252,356.44,True,188.0,3,2,3,8,Needs Attention,1,Lapsing Mid-Value
13170,1,108.81,141,29,United Kingdom,26,26,108.81,False,,4,1,1,6,New / Promising,3,Active Mid-Value
13171,3,468.41,229,37,United Kingdom,21,299,156.13666666666668,True,138.5,4,3,2,9,Loyal,3,Active Mid-Value
13173,2,353.65000000000003,277,41,United Kingdom,4,367,176.82500000000002,True,363.0,5,2,2,9,New / Promising,3,Active Mid-Value
13174,3,2738.82,1351,227,United Kingdom,16,369,912.94,True,175.5,4,3,5,12,Loyal,1,Lapsing Mid-Value
13176,1,481.49,448,66,United Kingdom,46,46,481.49,False,,3,1,2,6,Needs Attention,0,Dormant Low-Value
13177,1,282.45,91,17,United Kingdom,64,64,282.45,False,,3,1,2,6,Needs Attention,0,Dormant Low-Value
13178,11,5725.47,3570,95,United Kingdom,26,360,520.4972727272727,True,32.9,4,5,5,14,Champions,2,High-Value Loyal
13182,1,121.18,201,11,United Kingdom,45,45,121.18,False,,3,1,1,5,Needs Attention,0,Dormant Low-Value
13183,9,3957.78,2208,51,United Kingdom,7,334,439.75333333333333,True,40.25,5,5,5,15,Champions,2,High-Value Loyal
13184,10,1667.95,1661,137,United Kingdom,14,290,166.79500000000002,True,30.11111111111111,5,5,4,14,Champions,2,High-Value Loyal
13185,1,71.4,12,1,United Kingdom,267,267,71.4,False,,1,1,1,3,Lost,0,Dormant Low-Value
13186,3,1575.89,820,69,United Kingdom,39,128,525.2966666666667,True,44.0,3,3,4,10,Loyal,1,Lapsing Mid-Value
13187,1,236.02,95,37,United Kingdom,337,337,236.02,False,,1,1,1,3,Lost,0,Dormant Low-Value
13188,1,114.6,25,2,United Kingdom,11,11,114.6,False,,5,1,1,7,New / Promising,3,Active Mid-Value
13189,2,260.68,842,29,United Kingdom,18,115,130.34,True,96.0,4,2,2,8,New / Promising,3,Active Mid-Value
13192,2,911.94,595,57,United Kingdom,95,205,455.97,True,109.0,2,2,3,7,Lost,1,Lapsing Mid-Value
13193,1,112.08,46,22,United Kingdom,61,61,112.08,False,,3,1,1,5,Needs Attention,0,Dormant Low-Value
13194,1,60.7,26,3,United Kingdom,135,135,60.7,False,,2,1,1,4,Lost,0,Dormant Low-Value
13196,4,1797.78,1224,97,United Kingdom,11,262,449.445,True,83.33333333333333,5,4,4,13,Champions,1,Lapsing Mid-Value
13198,6,3401.2400000000002,2648,199,United Kingdom,10,361,566.8733333333333,True,70.0,5,5,5,15,Champions,2,High-Value Loyal
13199,37,9802.12,6175,47,United Kingdom,3,366,264.9221621621622,True,9.63888888888889,5,5,5,15,Champions,2,High-Value Loyal
13200,4,870.09,516,42,United Kingdom,19,126,217.5225,True,35.0,4,4,3,11,Champions,1,Lapsing Mid-Value
13203,4,869.46,800,56,United Kingdom,9,242,217.365,True,77.0,5,4,3,12,Champions,3,Active Mid-Value
13207,2,250.26000000000002,130,7,United Kingdom,15,150,125.13000000000001,True,135.0,4,2,2,8,New / Promising,3,Active Mid-Value
13208,5,1193.17,767,123,United Kingdom,59,309,238.63400000000001,True,62.0,3,4,4,11,Loyal,1,Lapsing Mid-Value
13209,8,5891.61,4253,255,United Kingdom,30,361,736.45125,True,47.0,4,5,5,14,Champions,2,High-Value Loyal
13210,1,353.48,316,22,United Kingdom,93,93,353.48,False,,2,1,2,5,Lost,0,Dormant Low-Value
13211,3,1095.42,834,45,United Kingdom,10,361,365.14000000000004,True,175.0,5,3,4,12,Loyal,3,Active Mid-Value
13212,3,786.83,309,128,United Kingdom,19,61,262.2766666666667,True,20.5,4,3,3,10,Loyal,3,Active Mid-Value
13213,5,1520.58,1360,82,United Kingdom,56,199,304.116,True,35.25,3,4,4,11,Loyal,1,Lapsing Mid-Value
13216,1,333.74,297,5,United Kingdom,267,267,333.74,False,,1,1,2,4,Lost,0,Dormant Low-Value
13217,3,533.98,262,3,United Kingdom,122,156,177.99333333333334,True,16.5,2,3,3,8,Hibernating,0,Dormant Low-Value
13218,1,62.64,88,5,United Kingdom,127,127,62.64,False,,2,1,1,4,Lost,0,Dormant Low-Value
13220,4,819.2900000000001,196,18,United Kingdom,78,236,204.82250000000002,True,52.333333333333336,2,4,3,9,At Risk,1,Lapsing Mid-Value
13221,2,844.86,243,61,United Kingdom,240,359,422.43,True,119.0,1,2,3,6,Lost,0,Dormant Low-Value
13223,2,163.2,88,5,United Kingdom,200,232,81.6,True,31.0,1,2,1,4,Lost,0,Dormant Low-Value
13224,2,2152.95,1515,100,United Kingdom,60,151,1076.475,True,91.0,3,2,5,10,Needs Attention,1,Lapsing Mid-Value
13225,7,6463.84,3416,23,United Kingdom,3,361,923.4057142857143,True,59.166666666666664,5,5,5,15,Champions,2,High-Value Loyal
13226,1,108.21000000000001,80,16,United Kingdom,273,273,108.21000000000001,False,,1,1,1,3,Lost,0,Dormant Low-Value
13227,1,257.7,99,9,United Kingdom,201,201,257.7,False,,1,1,2,4,Lost,0,Dormant Low-Value
13228,1,358.0,200,2,United Kingdom,81,81,358.0,False,,2,1,2,5,Lost,0,Dormant Low-Value
13229,1,160.95,63,10,United Kingdom,225,225,160.95,False,,1,1,1,3,Lost,0,Dormant Low-Value
13230,14,2755.63,1638,393,United Kingdom,4,365,196.8307142857143,True,27.23076923076923,5,5,5,15,Champions,2,High-Value Loyal
13232,7,1327.75,771,146,United Kingdom,12,243,189.67857142857142,True,38.0,5,5,4,14,Champions,2,High-Value Loyal
13233,2,605.12,1004,43,United Kingdom,74,336,302.56,True,261.0,2,2,3,7,Lost,0,Dormant Low-Value
13235,1,1031.07,441,53,United Kingdom,212,212,1031.07,False,,1,1,4,6,Lost,0,Dormant Low-Value
13236,2,744.85,416,34,United Kingdom,24,106,372.425,True,82.0,4,2,3,9,New / Promising,3,Active Mid-Value
13238,4,700.73,298,20,United Kingdom,17,360,175.1825,True,113.66666666666667,4,4,3,11,Champions,3,Active Mid-Value
13239,1,329.56,327,21,United Kingdom,261,261,329.56,False,,1,1,2,4,Lost,0,Dormant Low-Value
13240,4,648.7,297,58,United Kingdom,96,365,162.175,True,89.33333333333333,2,4,3,9,At Risk,1,Lapsing Mid-Value
13242,3,270.40000000000003,130,12,United Kingdom,112,213,90.13333333333334,True,50.5,2,3,2,7,Hibernating,0,Dormant Low-Value
13243,1,585.12,232,56,United Kingdom,203,203,585.12,False,,1,1,3,5,Lost,0,Dormant Low-Value
13244,1,121.74000000000001,38,27,United Kingdom,92,92,121.74000000000001,False,,2,1,1,4,Lost,0,Dormant Low-Value
13245,1,430.5,125,16,United Kingdom,50,50,430.5,False,,3,1,2,6,Needs Attention,0,Dormant Low-Value
13246,6,1961.52,1587,110,United Kingdom,18,330,326.92,True,62.2,4,5,4,13,Champions,1,Lapsing Mid-Value
13247,4,501.12,328,18,United Kingdom,17,82,125.28,True,21.0,4,4,3,11,Champions,3,Active Mid-Value
13248,2,465.68,305,25,United Kingdom,124,189,232.84,True,64.0,2,2,2,6,Lost,0,Dormant Low-Value
13249,3,711.41,546,21,United Kingdom,92,261,237.13666666666666,True,84.0,2,3,3,8,Hibernating,1,Lapsing Mid-Value
13253,2,1030.4,1572,35,United Kingdom,156,339,515.2,True,182.0,2,2,4,8,Lost,1,Lapsing Mid-Value
13255,2,399.51,177,13,United Kingdom,9,373,199.755,True,364.0,5,2,2,9,New / Promising,3,Active Mid-Value
13258,3,672.83,282,28,United Kingdom,11,205,224.27666666666667,True,96.5,5,3,3,11,Loyal,3,Active Mid-Value
13259,1,283.18,126,77,United Kingdom,61,61,283.18,False,,3,1,2,6,Needs Attention,0,Dormant Low-Value
13260,1,557.62,142,8,United Kingdom,61,61,557.62,False,,3,1,3,7,Needs Attention,0,Dormant Low-Value
13261,2,944.1,210,8,United Kingdom,268,285,472.05,True,17.0,1,2,4,7,Lost,0,Dormant Low-Value
13262,1,200.29,125,11,United Kingdom,263,263,200.29,False,,1,1,1,3,Lost,0,Dormant Low-Value
13263,34,7411.71,4761,448,United Kingdom,1,325,217.9914705882353,True,9.303030303030303,5,5,5,15,Champions,2,High-Value Loyal
13265,5,2092.66,1740,66,United Kingdom,53,273,418.532,True,54.75,3,4,5,12,Loyal,1,Lapsing Mid-Value
13266,12,3834.2599999999998,4428,82,United Kingdom,11,256,319.52166666666665,True,21.90909090909091,5,5,5,15,Champions,2,High-Value Loyal
13267,19,4521.49,1969,88,United Kingdom,2,366,237.97315789473683,True,19.88888888888889,5,5,5,15,Champions,2,High-Value Loyal
13268,10,3152.71,3548,256,United Kingdom,17,267,315.271,True,27.333333333333332,4,5,5,14,Champions,2,High-Value Loyal
13269,15,5343.28,3513,177,United Kingdom,1,369,356.21866666666665,True,26.0,5,5,5,15,Champions,2,High-Value Loyal
13270,1,590.0,200,1,United Kingdom,366,366,590.0,False,,1,1,3,5,Lost,0,Dormant Low-Value
13271,1,211.49,240,79,United Kingdom,37,37,211.49,False,,3,1,1,5,Needs Attention,0,Dormant Low-Value
13272,2,276.56,96,15,United Kingdom,31,89,138.28,True,58.0,4,2,2,8,New / Promising,3,Active Mid-Value
13273,1,138.98,153,16,United Kingdom,113,113,138.98,False,,2,1,1,4,Lost,0,Dormant Low-Value
13276,2,590.9300000000001,161,30,United Kingdom,63,99,295.46500000000003,True,36.0,3,2,3,8,Needs Attention,0,Dormant Low-Value
13277,4,258.4,176,5,United Kingdom,15,133,64.6,True,38.666666666666664,4,4,2,10,Champions,3,Active Mid-Value
13278,1,542.73,537,46,United Kingdom,40,40,542.73,False,,3,1,3,7,Needs Attention,3,Active Mid-Value
13279,1,137.75,73,9,United Kingdom,78,78,137.75,False,,2,1,1,4,Lost,0,Dormant Low-Value
13280,3,798.46,518,67,United Kingdom,122,337,266.15333333333336,True,106.5,2,3,3,8,Hibernating,1,Lapsing Mid-Value
13282,3,1132.14,307,29,United Kingdom,18,220,377.38000000000005,True,101.0,4,3,4,11,Loyal,1,Lapsing Mid-Value
13283,2,93.66,90,7,United Kingdom,59,185,46.83,True,125.0,3,2,1,6,Needs Attention,0,Dormant Low-Value
13284,1,201.19,91,13,United Kingdom,330,330,201.19,False,,1,1,1,3,Lost,0,Dormant Low-Value
13285,4,2709.12,2051,157,United Kingdom,23,290,677.28,True,88.33333333333333,4,4,5,13,Champions,1,Lapsing Mid-Value
13291,1,361.11,233,41,United Kingdom,155,155,361.11,False,,2,1,2,5,Lost,0,Dormant Low-Value
13292,2,578.94,347,29,United Kingdom,38,284,289.47,True,245.0,3,2,3,8,Needs Attention,3,Active Mid-Value
13294,2,873.74,453,48,United Kingdom,189,249,436.87,True,59.0,1,2,3,6,Lost,0,Dormant Low-Value
13295,1,201.20000000000002,82,10,United Kingdom,359,359,201.20000000000002,False,,1,1,1,3,Lost,0,Dormant Low-Value
13296,1,87.4,78,5,United Kingdom,137,137,87.4,False,,2,1,1,4,Lost,0,Dormant Low-Value
13297,4,2089.85,963,52,United Kingdom,7,67,522.4625,True,19.666666666666668,5,4,5,14,Champions,1,Lapsing Mid-Value
13298,1,360.0,96,2,United Kingdom,1,1,360.0,False,,5,1,2,8,New / Promising,3,Active Mid-Value
13299,1,142.5,30,5,United Kingdom,268,268,142.5,False,,1,1,1,3,Lost,0,Dormant Low-Value
13300,1,371.89,203,20,United Kingdom,169,169,371.89,False,,2,1,2,5,Lost,0,Dormant Low-Value
13301,4,600.1899999999999,343,74,United Kingdom,103,292,150.04749999999999,True,62.333333333333336,2,4,3,9,At Risk,1,Lapsing Mid-Value
13302,1,63.75,5,1,United Kingdom,155,155,63.75,False,,2,1,1,4,Lost,0,Dormant Low-Value
13304,1,300.42,238,21,United Kingdom,351,351,300.42,False,,1,1,2,4,Lost,0,Dormant Low-Value
13305,10,2000.86,1232,50,United Kingdom,4,372,200.08599999999998,True,40.44444444444444,5,5,4,14,Champions,2,High-Value Loyal
13307,1,15.0,4,1,United Kingdom,120,120,15.0,False,,2,1,1,4,Lost,0,Dormant Low-Value
13308,3,1385.51,843,49,United Kingdom,22,203,461.83666666666664,True,90.0,4,3,4,11,Loyal,1,Lapsing Mid-Value
13309,5,1456.79,1544,82,United Kingdom,7,308,291.358,True,75.0,5,4,4,13,Champions,2,High-Value Loyal
13310,3,1132.03,587,65,United Kingdom,28,324,377.3433333333333,True,147.5,4,3,4,11,Loyal,1,Lapsing Mid-Value
13311,2,598.57,305,25,United Kingdom,4,150,299.285,True,145.0,5,2,3,10,New / Promising,3,Active Mid-Value
13313,5,1555.3200000000002,851,47,United Kingdom,22,339,311.064,True,79.0,4,4,4,12,Champions,1,Lapsing Mid-Value
13314,3,775.94,560,55,United Kingdom,1,73,258.6466666666667,True,35.5,5,3,3,11,Loyal,3,Active Mid-Value
13316,4,5732.93,5508,66,United Kingdom,37,254,1433.2325,True,72.0,3,4,5,12,Loyal,1,Lapsing Mid-Value
13317,6,2273.68,1035,100,United Kingdom,66,358,378.94666666666666,True,58.2,3,5,5,13,Loyal,1,Lapsing Mid-Value
13318,3,640.76,304,14,United Kingdom,1,37,213.58666666666667,True,17.5,5,3,3,11,Loyal,3,Active Mid-Value
13319,26,10845.550000000001,4724,209,United Kingdom,5,365,417.1365384615385,True,14.08,5,5,5,15,Champions,2,High-Value Loyal
13320,4,1532.2,1086,77,United Kingdom,78,213,383.05,True,45.0,2,4,4,10,At Risk,1,Lapsing Mid-Value
13321,2,567.36,372,10,United Kingdom,72,86,283.68,True,14.0,2,2,3,7,Lost,0,Dormant Low-Value
13322,1,199.48000000000002,117,25,United Kingdom,17,17,199.48000000000002,False,,4,1,1,6,New / Promising,3,Active Mid-Value
13323,5,787.85,175,6,United Kingdom,3,84,157.57,True,20.0,5,4,3,12,Champions,3,Active Mid-Value
13324,10,7121.95,5205,25,United Kingdom,36,360,712.1949999999999,True,35.77777777777778,3,5,5,13,Loyal,2,High-Value Loyal
13325,1,675.3,240,12,United Kingdom,81,81,675.3,False,,2,1,3,6,Lost,0,Dormant Low-Value
13327,8,3627.77,1600,74,United Kingdom,38,365,453.47125,True,46.142857142857146,3,5,5,13,Loyal,1,Lapsing Mid-Value
13328,1,1308.48,680,17,United Kingdom,316,316,1308.48,False,,1,1,4,6,Lost,0,Dormant Low-Value
13329,2,789.0,463,16,United Kingdom,31,366,394.5,True,335.0,4,2,3,9,New / Promising,3,Active Mid-Value
13330,3,1140.93,751,37,United Kingdom,92,315,380.31,True,111.5,2,3,4,9,Hibernating,1,Lapsing Mid-Value
13332,1,350.90000000000003,179,21,United Kingdom,14,14,350.90000000000003,False,,5,1,2,8,New / Promising,3,Active Mid-Value
13334,3,3502.32,1764,207,United Kingdom,82,305,1167.44,True,111.0,2,3,5,10,Hibernating,1,Lapsing Mid-Value
13336,1,795.12,559,51,United Kingdom,77,77,795.12,False,,2,1,3,6,Lost,0,Dormant Low-Value
13338,1,437.02,255,18,United Kingdom,157,157,437.02,False,,2,1,2,5,Lost,0,Dormant Low-Value
13339,1,860.12,326,54,United Kingdom,200,200,860.12,False,,1,1,3,5,Lost,0,Dormant Low-Value
13340,7,10736.48,5770,128,United Kingdom,45,276,1533.782857142857,True,38.333333333333336,3,5,5,13,Loyal,2,High-Value Loyal
13341,1,775.85,301,42,United Kingdom,260,260,775.85,False,,1,1,3,5,Lost,0,Dormant Low-Value
13343,1,303.43,134,18,United Kingdom,177,177,303.43,False,,2,1,2,5,Lost,0,Dormant Low-Value
13344,3,2511.69,952,115,United Kingdom,67,277,837.23,True,104.5,3,3,5,11,Loyal,1,Lapsing Mid-Value
13345,1,339.5,140,19,United Kingdom,287,287,339.5,False,,1,1,2,4,Lost,0,Dormant Low-Value
13347,1,291.36,204,7,United Kingdom,70,70,291.36,False,,3,1,2,6,Needs Attention,0,Dormant Low-Value
13348,1,233.76000000000002,136,14,United Kingdom,64,64,233.76000000000002,False,,3,1,1,5,Needs Attention,0,Dormant Low-Value
13349,1,197.32,224,15,United Kingdom,10,10,197.32,False,,5,1,1,7,New / Promising,3,Active Mid-Value
13350,2,879.12,285,35,United Kingdom,16,79,439.56,True,63.0,4,2,3,9,New / Promising,3,Active Mid-Value
13351,1,323.94,116,15,United Kingdom,66,66,323.94,False,,3,1,2,6,Needs Attention,0,Dormant Low-Value
13352,1,347.98,320,23,United Kingdom,60,60,347.98,False,,3,1,2,6,Needs Attention,0,Dormant Low-Value
13354,1,743.53,604,51,United Kingdom,71,71,743.53,False,,3,1,3,7,Needs Attention,0,Dormant Low-Value
13355,1,674.7,314,32,United Kingdom,122,122,674.7,False,,2,1,3,6,Lost,0,Dormant Low-Value
13356,1,768.24,325,42,United Kingdom,80,80,768.24,False,,2,1,3,6,Lost,0,Dormant Low-Value
13357,1,609.4,321,85,United Kingdom,257,257,609.4,False,,1,1,3,5,Lost,0,Dormant Low-Value
13358,1,389.03000000000003,284,28,United Kingdom,268,268,389.03000000000003,False,,1,1,2,4,Lost,0,Dormant Low-Value
13359,1,389.56,160,22,United Kingdom,63,63,389.56,False,,3,1,2,6,Needs Attention,0,Dormant Low-Value
13362,4,3090.7400000000002,1382,128,United Kingdom,9,287,772.6850000000001,True,92.33333333333333,5,4,5,14,Champions,2,High-Value Loyal
13363,2,892.5,708,46,United Kingdom,17,43,446.25,True,26.0,4,2,3,9,New / Promising,3,Active Mid-Value
13364,1,134.96,71,10,United Kingdom,71,71,134.96,False,,3,1,1,5,Needs Attention,0,Dormant Low-Value
13365,2,2225.37,1247,122,United Kingdom,33,217,1112.685,True,184.0,3,2,5,10,Needs Attention,1,Lapsing Mid-Value
13366,1,56.16,144,1,United Kingdom,50,50,56.16,False,,3,1,1,5,Needs Attention,0,Dormant Low-Value
13368,2,573.4,326,28,United Kingdom,256,337,286.7,True,80.0,1,2,3,6,Lost,0,Dormant Low-Value
13369,1,258.28000000000003,148,13,United Kingdom,365,365,258.28000000000003,False,,1,1,2,4,Lost,0,Dormant Low-Value
13370,1,754.87,343,39,United Kingdom,371,371,754.87,False,,1,1,3,5,Lost,0,Dormant Low-Value
13372,1,328.64,158,22,United Kingdom,89,89,328.64,False,,2,1,2,5,Lost,0,Dormant Low-Value
13373,3,3312.25,1651,135,United Kingdom,60,276,1104.0833333333333,True,107.0,3,3,5,11,Loyal,1,Lapsing Mid-Value
13375,1,778.65,442,37,United Kingdom,88,88,778.65,False,,2,1,3,6,Lost,0,Dormant Low-Value
13376,3,869.76,490,44,United Kingdom,99,234,289.92,True,67.0,2,3,3,8,Hibernating,1,Lapsing Mid-Value
13379,3,572.56,601,85,United Kingdom,26,136,190.85333333333332,True,54.5,4,3,3,10,Loyal,3,Active Mid-Value
13381,6,3639.31,2029,77,United Kingdom,31,298,606.5516666666666,True,53.0,4,5,5,14,Champions,1,Lapsing Mid-Value
13382,1,222.99,131,15,United Kingdom,280,280,222.99,False,,1,1,1,3,Lost,0,Dormant Low-Value
13384,7,4151.93,2422,123,United Kingdom,30,178,593.1328571428572,True,24.166666666666668,4,5,5,14,Champions,2,High-Value Loyal
13385,1,534.57,281,35,United Kingdom,329,329,534.57,False,,1,1,3,5,Lost,0,Dormant Low-Value
13388,2,677.1,282,35,United Kingdom,131,131,338.55,True,0.0,2,2,3,7,Lost,0,Dormant Low-Value
13389,3,797.96,429,50,United Kingdom,11,232,265.9866666666667,True,110.0,5,3,3,11,Loyal,3,Active Mid-Value
13390,1,544.08,224,13,United Kingdom,74,74,544.08,False,,2,1,3,6,Lost,0,Dormant Low-Value
13391,1,59.8,4,1,United Kingdom,203,203,59.8,False,,1,1,1,3,Lost,0,Dormant Low-Value
13394,8,2520.02,2392,124,United Kingdom,1,309,315.0025,True,43.57142857142857,5,5,5,15,Champions,2,High-Value Loyal
13395,1,307.72,336,21,United Kingdom,185,185,307.72,False,,1,1,2,4,Lost,0,Dormant Low-Value
13396,2,1360.99,600,42,United Kingdom,29,319,680.495,True,290.0,4,2,4,10,New / Promising,1,Lapsing Mid-Value
13397,5,1544.13,430,28,United Kingdom,72,339,308.826,True,66.0,2,4,4,10,At Risk,1,Lapsing Mid-Value
13398,1,457.34000000000003,281,26,United Kingdom,192,192,457.34000000000003,False,,1,1,2,4,Lost,0,Dormant Low-Value
13402,2,621.23,479,32,United Kingdom,127,372,310.615,True,244.0,2,2,3,7,Lost,0,Dormant Low-Value
13403,1,75.0,44,3,United Kingdom,17,17,75.0,False,,4,1,1,6,New / Promising,3,Active Mid-Value
13404,2,252.49,111,11,United Kingdom,1,212,126.245,True,211.0,5,2,2,9,New / Promising,3,Active Mid-Value
13405,2,557.45,163,24,United Kingdom,204,317,278.725,True,113.0,1,2,3,6,Lost,0,Dormant Low-Value
13408,62,28117.04,16232,234,United Kingdom,1,373,453.5006451612903,True,5.786885245901639,5,5,5,15,Champions,2,High-Value Loyal
13410,5,1003.06,518,15,United Kingdom,24,291,200.612,True,66.5,4,4,4,12,Champions,1,Lapsing Mid-Value
13411,1,213.55,72,17,United Kingdom,107,107,213.55,False,,2,1,1,4,Lost,0,Dormant Low-Value
13414,3,1390.5,1574,23,United Kingdom,133,296,463.5,True,81.0,2,3,4,9,Hibernating,1,Lapsing Mid-Value
13416,2,712.5,142,11,United Kingdom,43,81,356.25,True,37.0,3,2,3,8,Needs Attention,1,Lapsing Mid-Value
13417,2,640.83,162,26,United Kingdom,4,205,320.415,True,200.0,5,2,3,10,New / Promising,3,Active Mid-Value
13418,18,6127.43,3918,223,United Kingdom,11,372,340.4127777777778,True,20.823529411764707,5,5,5,15,Champions,2,High-Value Loyal
13419,1,221.06,275,16,United Kingdom,63,63,221.06,False,,3,1,1,5,Needs Attention,0,Dormant Low-Value
13420,2,159.85,101,8,United Kingdom,149,170,79.925,True,20.0,2,2,1,5,Lost,0,Dormant Low-Value
13421,2,1823.21,1103,87,United Kingdom,40,290,911.605,True,249.0,3,2,4,9,Needs Attention,1,Lapsing Mid-Value
13422,1,2626.3,1326,127,United Kingdom,64,64,2626.3,False,,3,1,5,9,Needs Attention,1,Lapsing Mid-Value
13425,3,1624.21,1123,66,United Kingdom,108,294,541.4033333333333,True,93.0,2,3,4,9,Hibernating,1,Lapsing Mid-Value
13426,10,3641.32,2245,103,United Kingdom,0,359,364.132,True,39.333333333333336,5,5,5,15,Champions,2,High-Value Loyal
13427,3,582.6,545,25,United Kingdom,19,215,194.20000000000002,True,97.5,4,3,3,10,Loyal,3,Active Mid-Value
13428,1,201.78,151,70,United Kingdom,10,10,201.78,False,,5,1,1,7,New / Promising,3,Active Mid-Value
13429,4,1006.8,1390,55,United Kingdom,10,75,251.7,True,20.666666666666668,5,4,4,13,Champions,3,Active Mid-Value
13430,2,679.45,751,48,United Kingdom,18,86,339.725,True,67.0,4,2,3,9,New / Promising,3,Active Mid-Value
13431,2,1269.1,672,44,United Kingdom,67,88,634.55,True,21.0,3,2,4,9,Needs Attention,1,Lapsing Mid-Value
13434,2,534.24,300,9,United Kingdom,74,96,267.12,True,22.0,2,2,3,7,Lost,0,Dormant Low-Value
13435,7,3809.89,2129,68,United Kingdom,5,189,544.27,True,30.166666666666668,5,5,5,15,Champions,2,High-Value Loyal
13436,1,196.89,76,12,United Kingdom,1,1,196.89,False,,5,1,1,7,New / Promising,3,Active Mid-Value
13437,7,3408.06,1283,143,United Kingdom,14,190,486.86571428571426,True,28.833333333333332,5,5,5,15,Champions,2,High-Value Loyal
13439,1,283.71,242,54,United Kingdom,255,255,283.71,False,,1,1,2,4,Lost,0,Dormant Low-Value
13441,1,296.64,204,13,United Kingdom,91,91,296.64,False,,2,1,2,5,Lost,0,Dormant Low-Value
13447,3,1129.14,584,55,United Kingdom,23,35,376.38000000000005,True,6.0,4,3,4,11,Loyal,1,Lapsing Mid-Value
13448,6,3534.69,1648,137,United Kingdom,16,373,589.115,True,71.0,4,5,5,14,Champions,2,High-Value Loyal
13449,1,291.88,222,19,United Kingdom,23,23,291.88,False,,4,1,2,7,New / Promising,3,Active Mid-Value
13450,6,2043.72,1982,32,United Kingdom,26,218,340.62,True,37.8,4,5,5,14,Champions,1,Lapsing Mid-Value
13451,5,2898.2599999999998,2128,315,United Kingdom,26,334,579.6519999999999,True,76.5,4,4,5,13,Champions,1,Lapsing Mid-Value
13452,2,590.0,2,1,United Kingdom,259,270,295.0,True,11.0,1,2,3,6,Lost,0,Dormant Low-Value
13453,2,356.98,134,16,United Kingdom,165,289,178.49,True,123.0,2,2,2,6,Lost,0,Dormant Low-Value
13455,2,1058.34,354,42,United Kingdom,24,366,529.17,True,341.0,4,2,4,10,New / Promising,3,Active Mid-Value
13456,6,1766.72,765,43,United Kingdom,17,207,294.4533333333333,True,37.4,4,5,4,13,Champions,1,Lapsing Mid-Value
13458,14,9646.57,5508,242,United Kingdom,7,359,689.0407142857142,True,26.615384615384617,5,5,5,15,Champions,2,High-Value Loyal
13460,2,183.44,286,16,United Kingdom,29,49,91.72,True,20.0,4,2,1,7,New / Promising,3,Active Mid-Value
13461,3,1445.0,1170,14,United Kingdom,38,163,481.6666666666667,True,62.0,3,3,4,10,Loyal,1,Lapsing Mid-Value
13462,1,151.5,62,9,United Kingdom,252,252,151.5,False,,1,1,1,3,Lost,0,Dormant Low-Value
13464,1,674.68,403,41,United Kingdom,58,58,674.68,False,,3,1,3,7,Needs Attention,0,Dormant Low-Value
13466,1,307.90000000000003,259,17,United Kingdom,184,184,307.90000000000003,False,,1,1,2,4,Lost,0,Dormant Low-Value
13467,2,1071.91,580,89,United Kingdom,10,36,535.955,True,25.0,5,2,4,11,New / Promising,3,Active Mid-Value
13468,37,5704.97,2589,184,United Kingdom,1,373,154.1883783783784,True,9.777777777777779,5,5,5,15,Champions,2,High-Value Loyal
13470,2,165.0,100,7,United Kingdom,99,115,82.5,True,15.0,2,2,1,5,Lost,0,Dormant Low-Value
13471,4,2501.84,1583,214,United Kingdom,1,47,625.46,True,15.0,5,4,5,14,Champions,2,High-Value Loyal
13473,2,422.64,266,21,United Kingdom,60,332,211.32,True,272.0,3,2,2,7,Needs Attention,0,Dormant Low-Value
13474,1,226.84,129,59,United Kingdom,236,236,226.84,False,,1,1,1,3,Lost,0,Dormant Low-Value
13475,4,1431.78,1012,64,United Kingdom,191,298,357.945,True,35.333333333333336,1,4,4,9,At Risk,1,Lapsing Mid-Value
13476,2,1238.47,417,56,United Kingdom,178,281,619.235,True,102.0,2,2,4,8,Lost,1,Lapsing Mid-Value
13477,6,1454.58,1021,57,United Kingdom,37,291,242.42999999999998,True,50.4,3,5,4,12,Loyal,1,Lapsing Mid-Value
13479,2,300.95,134,14,United Kingdom,200,234,150.475,True,33.0,1,2,2,5,Lost,0,Dormant Low-Value
13481,5,1804.56,1142,98,United Kingdom,45,256,360.912,True,52.25,3,4,4,11,Loyal,1,Lapsing Mid-Value
13482,1,184.64000000000001,116,11,United Kingdom,232,232,184.64000000000001,False,,1,1,1,3,Lost,0,Dormant Low-Value
13483,1,140.34,160,10,United Kingdom,65,65,140.34,False,,3,1,1,5,Needs Attention,0,Dormant Low-Value
13484,1,313.8,44,8,United Kingdom,241,241,313.8,False,,1,1,2,4,Lost,0,Dormant Low-Value
13485,1,454.24,277,23,United Kingdom,233,233,454.24,False,,1,1,2,4,Lost,0,Dormant Low-Value
13486,3,1122.41,669,69,United Kingdom,78,155,374.1366666666667,True,38.0,2,3,4,9,Hibernating,1,Lapsing Mid-Value
13487,3,575.4,265,26,United Kingdom,57,353,191.79999999999998,True,147.5,3,3,3,9,Loyal,1,Lapsing Mid-Value
13488,13,8968.31,4518,271,United Kingdom,17,367,689.87,True,28.833333333333332,4,5,5,14,Champions,2,High-Value Loyal
13489,4,449.52,560,11,United Kingdom,105,294,112.38,True,62.666666666666664,2,4,2,8,At Risk,1,Lapsing Mid-Value
13491,10,1215.82,903,73,United Kingdom,51,372,121.582,True,35.0,3,5,4,12,Loyal,1,Lapsing Mid-Value
13492,3,1269.84,408,38,Switzerland,136,214,423.28,True,38.5,2,3,4,9,Hibernating,1,Lapsing Mid-Value
13493,2,498.63,377,5,Switzerland,275,287,249.315,True,11.0,1,2,3,6,Lost,0,Dormant Low-Value
13494,1,316.26000000000005,162,18,United Kingdom,311,311,316.26000000000005,False,,1,1,2,4,Lost,0,Dormant Low-Value
13495,5,2044.8700000000001,829,34,United Kingdom,7,368,408.97400000000005,True,89.75,5,4,5,14,Champions,2,High-Value Loyal
13496,2,653.33,341,28,United Kingdom,10,359,326.665,True,349.0,5,2,3,10,New / Promising,3,Active Mid-Value
13497,2,348.05,163,19,United Kingdom,282,368,174.025,True,85.0,1,2,2,5,Lost,0,Dormant Low-Value
13499,5,1159.1100000000001,1365,31,United Kingdom,17,269,231.82200000000003,True,62.5,4,4,4,12,Champions,1,Lapsing Mid-Value
13500,3,1166.77,609,60,United Kingdom,23,122,388.92333333333335,True,49.0,4,3,4,11,Loyal,1,Lapsing Mid-Value
13501,1,1340.32,560,52,Switzerland,288,288,1340.32,False,,1,1,4,6,Lost,0,Dormant Low-Value
13502,3,292.0,264,17,United Kingdom,16,323,97.33333333333333,True,153.0,4,3,2,9,Loyal,3,Active Mid-Value
13503,1,216.85,248,17,United Kingdom,71,71,216.85,False,,3,1,1,5,Needs Attention,0,Dormant Low-Value
13504,1,295.93,178,22,United Kingdom,64,64,295.93,False,,3,1,2,6,Needs Attention,0,Dormant Low-Value
13505,4,3633.63,2467,181,Switzerland,72,232,908.4075,True,52.666666666666664,2,4,5,11,At Risk,1,Lapsing Mid-Value
13506,2,458.52,324,26,United Kingdom,316,369,229.26,True,53.0,1,2,2,5,Lost,0,Dormant Low-Value
13507,4,2479.16,1597,146,United Kingdom,3,145,619.79,True,47.0,5,4,5,14,Champions,2,High-Value Loyal
13508,1,110.97,24,12,United Kingdom,243,243,110.97,False,,1,1,1,3,Lost,0,Dormant Low-Value
13509,6,964.72,1105,26,United Kingdom,8,284,160.78666666666666,True,54.6,5,5,4,14,Champions,3,Active Mid-Value
13510,4,1791.56,1386,86,United Kingdom,1,183,447.89,True,60.0,5,4,4,13,Champions,2,High-Value Loyal
13512,1,251.21,143,15,United Kingdom,260,260,251.21,False,,1,1,2,4,Lost,0,Dormant Low-Value
13513,1,205.1,109,10,United Kingdom,126,126,205.1,False,,2,1,1,4,Lost,0,Dormant Low-Value
13514,1,152.20000000000002,40,4,United Kingdom,73,73,152.20000000000002,False,,2,1,1,4,Lost,0,Dormant Low-Value
13515,4,891.12,681,50,United Kingdom,72,247,222.78,True,57.666666666666664,2,4,3,9,At Risk,1,Lapsing Mid-Value
13516,3,1389.41,985,43,United Kingdom,21,238,463.1366666666667,True,108.5,4,3,4,11,Loyal,1,Lapsing Mid-Value
13517,3,2128.42,1369,125,United Kingdom,59,179,709.4733333333334,True,60.0,3,3,5,11,Loyal,1,Lapsing Mid-Value
13518,1,627.16,382,36,United Kingdom,85,85,627.16,False,,2,1,3,6,Lost,0,Dormant Low-Value
13519,1,122.75,23,8,United Kingdom,78,78,122.75,False,,2,1,1,4,Lost,0,Dormant Low-Value
13520,6,2984.35,1633,48,Switzerland,58,371,497.39166666666665,True,62.2,3,5,5,13,Loyal,1,Lapsing Mid-Value
13521,3,1070.47,715,312,United Kingdom,1,10,356.8233333333333,True,3.5,5,3,4,12,Loyal,3,Active Mid-Value
13522,1,125.80000000000001,44,5,United Kingdom,30,30,125.80000000000001,False,,4,1,1,6,New / Promising,0,Dormant Low-Value
13523,5,3964.88,1752,157,United Kingdom,33,366,792.976,True,83.0,3,4,5,12,Loyal,1,Lapsing Mid-Value
13524,5,680.1800000000001,324,17,United Kingdom,40,219,136.036,True,44.25,3,4,3,10,Loyal,1,Lapsing Mid-Value
13525,2,628.78,394,5,United Kingdom,14,248,314.39,True,233.0,5,2,3,10,New / Promising,3,Active Mid-Value
13527,7,2242.36,1683,153,United Kingdom,33,326,320.33714285714285,True,48.5,3,5,5,13,Loyal,1,Lapsing Mid-Value
13529,2,307.76,74,15,United Kingdom,78,204,153.88,True,125.0,2,2,2,6,Lost,0,Dormant Low-Value
13531,2,483.8,174,17,United Kingdom,205,366,241.9,True,161.0,1,2,3,6,Lost,0,Dormant Low-Value
13532,1,210.31,129,66,United Kingdom,33,33,210.31,False,,3,1,1,5,Needs Attention,3,Active Mid-Value
13533,3,269.09,202,61,United Kingdom,182,267,89.69666666666666,True,42.0,1,3,2,6,Hibernating,0,Dormant Low-Value
13534,25,5870.08,2961,119,United Kingdom,2,358,234.8032,True,14.458333333333334,5,5,5,15,Champions,2,High-Value Loyal
13536,7,3444.39,2126,91,United Kingdom,1,75,492.05571428571426,True,11.833333333333334,5,5,5,15,Champions,2,High-Value Loyal
13538,7,1280.85,175,10,United Kingdom,43,315,182.97857142857143,True,45.0,3,5,4,12,Loyal,1,Lapsing Mid-Value
13539,3,631.34,320,35,United Kingdom,85,309,210.4466666666667,True,111.0,2,3,3,8,Hibernating,1,Lapsing Mid-Value
13544,2,276.06,112,76,United Kingdom,39,240,138.03,True,200.0,3,2,2,7,Needs Attention,3,Active Mid-Value
13546,3,621.09,357,72,United Kingdom,12,200,207.03,True,93.5,5,3,3,11,Loyal,3,Active Mid-Value
13548,2,678.16,436,114,United Kingdom,96,243,339.08,True,147.0,2,2,3,7,Lost,0,Dormant Low-Value
13549,7,918.2,458,37,United Kingdom,25,242,131.17142857142858,True,35.666666666666664,4,5,3,12,Champions,1,Lapsing Mid-Value
13551,1,91.80000000000001,12,4,United Kingdom,319,319,91.80000000000001,False,,1,1,1,3,Lost,0,Dormant Low-Value
13552,12,3740.07,1417,82,United Kingdom,66,315,311.6725,True,22.454545454545453,3,5,5,13,Loyal,2,High-Value Loyal
13555,4,4098.88,2636,128,United Kingdom,73,201,1024.72,True,42.666666666666664,2,4,5,11,At Risk,1,Lapsing Mid-Value
13557,2,584.0600000000001,546,31,United Kingdom,28,280,292.03000000000003,True,252.0,4,2,3,9,New / Promising,3,Active Mid-Value
13558,4,594.52,338,123,United Kingdom,5,68,148.63,True,20.333333333333332,5,4,3,12,Champions,3,Active Mid-Value
13560,1,171.42000000000002,63,32,United Kingdom,7,7,171.42000000000002,False,,5,1,1,7,New / Promising,3,Active Mid-Value
13561,1,141.85999999999999,83,14,United Kingdom,215,215,141.85999999999999,False,,1,1,1,3,Lost,0,Dormant Low-Value
13562,3,1799.3300000000002,757,50,United Kingdom,81,245,599.7766666666668,True,81.5,2,3,4,9,Hibernating,1,Lapsing Mid-Value
13563,2,777.53,209,49,United Kingdom,84,140,388.765,True,55.0,2,2,3,7,Lost,1,Lapsing Mid-Value
13564,2,1174.03,635,67,United Kingdom,354,368,587.015,True,13.0,1,2,4,7,Lost,0,Dormant Low-Value
13565,2,240.22,172,35,United Kingdom,19,334,120.11,True,315.0,4,2,1,7,New / Promising,3,Active Mid-Value
13566,2,856.84,567,134,United Kingdom,40,82,428.42,True,41.0,3,2,3,8,Needs Attention,1,Lapsing Mid-Value
13568,1,187.05,66,41,United Kingdom,173,173,187.05,False,,2,1,1,4,Lost,0,Dormant Low-Value
13569,2,337.12,155,72,United Kingdom,17,367,168.56,True,350.0,4,2,2,8,New / Promising,3,Active Mid-Value
13570,1,239.49,161,27,United Kingdom,243,243,239.49,False,,1,1,1,3,Lost,0,Dormant Low-Value
13571,12,2088.94,1757,157,United Kingdom,12,253,174.07833333333335,True,21.454545454545453,5,5,5,15,Champions,2,High-Value Loyal
13572,1,1384.25,534,32,United Kingdom,205,205,1384.25,False,,1,1,4,6,Lost,0,Dormant Low-Value
13573,2,290.25,302,24,United Kingdom,50,253,145.125,True,202.0,3,2,2,7,Needs Attention,0,Dormant Low-Value
13575,5,732.07,449,41,United Kingdom,23,176,146.41400000000002,True,37.75,4,4,3,11,Champions,1,Lapsing Mid-Value
13576,18,6717.34,2646,78,United Kingdom,10,373,373.18555555555554,True,20.823529411764707,5,5,5,15,Champions,2,High-Value Loyal
13577,4,1687.6000000000001,791,61,United Kingdom,25,241,421.90000000000003,True,71.66666666666667,4,4,4,12,Champions,1,Lapsing Mid-Value
13579,2,467.04,176,19,United Kingdom,14,369,233.52,True,354.0,5,2,2,9,New / Promising,3,Active Mid-Value
13581,1,118.0,30,10,United Kingdom,309,309,118.0,False,,1,1,1,3,Lost,0,Dormant Low-Value
13583,1,781.03,725,53,United Kingdom,155,155,781.03,False,,2,1,3,6,Lost,0,Dormant Low-Value
13584,1,142.4,37,24,United Kingdom,306,306,142.4,False,,1,1,1,3,Lost,0,Dormant Low-Value
13587,1,712.4,180,8,United Kingdom,63,63,712.4,False,,3,1,3,7,Needs Attention,0,Dormant Low-Value
13588,9,2478.95,2606,131,United Kingdom,15,255,275.43888888888887,True,29.5,4,5,5,14,Champions,2,High-Value Loyal
13589,2,379.65,114,21,United Kingdom,14,179,189.825,True,164.0,5,2,2,9,New / Promising,3,Active Mid-Value
13590,6,1981.92,1848,70,United Kingdom,11,303,330.32,True,58.2,5,5,4,14,Champions,2,High-Value Loyal
13591,3,1117.13,485,56,United Kingdom,64,266,372.3766666666667,True,100.5,3,3,4,10,Loyal,1,Lapsing Mid-Value
13592,4,247.95999999999998,84,15,United Kingdom,35,264,61.989999999999995,True,76.0,3,4,2,9,Loyal,3,Active Mid-Value
13593,5,2011.88,719,77,United Kingdom,108,336,402.37600000000003,True,56.75,2,4,4,10,At Risk,1,Lapsing Mid-Value
13594,1,396.97,359,26,United Kingdom,52,52,396.97,False,,3,1,2,6,Needs Attention,0,Dormant Low-Value
13596,2,664.11,384,133,United Kingdom,5,12,332.055,True,7.0,5,2,3,10,New / Promising,3,Active Mid-Value
13598,1,160.04,52,33,United Kingdom,47,47,160.04,False,,3,1,1,5,Needs Attention,0,Dormant Low-Value
13599,21,5149.92,3293,171,United Kingdom,1,366,245.2342857142857,True,17.95,5,5,5,15,Champions,2,High-Value Loyal
13600,1,219.52,324,19,United Kingdom,312,312,219.52,False,,1,1,1,3,Lost,0,Dormant Low-Value
13601,2,693.32,548,90,United Kingdom,45,211,346.66,True,166.0,3,2,3,8,Needs Attention,1,Lapsing Mid-Value
13602,1,428.89,267,23,United Kingdom,64,64,428.89,False,,3,1,2,6,Needs Attention,0,Dormant Low-Value
13603,1,164.34,164,27,United Kingdom,26,26,164.34,False,,4,1,1,6,New / Promising,3,Active Mid-Value
13606,3,276.75,276,40,United Kingdom,29,311,92.25,True,141.0,4,3,2,9,Loyal,3,Active Mid-Value
13607,1,675.51,288,93,United Kingdom,40,40,675.51,False,,3,1,3,7,Needs Attention,3,Active Mid-Value
13610,7,1082.33,488,165,United Kingdom,12,285,154.6185714285714,True,44.833333333333336,5,5,4,14,Champions,1,Lapsing Mid-Value
13611,3,1154.4,754,67,United Kingdom,89,359,384.8,True,135.0,2,3,4,9,Hibernating,1,Lapsing Mid-Value
13614,4,1585.46,564,171,United Kingdom,24,330,396.365,True,101.66666666666667,4,4,4,12,Champions,1,Lapsing Mid-Value
13615,1,417.69,189,23,United Kingdom,318,318,417.69,False,,1,1,2,4,Lost,0,Dormant Low-Value
13617,3,544.18,300,31,United Kingdom,40,180,181.39333333333332,True,70.0,3,3,3,9,Loyal,1,Lapsing Mid-Value
13618,1,177.34,246,13,United Kingdom,173,173,177.34,False,,2,1,1,4,Lost,0,Dormant Low-Value
13621,1,213.85,343,19,United Kingdom,116,116,213.85,False,,2,1,1,4,Lost,0,Dormant Low-Value
13623,5,727.74,286,75,United Kingdom,30,297,145.548,True,66.25,4,4,3,11,Champions,1,Lapsing Mid-Value
13626,1,257.23,209,19,United Kingdom,252,252,257.23,False,,1,1,2,4,Lost,0,Dormant Low-Value
13627,5,1638.47,1269,84,United Kingdom,59,357,327.694,True,74.0,3,4,4,11,Loyal,1,Lapsing Mid-Value
13629,11,7792.36,4372,28,United Kingdom,23,338,708.3963636363636,True,31.0,4,5,5,14,Champions,2,High-Value Loyal
13630,7,2031.78,1391,51,United Kingdom,5,285,290.2542857142857,True,46.166666666666664,5,5,5,15,Champions,2,High-Value Loyal
13631,11,3070.42,467,6,United Kingdom,99,267,279.1290909090909,True,16.5,2,5,5,12,At Risk,1,Lapsing Mid-Value
13632,5,2118.93,1031,121,United Kingdom,24,243,423.78599999999994,True,54.25,4,4,5,13,Champions,1,Lapsing Mid-Value
13634,5,1547.3600000000001,700,156,United Kingdom,33,327,309.47200000000004,True,73.0,3,4,4,11,Loyal,1,Lapsing Mid-Value
13635,1,1071.03,677,62,United Kingdom,67,67,1071.03,False,,3,1,4,8,Needs Attention,0,Dormant Low-Value
13636,5,949.12,592,57,United Kingdom,36,285,189.824,True,61.75,3,4,4,11,Loyal,1,Lapsing Mid-Value
13637,3,803.05,404,78,United Kingdom,52,226,267.68333333333334,True,87.0,3,3,3,9,Loyal,1,Lapsing Mid-Value
13638,1,122.64,93,8,United Kingdom,15,15,122.64,False,,4,1,1,6,New / Promising,3,Active Mid-Value
13639,1,1033.34,800,39,United Kingdom,74,74,1033.34,False,,2,1,4,7,Lost,0,Dormant Low-Value
13642,1,312.28,151,57,United Kingdom,215,215,312.28,False,,1,1,2,4,Lost,0,Dormant Low-Value
13643,3,519.44,273,24,United Kingdom,31,185,173.14666666666668,True,76.5,4,3,3,10,Loyal,3,Active Mid-Value
13644,4,2624.26,2067,144,United Kingdom,16,105,656.065,True,29.333333333333332,4,4,5,13,Champions,1,Lapsing Mid-Value
13645,1,252.1,158,5,United Kingdom,120,120,252.1,False,,2,1,2,5,Lost,0,Dormant Low-Value
13647,4,1648.1200000000001,887,65,United Kingdom,9,234,412.03000000000003,True,74.66666666666667,5,4,4,13,Champions,1,Lapsing Mid-Value
13649,2,346.6,139,23,United Kingdom,256,366,173.3,True,109.0,1,2,2,5,Lost,0,Dormant Low-Value
13650,6,1836.3400000000001,922,79,United Kingdom,16,267,306.0566666666667,True,49.8,4,5,4,13,Champions,1,Lapsing Mid-Value
13651,1,79.2,32,5,United Kingdom,39,39,79.2,False,,3,1,1,5,Needs Attention,0,Dormant Low-Value
13652,3,1095.08,578,48,United Kingdom,45,368,365.02666666666664,True,161.0,3,3,4,10,Loyal,1,Lapsing Mid-Value
13654,6,2707.33,2182,157,United Kingdom,43,273,451.22166666666664,True,45.8,3,5,5,13,Loyal,1,Lapsing Mid-Value
13655,2,932.97,605,52,United Kingdom,114,241,466.485,True,127.0,2,2,4,8,Lost,1,Lapsing Mid-Value
13656,2,379.65,490,49,United Kingdom,164,337,189.825,True,172.0,2,2,2,6,Lost,0,Dormant Low-Value
13657,2,382.14,209,16,United Kingdom,10,201,191.07,True,190.0,5,2,2,9,New / Promising,3,Active Mid-Value
13658,5,2639.17,1019,91,United Kingdom,9,204,527.8340000000001,True,48.25,5,4,5,14,Champions,2,High-Value Loyal
13659,2,1563.0,882,92,United Kingdom,205,320,781.5,True,115.0,1,2,4,7,Lost,1,Lapsing Mid-Value
13662,3,881.26,533,50,United Kingdom,85,259,293.75333333333333,True,86.5,2,3,3,8,Hibernating,1,Lapsing Mid-Value
13663,1,189.47,91,13,United Kingdom,179,179,189.47,False,,2,1,1,4,Lost,0,Dormant Low-Value
13666,3,84.65,41,12,United Kingdom,60,287,28.21666666666667,True,113.5,3,3,1,7,Loyal,0,Dormant Low-Value
13667,1,299.05,149,82,United Kingdom,149,149,299.05,False,,2,1,2,5,Lost,0,Dormant Low-Value
13668,21,6309.83,3722,284,United Kingdom,2,362,300.46809523809526,True,17.5,5,5,5,15,Champions,2,High-Value Loyal
13669,2,218.55,237,9,United Kingdom,50,149,109.275,True,98.0,3,2,1,6,Needs Attention,0,Dormant Low-Value
13670,1,349.7,282,25,United Kingdom,75,75,349.7,False,,2,1,2,5,Lost,0,Dormant Low-Value
13672,2,186.39000000000001,57,4,United Kingdom,301,332,93.19500000000001,True,30.0,1,2,1,4,Lost,0,Dormant Low-Value
13673,2,387.44,114,47,United Kingdom,18,32,193.72,True,13.0,4,2,2,8,New / Promising,3,Active Mid-Value
13675,2,486.82000000000005,330,25,United Kingdom,151,284,243.41000000000003,True,133.0,2,2,3,7,Lost,0,Dormant Low-Value
13678,1,232.6,924,16,United Kingdom,151,151,232.6,False,,2,1,1,4,Lost,0,Dormant Low-Value
13680,4,3719.12,1934,164,United Kingdom,1,339,929.78,True,112.33333333333333,5,4,5,14,Champions,2,High-Value Loyal
13681,4,827.83,360,37,United Kingdom,17,155,206.9575,True,45.333333333333336,4,4,3,11,Champions,1,Lapsing Mid-Value
13682,1,59.5,10,3,United Kingdom,187,187,59.5,False,,1,1,1,3,Lost,0,Dormant Low-Value
13684,1,65.13,38,29,United Kingdom,285,285,65.13,False,,1,1,1,3,Lost,0,Dormant Low-Value
13685,7,3119.44,5056,29,United Kingdom,2,60,445.63428571428574,True,9.166666666666666,5,5,5,15,Champions,2,High-Value Loyal
13686,1,72.0,70,8,United Kingdom,182,182,72.0,False,,1,1,1,3,Lost,0,Dormant Low-Value
13689,1,910.0,512,6,United Kingdom,63,63,910.0,False,,3,1,3,7,Needs Attention,0,Dormant Low-Value
13690,1,172.25,67,9,United Kingdom,59,59,172.25,False,,3,1,1,5,Needs Attention,0,Dormant Low-Value
13692,3,1488.32,1226,48,United Kingdom,24,236,496.1066666666666,True,105.5,4,3,4,11,Loyal,1,Lapsing Mid-Value
13694,50,65039.62,63312,366,United Kingdom,3,373,1300.7924,True,7.142857142857143,5,5,5,15,Champions,2,High-Value Loyal
13695,15,2504.13,1603,46,United Kingdom,31,259,166.942,True,15.928571428571429,4,5,5,14,Champions,2,High-Value Loyal
13697,1,151.3,177,12,United Kingdom,38,38,151.3,False,,3,1,1,5,Needs Attention,0,Dormant Low-Value
13699,1,308.58000000000004,66,14,United Kingdom,155,155,308.58000000000004,False,,2,1,2,5,Lost,0,Dormant Low-Value
13700,10,2248.63,2281,139,United Kingdom,26,327,224.863,True,33.111111111111114,4,5,5,14,Champions,2,High-Value Loyal
13703,1,99.5,10,1,United Kingdom,318,318,99.5,False,,1,1,1,3,Lost,0,Dormant Low-Value
13704,9,2308.06,1531,111,United Kingdom,5,88,256.4511111111111,True,10.125,5,5,5,15,Champions,2,High-Value Loyal
13705,3,711.86,363,25,United Kingdom,7,373,237.28666666666666,True,182.5,5,3,3,11,Loyal,3,Active Mid-Value
13706,1,330.79,189,20,United Kingdom,302,302,330.79,False,,1,1,2,4,Lost,0,Dormant Low-Value
13707,2,806.41,351,48,United Kingdom,267,315,403.205,True,48.0,1,2,3,6,Lost,0,Dormant Low-Value
13708,1,283.33,300,48,United Kingdom,271,271,283.33,False,,1,1,2,4,Lost,0,Dormant Low-Value
13709,13,6307.650000000001,3508,244,United Kingdom,3,315,485.2038461538462,True,25.666666666666668,5,5,5,15,Champions,2,High-Value Loyal
13710,1,180.48,176,8,United Kingdom,31,31,180.48,False,,4,1,1,6,New / Promising,3,Active Mid-Value
13711,2,252.06,140,11,United Kingdom,218,218,126.03,True,0.0,1,2,2,5,Lost,0,Dormant Low-Value
13712,1,228.84,352,10,United Kingdom,246,246,228.84,False,,1,1,1,3,Lost,0,Dormant Low-Value
13715,5,1077.39,562,89,United Kingdom,281,372,215.478,True,22.5,1,4,4,9,At Risk,1,Lapsing Mid-Value
13716,1,138.28,138,21,United Kingdom,269,269,138.28,False,,1,1,1,3,Lost,0,Dormant Low-Value
13717,6,1445.01,1959,92,United Kingdom,32,298,240.835,True,52.6,4,5,4,13,Champions,1,Lapsing Mid-Value
13718,2,306.55,173,9,United Kingdom,246,295,153.275,True,49.0,1,2,2,5,Lost,0,Dormant Low-Value
13719,5,1041.68,609,56,United Kingdom,15,234,208.336,True,54.25,4,4,4,12,Champions,1,Lapsing Mid-Value
13720,4,799.9,501,42,United Kingdom,116,254,199.975,True,45.333333333333336,2,4,3,9,At Risk,1,Lapsing Mid-Value
13721,1,524.14,316,28,United Kingdom,36,36,524.14,False,,3,1,3,7,Needs Attention,3,Active Mid-Value
13722,3,2375.41,1401,75,United Kingdom,131,282,791.8033333333333,True,75.5,2,3,5,10,Hibernating,1,Lapsing Mid-Value
13723,1,199.85000000000002,43,6,United Kingdom,217,217,199.85000000000002,False,,1,1,1,3,Lost,0,Dormant Low-Value
13725,8,1980.56,806,95,United Kingdom,49,308,247.57,True,36.57142857142857,3,5,4,12,Loyal,1,Lapsing Mid-Value
13726,2,1079.66,1054,39,United Kingdom,38,100,539.83,True,61.0,3,2,4,9,Needs Attention,1,Lapsing Mid-Value
13727,2,333.48,162,19,United Kingdom,28,33,166.74,True,4.0,4,2,2,8,New / Promising,3,Active Mid-Value
13728,6,1016.14,458,38,United Kingdom,36,310,169.35666666666665,True,54.0,3,5,4,12,Loyal,1,Lapsing Mid-Value
13730,2,752.6,488,38,United Kingdom,135,161,376.3,True,25.0,2,2,3,7,Lost,0,Dormant Low-Value
13731,2,610.59,278,36,United Kingdom,219,246,305.295,True,27.0,1,2,3,6,Lost,0,Dormant Low-Value
13732,1,491.86,498,33,United Kingdom,28,28,491.86,False,,4,1,3,8,New / Promising,3,Active Mid-Value
13735,4,2883.54,1128,158,United Kingdom,24,234,720.885,True,69.33333333333333,4,4,5,13,Champions,1,Lapsing Mid-Value
13736,2,729.8,496,166,United Kingdom,5,260,364.9,True,255.0,5,2,3,10,New / Promising,3,Active Mid-Value
13737,1,339.6,125,29,United Kingdom,200,200,339.6,False,,1,1,2,4,Lost,0,Dormant Low-Value
13739,1,216.9,54,3,United Kingdom,18,18,216.9,False,,4,1,1,6,New / Promising,3,Active Mid-Value
13740,1,350.75,425,23,United Kingdom,240,240,350.75,False,,1,1,2,4,Lost,0,Dormant Low-Value
13741,3,668.4300000000001,218,34,United Kingdom,71,217,222.81000000000003,True,72.5,3,3,3,9,Loyal,1,Lapsing Mid-Value
13742,12,3107.87,1115,200,United Kingdom,16,320,258.9891666666667,True,27.09090909090909,4,5,5,14,Champions,2,High-Value Loyal
13743,7,1341.6,1776,8,United Kingdom,2,259,191.65714285714284,True,42.166666666666664,5,5,4,14,Champions,2,High-Value Loyal
13744,2,1080.52,1153,54,United Kingdom,95,292,540.26,True,197.0,2,2,4,8,Lost,1,Lapsing Mid-Value
13745,1,300.04,496,25,United Kingdom,162,162,300.04,False,,2,1,2,5,Lost,0,Dormant Low-Value
13747,1,79.6,8,1,United Kingdom,373,373,79.6,False,,1,1,1,3,Lost,0,Dormant Low-Value
13748,5,948.25,439,24,United Kingdom,95,373,189.65,True,69.25,2,4,4,10,At Risk,1,Lapsing Mid-Value
13750,5,1647.26,516,20,United Kingdom,53,336,329.452,True,70.0,3,4,4,11,Loyal,1,Lapsing Mid-Value
13751,1,296.25,152,9,United Kingdom,288,288,296.25,False,,1,1,2,4,Lost,0,Dormant Low-Value
13752,6,1175.38,874,64,United Kingdom,124,246,195.89666666666668,True,24.0,2,5,4,11,At Risk,1,Lapsing Mid-Value
13753,1,741.26,512,35,United Kingdom,287,287,741.26,False,,1,1,3,5,Lost,0,Dormant Low-Value
13754,2,282.6,214,11,United Kingdom,151,317,141.3,True,165.0,2,2,2,6,Lost,0,Dormant Low-Value
13755,9,2108.06,1242,232,United Kingdom,3,63,234.2288888888889,True,7.0,5,5,5,15,Champions,2,High-Value Loyal
13756,14,5189.52,3188,66,United Kingdom,2,367,370.68,True,27.53846153846154,5,5,5,15,Champions,2,High-Value Loyal
13758,7,3190.55,1844,104,United Kingdom,11,373,455.79285714285714,True,59.833333333333336,5,5,5,15,Champions,2,High-Value Loyal
13759,2,659.4100000000001,287,24,United Kingdom,33,71,329.70500000000004,True,37.0,3,2,3,8,Needs Attention,3,Active Mid-Value
13760,2,286.79,197,50,United Kingdom,54,256,143.395,True,202.0,3,2,2,7,Needs Attention,0,Dormant Low-Value
13761,2,1070.65,642,68,United Kingdom,50,179,535.325,True,129.0,3,2,4,9,Needs Attention,1,Lapsing Mid-Value
13762,1,306.72,272,7,United Kingdom,218,218,306.72,False,,1,1,2,4,Lost,0,Dormant Low-Value
13763,1,1714.96,728,15,United Kingdom,63,63,1714.96,False,,3,1,4,8,Needs Attention,1,Lapsing Mid-Value
13764,3,1516.42,923,182,United Kingdom,70,337,505.47333333333336,True,133.0,3,3,4,10,Loyal,1,Lapsing Mid-Value
13767,37,17220.36,7322,55,United Kingdom,2,373,465.41513513513513,True,9.86111111111111,5,5,5,15,Champions,2,High-Value Loyal
13769,10,2796.51,1163,73,United Kingdom,2,367,279.651,True,40.22222222222222,5,5,5,15,Champions,2,High-Value Loyal
13771,4,2634.45,1477,114,United Kingdom,64,247,658.6125,True,60.666666666666664,3,4,5,12,Loyal,1,Lapsing Mid-Value
13772,3,1122.63,540,141,United Kingdom,33,239,374.21000000000004,True,102.5,3,3,4,10,Loyal,1,Lapsing Mid-Value
13774,1,345.0,192,22,United Kingdom,81,81,345.0,False,,2,1,2,5,Lost,0,Dormant Low-Value
13777,33,25977.16,12897,36,United Kingdom,0,373,787.1866666666666,True,11.28125,5,5,5,15,Champions,2,High-Value Loyal
13778,1,178.7,70,9,United Kingdom,103,103,178.7,False,,2,1,1,4,Lost,0,Dormant Low-Value
13780,2,360.01,318,56,United Kingdom,7,170,180.005,True,163.0,5,2,2,9,New / Promising,3,Active Mid-Value
13781,1,127.84,30,17,United Kingdom,250,250,127.84,False,,1,1,1,3,Lost,0,Dormant Low-Value
13782,6,908.86,369,96,United Kingdom,12,327,151.47666666666666,True,62.4,5,5,3,13,Champions,1,Lapsing Mid-Value
13784,11,2462.79,2493,9,United Kingdom,9,332,223.89,True,31.8,5,5,5,15,Champions,2,High-Value Loyal
13786,1,230.4,136,7,United Kingdom,367,367,230.4,False,,1,1,1,3,Lost,0,Dormant Low-Value
13787,2,309.04,337,24,United Kingdom,75,364,154.52,True,288.0,2,2,2,6,Lost,0,Dormant Low-Value
13790,1,348.79999999999995,748,45,United Kingdom,4,4,348.79999999999995,False,,5,1,2,8,New / Promising,3,Active Mid-Value
13791,2,1516.0,1200,7,United Kingdom,127,168,758.0,True,40.0,2,2,4,8,Lost,1,Lapsing Mid-Value
13792,2,195.55,92,13,United Kingdom,66,287,97.775,True,221.0,3,2,1,6,Needs Attention,0,Dormant Low-Value
13798,57,37153.85,23948,113,United Kingdom,1,372,651.8219298245614,True,6.160714285714286,5,5,5,15,Champions,2,High-Value Loyal
13799,2,688.86,402,32,United Kingdom,116,294,344.43,True,177.0,2,2,3,7,Lost,0,Dormant Low-Value
13800,1,558.32,331,33,United Kingdom,309,309,558.32,False,,1,1,3,5,Lost,0,Dormant Low-Value
13801,1,324.8,168,23,United Kingdom,66,66,324.8,False,,3,1,2,6,Needs Attention,0,Dormant Low-Value
13802,3,4599.42,2572,55,United Kingdom,138,311,1533.14,True,86.0,2,3,5,10,Hibernating,1,Lapsing Mid-Value
13803,1,277.07,121,17,United Kingdom,255,255,277.07,False,,1,1,2,4,Lost,0,Dormant Low-Value
13804,7,2588.39,1462,124,United Kingdom,30,289,369.77,True,43.0,4,5,5,14,Champions,1,Lapsing Mid-Value
13805,2,924.5999999999999,1900,10,United Kingdom,52,129,462.29999999999995,True,76.0,3,2,4,9,Needs Attention,1,Lapsing Mid-Value
13806,1,256.38,56,10,United Kingdom,63,63,256.38,False,,3,1,2,6,Needs Attention,0,Dormant Low-Value
13807,1,112.6,36,7,United Kingdom,367,367,112.6,False,,1,1,1,3,Lost,0,Dormant Low-Value
13808,5,1747.66,782,70,United Kingdom,5,96,349.53200000000004,True,22.25,5,4,4,13,Champions,2,High-Value Loyal
13809,1,155.05,29,11,Cyprus,305,305,155.05,False,,1,1,1,3,Lost,0,Dormant Low-Value
13810,2,827.51,307,30,Germany,28,56,413.755,True,27.0,4,2,3,9,New / Promising,3,Active Mid-Value
13811,2,519.75,63,5,Germany,183,239,259.875,True,55.0,1,2,3,6,Lost,0,Dormant Low-Value
13812,3,485.0,330,32,Germany,42,105,161.66666666666666,True,31.0,3,3,3,9,Loyal,1,Lapsing Mid-Value
13813,4,1168.8600000000001,541,53,Germany,39,134,292.21500000000003,True,31.333333333333332,3,4,4,11,Loyal,1,Lapsing Mid-Value
13814,2,1579.12,864,37,Germany,92,137,789.56,True,44.0,2,2,4,8,Lost,1,Lapsing Mid-Value
13815,4,3667.36,2540,131,Germany,22,318,916.84,True,98.66666666666667,4,4,5,13,Champions,1,Lapsing Mid-Value
13816,2,499.67,265,24,Germany,23,64,249.835,True,40.0,4,2,3,9,New / Promising,3,Active Mid-Value
13817,2,328.98,208,19,Germany,29,351,164.49,True,322.0,4,2,2,8,New / Promising,3,Active Mid-Value
13819,3,1140.35,1109,26,United Kingdom,301,319,380.1166666666666,True,8.5,1,3,4,8,Hibernating,1,Lapsing Mid-Value
13821,2,385.64,153,51,United Kingdom,144,261,192.82,True,116.0,2,2,2,6,Lost,0,Dormant Low-Value
13822,2,632.0,611,90,United Kingdom,5,40,316.0,True,34.0,5,2,3,10,New / Promising,3,Active Mid-Value
13823,2,957.66,439,39,United Kingdom,18,91,478.83,True,72.0,4,2,4,10,New / Promising,3,Active Mid-Value
13824,5,1698.94,768,34,United Kingdom,32,310,339.788,True,69.0,4,4,4,12,Champions,1,Lapsing Mid-Value
13826,1,189.5,82,10,United Kingdom,176,176,189.5,False,,2,1,1,4,Lost,0,Dormant Low-Value
13827,3,409.8,138,83,United Kingdom,57,143,136.6,True,42.5,3,3,2,8,Loyal,1,Lapsing Mid-Value
13828,1,209.49,311,15,United Kingdom,22,22,209.49,False,,4,1,1,6,New / Promising,3,Active Mid-Value
13831,6,2198.45,743,58,United Kingdom,16,369,366.4083333333333,True,70.0,4,5,5,14,Champions,1,Lapsing Mid-Value
13832,1,52.2,28,3,United Kingdom,19,19,52.2,False,,4,1,1,6,New / Promising,3,Active Mid-Value
13833,1,383.85,117,28,United Kingdom,159,159,383.85,False,,2,1,2,5,Lost,0,Dormant Low-Value
13835,4,834.57,442,48,United Kingdom,25,215,208.6425,True,62.666666666666664,4,4,3,11,Champions,1,Lapsing Mid-Value
13837,2,266.59000000000003,182,17,United Kingdom,211,317,133.29500000000002,True,105.0,1,2,2,5,Lost,0,Dormant Low-Value
13838,4,674.82,254,144,United Kingdom,5,369,168.705,True,121.33333333333333,5,4,3,12,Champions,3,Active Mid-Value
13841,1,85.0,100,1,United Kingdom,252,252,85.0,False,,1,1,1,3,Lost,0,Dormant Low-Value
13842,9,3385.62,1768,155,United Kingdom,58,366,376.18,True,37.875,3,5,5,13,Loyal,1,Lapsing Mid-Value
13844,1,361.62,196,20,United Kingdom,11,11,361.62,False,,5,1,2,8,New / Promising,3,Active Mid-Value
13845,1,312.98,182,9,United Kingdom,64,64,312.98,False,,3,1,2,6,Needs Attention,0,Dormant Low-Value
13846,3,865.0600000000001,388,55,United Kingdom,24,360,288.35333333333335,True,167.0,4,3,3,10,Loyal,1,Lapsing Mid-Value
13848,3,1255.0,3700,3,United Kingdom,92,366,418.3333333333333,True,136.5,2,3,4,9,Hibernating,1,Lapsing Mid-Value
13849,2,1537.95,1016,97,United Kingdom,51,170,768.975,True,119.0,3,2,4,9,Needs Attention,1,Lapsing Mid-Value
13850,1,1595.48,944,93,United Kingdom,129,129,1595.48,False,,2,1,4,7,Lost,0,Dormant Low-Value
13851,3,2651.46,1705,77,United Kingdom,95,288,883.82,True,95.5,2,3,5,10,Hibernating,1,Lapsing Mid-Value
13853,1,1090.1399999999999,312,23,United Kingdom,57,57,1090.1399999999999,False,,3,1,4,8,Needs Attention,1,Lapsing Mid-Value
13854,25,8109.5199999999995,2296,39,United Kingdom,8,365,324.38079999999997,True,14.416666666666666,5,5,5,15,Champions,2,High-Value Loyal
13856,3,388.5,494,10,United Kingdom,168,203,129.5,True,17.0,2,3,2,7,Hibernating,0,Dormant Low-Value
13858,1,216.17000000000002,75,11,United Kingdom,57,57,216.17000000000002,False,,3,1,1,5,Needs Attention,0,Dormant Low-Value
13859,1,201.16,129,27,United Kingdom,326,326,201.16,False,,1,1,1,3,Lost,0,Dormant Low-Value
13860,5,1245.9,591,58,United Kingdom,1,86,249.18,True,20.75,5,4,4,13,Champions,2,High-Value Loyal
13862,8,2209.36,1688,97,United Kingdom,18,332,276.17,True,44.285714285714285,4,5,5,14,Champions,2,High-Value Loyal
13863,1,305.78,224,20,United Kingdom,247,247,305.78,False,,1,1,2,4,Lost,0,Dormant Low-Value
13865,4,501.56,204,26,United Kingdom,58,289,125.39,True,76.66666666666667,3,4,3,10,Loyal,1,Lapsing Mid-Value
13866,1,145.67,57,7,United Kingdom,74,74,145.67,False,,2,1,1,4,Lost,0,Dormant Low-Value
13867,3,1005.09,501,51,United Kingdom,31,218,335.03000000000003,True,93.0,4,3,4,11,Loyal,1,Lapsing Mid-Value
13868,2,3192.54,1964,32,United Kingdom,7,38,1596.27,True,31.0,5,2,5,12,New / Promising,3,Active Mid-Value
13869,4,3083.65,1709,234,United Kingdom,123,357,770.9125,True,77.66666666666667,2,4,5,11,At Risk,1,Lapsing Mid-Value
13870,8,2770.94,1325,91,United Kingdom,2,287,346.3675,True,40.42857142857143,5,5,5,15,Champions,2,High-Value Loyal
13871,13,6403.25,2806,155,United Kingdom,22,308,492.5576923076923,True,23.416666666666668,4,5,5,14,Champions,2,High-Value Loyal
13873,3,389.6,140,21,United Kingdom,119,309,129.86666666666667,True,94.5,2,3,2,7,Hibernating,0,Dormant Low-Value
13874,1,540.45,180,18,United Kingdom,358,358,540.45,False,,1,1,3,5,Lost,0,Dormant Low-Value
13875,5,1786.79,1316,79,United Kingdom,53,301,357.358,True,61.5,3,4,4,11,Loyal,1,Lapsing Mid-Value
13876,1,122.7,36,7,United Kingdom,63,63,122.7,False,,3,1,1,5,Needs Attention,0,Dormant Low-Value
13877,1,117.24,108,3,United Kingdom,86,86,117.24,False,,2,1,1,4,Lost,0,Dormant Low-Value
13878,1,1271.57,463,35,United Kingdom,54,54,1271.57,False,,3,1,4,8,Needs Attention,1,Lapsing Mid-Value
13880,13,3219.77,1842,125,United Kingdom,21,367,247.67461538461538,True,28.5,4,5,5,14,Champions,2,High-Value Loyal
13881,20,17159.52,10118,72,United Kingdom,3,311,857.976,True,15.789473684210526,5,5,5,15,Champions,2,High-Value Loyal
13882,5,1191.13,953,54,United Kingdom,2,64,238.22600000000003,True,14.75,5,4,4,13,Champions,2,High-Value Loyal
13883,5,2674.48,1436,108,United Kingdom,10,253,534.896,True,60.25,5,4,5,14,Champions,2,High-Value Loyal
13884,5,787.6,300,45,United Kingdom,7,283,157.52,True,68.75,5,4,3,12,Champions,3,Active Mid-Value
13885,2,506.8,182,28,United Kingdom,189,200,253.4,True,11.0,1,2,3,6,Lost,0,Dormant Low-Value
13886,1,243.56,126,16,United Kingdom,71,71,243.56,False,,3,1,1,5,Needs Attention,0,Dormant Low-Value
13887,1,349.55,147,19,United Kingdom,204,204,349.55,False,,1,1,2,4,Lost,0,Dormant Low-Value
13888,2,595.67,254,38,United Kingdom,119,218,297.835,True,98.0,2,3,3,8,Hibernating,0,Dormant Low-Value
13889,1,416.90000000000003,146,15,United Kingdom,92,92,416.90000000000003,False,,2,1,2,5,Lost,0,Dormant Low-Value
13890,10,1883.81,831,74,United Kingdom,1,358,188.381,True,39.333333333333336,5,5,4,14,Champions,2,High-Value Loyal
13892,4,632.97,983,26,United Kingdom,26,246,158.2425,True,73.0,4,4,3,11,Champions,1,Lapsing Mid-Value
13893,1,821.1,190,21,United Kingdom,297,297,821.1,False,,1,1,3,5,Lost,0,Dormant Low-Value
13894,3,564.62,354,25,United Kingdom,23,310,188.20666666666668,True,143.0,4,3,3,10,Loyal,3,Active Mid-Value
13895,4,2593.07,1365,97,United Kingdom,28,164,648.2675,True,45.0,4,4,5,13,Champions,1,Lapsing Mid-Value
13897,1,311.16,200,17,United Kingdom,50,50,311.16,False,,3,1,2,6,Needs Attention,0,Dormant Low-Value
13898,1,155.93,133,12,United Kingdom,325,325,155.93,False,,1,1,1,3,Lost,0,Dormant Low-Value
13899,2,388.52,156,19,United Kingdom,16,274,194.26,True,258.0,4,3,2,9,Loyal,3,Active Mid-Value
13900,3,740.95,430,42,United Kingdom,183,262,246.98333333333335,True,39.5,1,3,3,7,Hibernating,1,Lapsing Mid-Value
13901,5,2867.2000000000003,1739,144,United Kingdom,72,318,573.44,True,61.25,2,4,5,11,At Risk,1,Lapsing Mid-Value
13904,2,332.64,332,24,United Kingdom,37,294,166.32,True,257.0,3,3,2,8,Loyal,3,Active Mid-Value
13908,4,2319.55,1477,103,United Kingdom,79,276,579.8875,True,65.33333333333333,2,4,5,11,At Risk,1,Lapsing Mid-Value
13911,9,2580.91,2731,120,United Kingdom,57,308,286.7677777777778,True,30.875,3,5,5,13,Loyal,1,Lapsing Mid-Value
13914,2,626.45,380,28,United Kingdom,11,36,313.225,True,24.0,5,3,3,11,Loyal,3,Active Mid-Value
13917,2,272.04,228,16,United Kingdom,49,191,136.02,True,141.0,3,3,2,8,Loyal,0,Dormant Low-Value
13918,2,1212.8400000000001,1140,30,United Kingdom,49,253,606.4200000000001,True,203.0,3,3,4,10,Loyal,1,Lapsing Mid-Value
13919,2,348.81,472,23,Denmark,59,121,174.405,True,62.0,3,3,2,8,Loyal,0,Dormant Low-Value
13922,1,172.25,93,7,United Kingdom,351,351,172.25,False,,1,1,1,3,Lost,0,Dormant Low-Value
13923,1,351.13,185,20,United Kingdom,53,53,351.13,False,,3,1,2,6,Needs Attention,0,Dormant Low-Value
13924,6,1838.8500000000001,1575,90,United Kingdom,1,72,306.475,True,13.4,5,5,4,14,Champions,2,High-Value Loyal
13925,4,678.25,331,28,United Kingdom,92,134,169.5625,True,14.0,2,4,3,9,At Risk,1,Lapsing Mid-Value
13926,1,223.85000000000002,104,11,United Kingdom,23,23,223.85000000000002,False,,4,1,1,6,New / Promising,3,Active Mid-Value
13927,1,348.99,214,21,United Kingdom,74,74,348.99,False,,2,1,2,5,Lost,0,Dormant Low-Value
13928,4,464.57,129,23,United Kingdom,10,133,116.1425,True,40.333333333333336,5,4,2,11,Champions,3,Active Mid-Value
13929,2,842.65,143,8,United Kingdom,169,326,421.325,True,157.0,2,3,3,8,Hibernating,0,Dormant Low-Value
13930,2,337.34,274,15,United Kingdom,57,136,168.67,True,78.0,3,3,2,8,Loyal,0,Dormant Low-Value
13931,2,1237.53,725,56,United Kingdom,95,280,618.765,True,185.0,2,3,4,9,Hibernating,1,Lapsing Mid-Value
13932,1,307.4,72,16,United Kingdom,294,294,307.4,False,,1,1,2,4,Lost,0,Dormant Low-Value
13933,2,608.79,205,23,United Kingdom,109,148,304.395,True,39.0,2,3,3,8,Hibernating,0,Dormant Low-Value
13934,1,922.1,390,31,United Kingdom,263,263,922.1,False,,1,1,4,6,Lost,0,Dormant Low-Value
13936,1,376.58,330,26,United Kingdom,179,179,376.58,False,,2,1,2,5,Lost,0,Dormant Low-Value
13937,1,158.85,123,9,United Kingdom,169,169,158.85,False,,2,1,1,4,Lost,0,Dormant Low-Value
13938,1,71.66,70,7,United Kingdom,35,35,71.66,False,,3,1,1,5,Needs Attention,0,Dormant Low-Value
13939,3,568.55,847,43,United Kingdom,23,311,189.51666666666665,True,144.0,4,3,3,10,Loyal,3,Active Mid-Value
13940,4,839.14,516,39,United Kingdom,17,144,209.785,True,41.666666666666664,4,4,3,11,Champions,1,Lapsing Mid-Value
13941,5,5112.96,2364,24,United Kingdom,21,372,1022.592,True,87.25,4,4,5,13,Champions,1,Lapsing Mid-Value
13946,3,561.57,443,11,United Kingdom,79,267,187.19000000000003,True,94.0,2,3,3,8,Hibernating,1,Lapsing Mid-Value
13947,1,90.60000000000001,44,5,United Kingdom,65,65,90.60000000000001,False,,3,1,1,5,Needs Attention,0,Dormant Low-Value
13948,1,102.0,40,3,United Kingdom,360,360,102.0,False,,1,1,1,3,Lost,0,Dormant Low-Value
13949,6,2427.32,2474,124,United Kingdom,2,94,404.55333333333334,True,17.8,5,5,5,15,Champions,2,High-Value Loyal
13950,4,745.0600000000001,323,33,United Kingdom,11,246,186.26500000000001,True,78.0,5,4,3,12,Champions,3,Active Mid-Value
13951,3,674.45,459,38,United Kingdom,176,294,224.8166666666667,True,58.5,2,3,3,8,Hibernating,1,Lapsing Mid-Value
13952,2,3251.071,1431,120,United Kingdom,217,238,1625.5355,True,20.0,1,3,5,9,Hibernating,1,Lapsing Mid-Value
13953,7,3515.68,2724,8,United Kingdom,7,352,502.23999999999995,True,57.166666666666664,5,5,5,15,Champions,2,High-Value Loyal
13954,2,439.92,150,24,United Kingdom,1,70,219.96,True,69.0,5,3,2,10,Loyal,3,Active Mid-Value
13955,2,322.96,154,33,United Kingdom,154,305,161.48,True,151.0,2,3,2,7,Hibernating,0,Dormant Low-Value
13956,5,1019.27,486,123,United Kingdom,5,271,203.85399999999998,True,66.0,5,4,4,13,Champions,3,Active Mid-Value
13959,3,594.04,355,79,United Kingdom,79,362,198.01333333333332,True,141.0,2,3,3,8,Hibernating,1,Lapsing Mid-Value
13960,2,230.22,142,11,United Kingdom,21,71,115.11,True,50.0,4,3,1,8,Loyal,3,Active Mid-Value
13962,2,169.54999999999998,87,11,United Kingdom,21,245,84.77499999999999,True,223.0,4,3,1,8,Loyal,3,Active Mid-Value
13963,4,664.54,460,35,United Kingdom,308,367,166.135,True,19.333333333333332,1,4,3,8,At Risk,1,Lapsing Mid-Value
13967,1,80.7,42,2,United Kingdom,145,145,80.7,False,,2,1,1,4,Lost,0,Dormant Low-Value
13969,18,9024.17,4528,334,United Kingdom,7,365,501.34277777777777,True,20.529411764705884,5,5,5,15,Champions,2,High-Value Loyal
13971,8,2758.26,1844,118,United Kingdom,18,285,344.7825,True,37.714285714285715,4,5,5,14,Champions,2,High-Value Loyal
13972,2,190.25,187,15,United Kingdom,70,201,95.125,True,131.0,3,3,1,7,Loyal,0,Dormant Low-Value
13973,1,264.7,109,11,United Kingdom,287,287,264.7,False,,1,1,2,4,Lost,0,Dormant Low-Value
13974,1,413.59000000000003,249,28,United Kingdom,49,49,413.59000000000003,False,,3,1,2,6,Needs Attention,0,Dormant Low-Value
13975,6,2461.2400000000002,1697,240,United Kingdom,31,276,410.2066666666667,True,48.4,4,5,5,14,Champions,1,Lapsing Mid-Value
13976,1,357.98,154,10,United Kingdom,206,206,357.98,False,,1,1,2,4,Lost,0,Dormant Low-Value
13978,2,196.79,315,14,United Kingdom,14,45,98.395,True,30.0,5,3,1,9,Loyal,3,Active Mid-Value
13979,1,869.87,639,54,United Kingdom,73,73,869.87,False,,2,1,3,6,Lost,0,Dormant Low-Value
13980,1,200.14,172,11,United Kingdom,60,60,200.14,False,,3,1,1,5,Needs Attention,0,Dormant Low-Value
13982,4,1871.81,1136,72,United Kingdom,39,365,467.9525,True,108.33333333333333,3,4,4,11,Loyal,1,Lapsing Mid-Value
13983,12,2603.43,1183,91,United Kingdom,29,366,216.9525,True,30.09090909090909,4,5,5,14,Champions,2,High-Value Loyal
13984,5,920.51,679,14,United Kingdom,26,366,184.102,True,84.25,4,4,3,11,Champions,1,Lapsing Mid-Value
13985,15,7060.13,3445,108,United Kingdom,4,264,470.67533333333336,True,18.071428571428573,5,5,5,15,Champions,2,High-Value Loyal
13986,1,320.46,430,12,United Kingdom,17,17,320.46,False,,4,1,2,7,New / Promising,3,Active Mid-Value
13988,6,4147.96,3044,188,United Kingdom,19,254,691.3266666666667,True,46.2,4,5,5,14,Champions,2,High-Value Loyal
13989,2,1266.08,1313,33,United Kingdom,65,239,633.04,True,173.0,3,3,4,10,Loyal,1,Lapsing Mid-Value
13990,1,311.3,190,16,United Kingdom,213,213,311.3,False,,1,1,2,4,Lost,0,Dormant Low-Value
13991,6,851.88,994,57,United Kingdom,12,143,141.98,True,25.8,5,5,3,13,Champions,1,Lapsing Mid-Value
13992,1,76.8,64,5,United Kingdom,30,30,76.8,False,,4,1,1,6,New / Promising,0,Dormant Low-Value
13993,9,3466.36,900,66,United Kingdom,42,330,385.1511111111111,True,35.5,3,5,5,13,Loyal,2,High-Value Loyal
13994,6,2274.14,932,122,United Kingdom,3,148,379.0233333333333,True,28.2,5,5,5,15,Champions,2,High-Value Loyal
13995,5,1393.69,879,55,United Kingdom,15,245,278.738,True,57.5,4,4,4,12,Champions,1,Lapsing Mid-Value
13999,12,3901.81,2243,102,United Kingdom,10,361,325.1508333333333,True,31.545454545454547,5,5,5,15,Champions,2,High-Value Loyal
14000,1,635.66,710,15,United Kingdom,211,211,635.66,False,,1,1,3,5,Lost,0,Dormant Low-Value
14001,3,2043.0800000000002,962,34,United Kingdom,45,373,681.0266666666668,True,163.5,3,3,5,11,Loyal,1,Lapsing Mid-Value
14002,2,529.73,877,47,United Kingdom,134,156,264.865,True,22.0,2,3,3,8,Hibernating,0,Dormant Low-Value
14004,7,4582.64,2668,102,United Kingdom,43,288,654.6628571428572,True,40.5,3,5,5,13,Loyal,1,Lapsing Mid-Value
14005,5,2874.72,2478,53,United Kingdom,9,215,574.944,True,51.25,5,4,5,14,Champions,2,High-Value Loyal
14006,3,962.19,641,22,United Kingdom,115,312,320.73,True,98.0,2,3,4,9,Hibernating,1,Lapsing Mid-Value
14009,2,695.61,365,42,United Kingdom,198,205,347.805,True,7.0,1,3,3,7,Hibernating,0,Dormant Low-Value
14012,1,328.8,160,11,United Kingdom,277,277,328.8,False,,1,1,2,4,Lost,0,Dormant Low-Value
14013,3,473.02,462,30,United Kingdom,110,275,157.67333333333332,True,82.5,2,3,2,7,Hibernating,0,Dormant Low-Value
14014,1,505.18,1076,39,United Kingdom,77,77,505.18,False,,2,1,3,6,Lost,0,Dormant Low-Value
14015,1,917.34,378,20,United Kingdom,52,52,917.34,False,,3,1,3,7,Needs Attention,0,Dormant Low-Value
14016,4,4291.21,2124,153,EIRE,161,357,1072.8025,True,64.66666666666667,2,4,5,11,At Risk,1,Lapsing Mid-Value
14019,3,1421.6100000000001,1037,37,United Kingdom,46,138,473.87000000000006,True,45.0,3,3,4,10,Loyal,1,Lapsing Mid-Value
14020,2,642.8,441,37,United Kingdom,16,88,321.4,True,71.0,4,3,3,10,Loyal,3,Active Mid-Value
14021,3,631.9,192,22,United Kingdom,155,256,210.63333333333333,True,50.0,2,3,3,8,Hibernating,1,Lapsing Mid-Value
14022,1,440.0,487,28,United Kingdom,225,225,440.0,False,,1,1,2,4,Lost,0,Dormant Low-Value
14023,2,584.07,345,30,United Kingdom,7,250,292.035,True,242.0,5,3,3,11,Loyal,3,Active Mid-Value
14024,2,327.7,150,16,United Kingdom,121,124,163.85,True,2.0,2,3,2,7,Hibernating,0,Dormant Low-Value
14027,1,104.82,62,6,United Kingdom,60,60,104.82,False,,3,1,1,5,Needs Attention,0,Dormant Low-Value
14029,2,467.66,198,15,United Kingdom,63,144,233.83,True,80.0,3,3,2,8,Loyal,0,Dormant Low-Value
14030,8,2358.84,1478,210,United Kingdom,18,366,294.855,True,49.285714285714285,4,5,5,14,Champions,2,High-Value Loyal
14031,19,17286.86,5788,119,United Kingdom,7,372,909.8347368421053,True,19.88888888888889,5,5,5,15,Champions,2,High-Value Loyal
14032,11,2975.59,2032,53,United Kingdom,2,366,270.5081818181818,True,35.9,5,5,5,15,Champions,2,High-Value Loyal
14034,3,648.89,420,82,United Kingdom,22,157,216.29666666666665,True,67.5,4,3,3,10,Loyal,3,Active Mid-Value
14035,5,1428.02,739,41,United Kingdom,28,297,285.604,True,66.75,4,4,4,12,Champions,1,Lapsing Mid-Value
14036,1,626.65,268,38,United Kingdom,284,284,626.65,False,,1,1,3,5,Lost,0,Dormant Low-Value
14037,2,147.20000000000002,46,27,United Kingdom,176,364,73.60000000000001,True,188.0,2,3,1,6,Hibernating,0,Dormant Low-Value
14038,3,1560.38,965,64,United Kingdom,78,207,520.1266666666667,True,64.0,2,3,4,9,Hibernating,1,Lapsing Mid-Value
14039,1,152.2,92,6,United Kingdom,33,33,152.2,False,,3,1,1,5,Needs Attention,0,Dormant Low-Value
14040,12,3560.32,1544,146,United Kingdom,40,331,296.6933333333333,True,25.90909090909091,3,5,5,13,Loyal,2,High-Value Loyal
14041,1,141.41,94,21,United Kingdom,266,266,141.41,False,,1,1,1,3,Lost,0,Dormant Low-Value
14044,4,646.42,304,165,United Kingdom,26,309,161.605,True,94.0,4,4,3,11,Champions,1,Lapsing Mid-Value
14045,4,1659.75,535,4,United Kingdom,109,373,414.9375,True,87.66666666666667,2,4,4,10,At Risk,1,Lapsing Mid-Value
14046,1,151.59,443,13,United Kingdom,284,284,151.59,False,,1,1,1,3,Lost,0,Dormant Low-Value
14047,5,1308.6100000000001,381,22,United Kingdom,8,372,261.72200000000004,True,90.5,5,4,4,13,Champions,1,Lapsing Mid-Value
14048,1,409.93,288,83,United Kingdom,305,305,409.93,False,,1,1,2,4,Lost,0,Dormant Low-Value
14049,4,5578.72,3808,348,United Kingdom,16,317,1394.68,True,100.0,4,4,5,13,Champions,1,Lapsing Mid-Value
14050,2,746.36,689,49,United Kingdom,31,106,373.18,True,74.0,4,3,3,10,Loyal,3,Active Mid-Value
14051,23,15610.390000000001,3756,52,United Kingdom,0,366,678.7126086956522,True,16.136363636363637,5,5,5,15,Champions,2,High-Value Loyal
14052,1,225.35999999999999,89,56,United Kingdom,19,19,225.35999999999999,False,,4,1,1,6,New / Promising,3,Active Mid-Value
14053,2,260.25,215,2,United Kingdom,124,159,130.125,True,35.0,2,3,2,7,Hibernating,0,Dormant Low-Value
14054,1,92.46000000000001,62,6,United Kingdom,65,65,92.46000000000001,False,,3,1,1,5,Needs Attention,0,Dormant Low-Value
14055,1,725.6400000000001,216,10,United Kingdom,106,106,725.6400000000001,False,,2,1,3,6,Lost,0,Dormant Low-Value
14056,23,8152.71,4252,320,United Kingdom,1,284,354.46565217391304,True,12.318181818181818,5,5,5,15,Champions,2,High-Value Loyal
14057,17,6211.66,4873,179,United Kingdom,23,360,365.39176470588234,True,20.5,4,5,5,14,Champions,2,High-Value Loyal
14059,1,183.6,128,8,United Kingdom,266,266,183.6,False,,1,1,1,3,Lost,0,Dormant Low-Value
14060,19,6140.42,5386,86,United Kingdom,4,372,323.18,True,19.944444444444443,5,5,5,15,Champions,2,High-Value Loyal
14062,12,10464.85,5593,60,United Kingdom,9,364,872.0708333333333,True,31.818181818181817,5,5,5,15,Champions,2,High-Value Loyal
14064,5,1334.34,1772,59,United Kingdom,29,274,266.868,True,60.75,4,4,4,12,Champions,1,Lapsing Mid-Value
14066,1,152.55,45,7,United Kingdom,266,266,152.55,False,,1,1,1,3,Lost,0,Dormant Low-Value
14067,2,374.7,361,51,United Kingdom,63,96,187.35,True,32.0,3,3,2,8,Loyal,0,Dormant Low-Value
14068,1,265.85,73,22,United Kingdom,320,320,265.85,False,,1,1,2,4,Lost,0,Dormant Low-Value
14071,8,1422.75,956,270,United Kingdom,3,264,177.84375,True,37.0,5,5,4,14,Champions,2,High-Value Loyal
14073,1,151.04,130,13,United Kingdom,32,32,151.04,False,,4,1,1,6,New / Promising,0,Dormant Low-Value
14075,3,942.26,754,33,United Kingdom,4,261,314.08666666666664,True,127.5,5,3,4,12,Loyal,3,Active Mid-Value
14076,1,118.67,79,43,United Kingdom,129,129,118.67,False,,2,1,1,4,Lost,0,Dormant Low-Value
14077,5,499.42,268,33,United Kingdom,40,274,99.884,True,57.75,3,4,3,10,Loyal,1,Lapsing Mid-Value
14078,6,1049.37,310,46,United Kingdom,101,373,174.89499999999998,True,53.8,2,5,4,11,At Risk,1,Lapsing Mid-Value
14079,1,375.1,301,12,United Kingdom,124,124,375.1,False,,2,1,2,5,Lost,0,Dormant Low-Value
14080,1,45.599999999999994,48,4,United Kingdom,32,32,45.599999999999994,False,,4,1,1,6,New / Promising,0,Dormant Low-Value
14081,2,921.62,592,126,United Kingdom,302,369,460.81,True,67.0,1,3,3,7,Hibernating,0,Dormant Low-Value
14082,1,182.25,110,28,United Kingdom,364,364,182.25,False,,1,1,1,3,Lost,0,Dormant Low-Value
14083,9,1002.9,705,162,United Kingdom,4,371,111.43333333333334,True,45.5,5,5,4,14,Champions,2,High-Value Loyal
14085,18,4421.29,3177,272,United Kingdom,2,368,245.62722222222223,True,21.058823529411764,5,5,5,15,Champions,2,High-Value Loyal
14087,1,191.47,250,61,United Kingdom,2,2,191.47,False,,5,1,1,7,New / Promising,3,Active Mid-Value
14088,13,50491.81,12665,379,United Kingdom,10,322,3883.9853846153846,True,25.5,5,5,5,15,Champions,2,High-Value Loyal
14089,1,158.75,133,13,United Kingdom,56,56,158.75,False,,3,1,1,5,Needs Attention,0,Dormant Low-Value
14090,1,76.32000000000001,72,1,United Kingdom,324,324,76.32000000000001,False,,1,1,1,3,Lost,0,Dormant Low-Value
14092,14,4076.9100000000003,2066,117,United Kingdom,7,358,291.20785714285716,True,26.53846153846154,5,5,5,15,Champions,2,High-Value Loyal
14093,1,433.86,391,95,United Kingdom,12,12,433.86,False,,5,1,2,8,New / Promising,3,Active Mid-Value
14096,17,53258.43,16336,1118,United Kingdom,4,101,3132.8488235294117,True,5.625,5,5,5,15,Champions,2,High-Value Loyal
14098,1,147.35,104,21,United Kingdom,36,36,147.35,False,,3,1,1,5,Needs Attention,0,Dormant Low-Value
14099,11,3104.17,2179,167,United Kingdom,16,354,282.1972727272727,True,33.4,4,5,5,14,Champions,2,High-Value Loyal
14100,1,191.95,63,24,United Kingdom,137,137,191.95,False,,2,1,1,4,Lost,0,Dormant Low-Value
14101,6,5976.79,6942,15,United Kingdom,73,326,996.1316666666667,True,50.0,2,5,5,12,At Risk,1,Lapsing Mid-Value
14102,5,1105.8799999999999,769,35,United Kingdom,5,44,221.176,True,9.25,5,4,4,13,Champions,3,Active Mid-Value
14104,2,216.21,72,21,United Kingdom,154,165,108.105,True,11.0,2,3,1,6,Hibernating,0,Dormant Low-Value
14105,1,1266.23,800,74,United Kingdom,239,239,1266.23,False,,1,1,4,6,Lost,0,Dormant Low-Value
14107,7,2703.23,1793,61,United Kingdom,51,364,386.17571428571426,True,51.666666666666664,3,5,5,13,Loyal,1,Lapsing Mid-Value
14108,2,597.91,381,33,United Kingdom,30,101,298.955,True,70.0,4,3,3,10,Loyal,3,Active Mid-Value
14109,1,144.2,88,9,United Kingdom,72,72,144.2,False,,2,1,1,4,Lost,0,Dormant Low-Value
14110,12,5683.15,2445,94,United Kingdom,3,266,473.5958333333333,True,23.545454545454547,5,5,5,15,Champions,2,High-Value Loyal
14111,4,692.85,458,10,United Kingdom,14,241,173.2125,True,75.33333333333333,5,4,3,12,Champions,3,Active Mid-Value
14112,7,2915.15,1651,117,United Kingdom,22,275,416.45,True,41.833333333333336,4,5,5,14,Champions,2,High-Value Loyal
14113,4,1840.42,745,26,United Kingdom,3,354,460.105,True,116.66666666666667,5,4,4,13,Champions,2,High-Value Loyal
14114,2,386.53,101,15,United Kingdom,273,330,193.265,True,56.0,1,3,2,6,Hibernating,0,Dormant Low-Value
14116,5,1382.74,707,61,United Kingdom,19,121,276.548,True,25.0,4,4,4,12,Champions,1,Lapsing Mid-Value
14117,1,90.0,72,3,United Kingdom,143,143,90.0,False,,2,1,1,4,Lost,0,Dormant Low-Value
14121,4,2780.15,2082,148,United Kingdom,3,59,695.0375,True,18.0,5,4,5,14,Champions,2,High-Value Loyal
14124,1,419.58,1618,4,United Kingdom,84,84,419.58,False,,2,1,2,5,Lost,0,Dormant Low-Value
14125,3,2720.63,1628,159,United Kingdom,10,78,906.8766666666667,True,33.5,5,3,5,13,Loyal,1,Lapsing Mid-Value
14126,3,706.1300000000001,508,14,United Kingdom,7,10,235.3766666666667,True,1.0,5,3,3,11,Loyal,3,Active Mid-Value
14127,3,709.71,321,39,United Kingdom,122,310,236.57000000000002,True,93.0,2,3,3,8,Hibernating,1,Lapsing Mid-Value
14128,2,637.5,564,40,United Kingdom,60,255,318.75,True,195.0,3,3,3,9,Loyal,1,Lapsing Mid-Value
14129,5,1123.8600000000001,592,31,United Kingdom,1,260,224.77200000000002,True,64.5,5,4,4,13,Champions,2,High-Value Loyal
14130,1,480.91,257,66,United Kingdom,319,319,480.91,False,,1,1,2,4,Lost,0,Dormant Low-Value
14132,11,3586.03,3368,100,United Kingdom,2,183,326.00272727272727,True,17.7,5,5,5,15,Champions,2,High-Value Loyal
14133,3,605.64,348,25,United Kingdom,129,315,201.88,True,93.0,2,3,3,8,Hibernating,1,Lapsing Mid-Value
14135,15,4690.31,3850,95,United Kingdom,1,372,312.68733333333336,True,26.142857142857142,5,5,5,15,Champions,2,High-Value Loyal
14138,2,965.88,600,40,United Kingdom,1,63,482.94,True,62.0,5,3,4,12,Loyal,3,Active Mid-Value
14139,1,415.82,510,26,United Kingdom,46,46,415.82,False,,3,1,2,6,Needs Attention,0,Dormant Low-Value
14140,2,935.05,811,60,United Kingdom,3,31,467.525,True,27.0,5,3,4,12,Loyal,3,Active Mid-Value
14141,4,915.13,355,27,United Kingdom,2,105,228.7825,True,33.666666666666664,5,4,3,12,Champions,3,Active Mid-Value
14142,1,311.81,313,22,United Kingdom,373,373,311.81,False,,1,1,2,4,Lost,0,Dormant Low-Value
14143,1,115.8,30,7,United Kingdom,133,133,115.8,False,,2,1,1,4,Lost,0,Dormant Low-Value
14145,4,3742.2,756,6,United Kingdom,46,217,935.55,True,56.333333333333336,3,4,5,12,Loyal,1,Lapsing Mid-Value
14146,5,4191.0,2437,183,United Kingdom,8,357,838.2,True,86.75,5,4,5,14,Champions,2,High-Value Loyal
14147,2,483.4,108,4,United Kingdom,78,285,241.7,True,207.0,2,3,3,8,Hibernating,0,Dormant Low-Value
14148,1,157.2,16,3,United Kingdom,233,233,157.2,False,,1,1,1,3,Lost,0,Dormant Low-Value
14149,1,446.62,218,28,United Kingdom,220,220,446.62,False,,1,1,2,4,Lost,0,Dormant Low-Value
14150,2,658.64,496,23,United Kingdom,35,359,329.32,True,324.0,3,3,3,9,Loyal,3,Active Mid-Value
14152,2,621.29,711,47,United Kingdom,75,234,310.645,True,158.0,2,3,3,8,Hibernating,0,Dormant Low-Value
14154,2,1345.62,465,52,United Kingdom,239,239,672.81,True,0.0,1,3,4,8,Hibernating,1,Lapsing Mid-Value
14155,1,118.75,25,6,United Kingdom,266,266,118.75,False,,1,1,1,3,Lost,0,Dormant Low-Value
14156,54,116560.08,57755,713,EIRE,9,371,2158.52,True,6.433962264150943,5,5,5,15,Champions,2,High-Value Loyal
14157,2,424.89000000000004,271,45,United Kingdom,19,285,212.44500000000002,True,265.0,4,3,2,9,Loyal,3,Active Mid-Value
14158,1,507.65999999999997,781,41,United Kingdom,40,40,507.65999999999997,False,,3,1,3,7,Needs Attention,3,Active Mid-Value
14159,11,4627.98,4345,500,United Kingdom,19,362,420.7254545454545,True,33.9,4,5,5,14,Champions,2,High-Value Loyal
14161,3,1097.6200000000001,450,87,United Kingdom,215,369,365.8733333333334,True,76.0,1,3,4,8,Hibernating,1,Lapsing Mid-Value
14162,2,289.36,142,25,United Kingdom,173,292,144.68,True,118.0,2,3,2,7,Hibernating,0,Dormant Low-Value
14163,4,2445.91,893,36,United Kingdom,87,239,611.4775,True,50.0,2,4,5,11,At Risk,1,Lapsing Mid-Value
14164,2,1631.77,1033,28,United Kingdom,70,80,815.885,True,10.0,3,3,4,10,Loyal,1,Lapsing Mid-Value
14165,1,120.44,53,23,United Kingdom,275,275,120.44,False,,1,1,1,3,Lost,0,Dormant Low-Value
14167,4,562.59,147,27,United Kingdom,39,331,140.6475,True,96.66666666666667,3,4,3,10,Loyal,1,Lapsing Mid-Value
14171,1,363.79,167,57,United Kingdom,98,98,363.79,False,,2,1,2,5,Lost,0,Dormant Low-Value
14173,4,450.84,150,28,United Kingdom,10,219,112.71,True,69.0,5,4,2,11,Champions,3,Active Mid-Value
14174,1,134.46,94,26,United Kingdom,33,33,134.46,False,,3,1,1,5,Needs Attention,0,Dormant Low-Value
14175,3,3222.3,1515,139,United Kingdom,59,329,1074.1000000000001,True,134.5,3,3,5,11,Loyal,1,Lapsing Mid-Value
14176,4,576.9000000000001,209,28,United Kingdom,297,367,144.22500000000002,True,23.0,1,4,3,8,At Risk,0,Dormant Low-Value
14177,4,549.46,204,37,United Kingdom,86,179,137.365,True,31.0,2,4,3,9,At Risk,1,Lapsing Mid-Value
14178,7,1580.26,1492,190,United Kingdom,8,182,225.75142857142856,True,28.5,5,5,4,14,Champions,2,High-Value Loyal
14179,2,701.57,319,135,United Kingdom,40,52,350.785,True,11.0,3,3,3,9,Loyal,3,Active Mid-Value
14180,25,4748.52,719,112,United Kingdom,10,372,189.94080000000002,True,14.625,5,5,5,15,Champions,2,High-Value Loyal
14184,1,452.89,127,24,United Kingdom,66,66,452.89,False,,3,1,2,6,Needs Attention,0,Dormant Low-Value
14185,1,197.65,6,3,United Kingdom,331,331,197.65,False,,1,1,1,3,Lost,0,Dormant Low-Value
14188,6,2054.36,1162,34,United Kingdom,30,310,342.3933333333334,True,55.4,4,5,5,14,Champions,1,Lapsing Mid-Value
14189,15,4654.08,3937,176,United Kingdom,2,368,310.272,True,25.571428571428573,5,5,5,15,Champions,2,High-Value Loyal
14191,13,4684.76,3662,145,United Kingdom,1,220,360.36615384615385,True,17.833333333333332,5,5,5,15,Champions,2,High-Value Loyal
14193,2,853.39,445,35,United Kingdom,67,269,426.695,True,201.0,3,3,3,9,Loyal,1,Lapsing Mid-Value
14194,21,11349.52,5840,269,United Kingdom,4,308,540.4533333333334,True,14.9,5,5,5,15,Champions,2,High-Value Loyal
14195,2,1012.0,760,7,United Kingdom,201,252,506.0,True,50.0,1,3,4,8,Hibernating,0,Dormant Low-Value
14196,1,335.52,142,6,United Kingdom,106,106,335.52,False,,2,1,2,5,Lost,0,Dormant Low-Value
14198,4,701.4,290,35,United Kingdom,18,239,175.35,True,73.33333333333333,4,4,3,11,Champions,3,Active Mid-Value
14199,1,185.39999999999998,28,2,United Kingdom,218,218,185.39999999999998,False,,1,1,1,3,Lost,0,Dormant Low-Value
14201,7,747.44,590,32,United Kingdom,60,359,106.77714285714286,True,49.5,3,5,3,11,Loyal,1,Lapsing Mid-Value
14204,1,150.61,72,36,United Kingdom,2,2,150.61,False,,5,1,1,7,New / Promising,3,Active Mid-Value
14205,2,466.7,204,23,United Kingdom,16,264,233.35,True,247.0,4,3,2,9,Loyal,3,Active Mid-Value
14206,1,328.15999999999997,276,20,United Kingdom,239,239,328.15999999999997,False,,1,1,2,4,Lost,0,Dormant Low-Value
14208,1,151.74,114,10,United Kingdom,94,94,151.74,False,,2,1,1,4,Lost,0,Dormant Low-Value
14209,6,2073.43,691,55,United Kingdom,10,332,345.57166666666666,True,63.8,5,5,5,15,Champions,2,High-Value Loyal
14210,6,1905.8400000000001,760,66,United Kingdom,105,371,317.64000000000004,True,52.6,2,5,4,11,At Risk,1,Lapsing Mid-Value
14211,9,2241.1,1242,87,United Kingdom,53,295,249.0111111111111,True,29.75,3,5,5,13,Loyal,1,Lapsing Mid-Value
14212,1,1070.48,1152,9,United Kingdom,89,89,1070.48,False,,2,1,4,7,Lost,0,Dormant Low-Value
14214,5,1004.38,751,64,United Kingdom,30,277,200.876,True,61.25,4,4,4,12,Champions,1,Lapsing Mid-Value
14215,6,1789.72,1358,98,United Kingdom,11,368,298.2866666666667,True,71.0,5,5,4,14,Champions,2,High-Value Loyal
14216,4,1839.3,594,47,United Kingdom,3,37,459.825,True,11.0,5,4,4,13,Champions,2,High-Value Loyal
14217,17,2004.98,689,78,United Kingdom,1,366,117.94,True,22.25,5,5,4,14,Champions,2,High-Value Loyal
14218,1,169.48000000000002,160,12,United Kingdom,42,42,169.48000000000002,False,,3,1,1,5,Needs Attention,0,Dormant Low-Value
14219,1,89.94,78,7,United Kingdom,4,4,89.94,False,,5,1,1,7,New / Promising,3,Active Mid-Value
14220,2,632.4000000000001,272,21,United Kingdom,247,358,316.20000000000005,True,110.0,1,3,3,7,Hibernating,0,Dormant Low-Value
14221,9,3432.8,2191,123,United Kingdom,42,339,381.4222222222222,True,36.75,3,5,5,13,Loyal,2,High-Value Loyal
14222,1,683.17,607,41,United Kingdom,177,177,683.17,False,,2,1,3,6,Lost,0,Dormant Low-Value
14223,3,991.13,585,50,United Kingdom,92,264,330.37666666666667,True,85.5,2,3,4,9,Hibernating,1,Lapsing Mid-Value
14224,4,1009.73,483,105,United Kingdom,110,320,252.4325,True,69.33333333333333,2,4,4,10,At Risk,1,Lapsing Mid-Value
14226,5,2214.79,1296,64,United Kingdom,28,269,442.95799999999997,True,59.5,4,4,5,13,Champions,1,Lapsing Mid-Value
14227,10,3350.96,1820,117,United Kingdom,26,284,335.096,True,28.444444444444443,4,5,5,14,Champions,2,High-Value Loyal
14229,3,1547.2,610,29,United Kingdom,51,333,515.7333333333333,True,140.5,3,3,4,10,Loyal,1,Lapsing Mid-Value
14231,3,925.71,409,47,United Kingdom,183,288,308.57,True,52.0,1,3,4,8,Hibernating,1,Lapsing Mid-Value
14232,5,2048.07,1941,81,United Kingdom,42,264,409.61400000000003,True,54.75,3,4,5,12,Loyal,1,Lapsing Mid-Value
14233,4,1462.72,680,30,United Kingdom,49,317,365.68,True,89.0,3,4,4,11,Loyal,1,Lapsing Mid-Value
14234,4,754.12,951,122,United Kingdom,22,57,188.53,True,11.666666666666666,4,4,3,11,Champions,1,Lapsing Mid-Value
14235,5,3144.86,1959,65,United Kingdom,75,260,628.972,True,45.75,2,4,5,11,At Risk,1,Lapsing Mid-Value
14236,2,490.86,310,15,United Kingdom,80,372,245.43,True,291.0,2,3,3,8,Hibernating,0,Dormant Low-Value
14237,1,161.0,38,9,United Kingdom,373,373,161.0,False,,1,1,1,3,Lost,0,Dormant Low-Value
14238,1,146.85,111,8,United Kingdom,326,326,146.85,False,,1,1,1,3,Lost,0,Dormant Low-Value
14239,11,2380.85,993,83,United Kingdom,43,316,216.4409090909091,True,26.8,3,5,5,13,Loyal,2,High-Value Loyal
14240,2,890.34,418,37,United Kingdom,30,225,445.17,True,195.0,4,3,3,10,Loyal,3,Active Mid-Value
14241,1,213.70000000000002,146,10,United Kingdom,183,183,213.70000000000002,False,,1,1,1,3,Lost,0,Dormant Low-Value
14242,2,280.55,123,13,United Kingdom,234,325,140.275,True,91.0,1,3,2,6,Hibernating,0,Dormant Low-Value
14243,10,2588.77,1221,99,United Kingdom,8,365,258.877,True,39.111111111111114,5,5,5,15,Champions,2,High-Value Loyal
14245,2,1693.45,976,107,United Kingdom,219,263,846.725,True,43.0,1,3,4,8,Hibernating,1,Lapsing Mid-Value
14246,3,1474.06,804,57,United Kingdom,110,245,491.3533333333333,True,67.5,2,3,4,9,Hibernating,1,Lapsing Mid-Value
14247,1,136.77,47,19,United Kingdom,278,278,136.77,False,,1,1,1,3,Lost,0,Dormant Low-Value
14248,1,302.58,102,8,United Kingdom,318,318,302.58,False,,1,1,2,4,Lost,0,Dormant Low-Value
14250,3,1904.05,1200,94,United Kingdom,7,89,634.6833333333333,True,41.0,5,3,4,12,Loyal,3,Active Mid-Value
14251,5,2879.7000000000003,1674,37,United Kingdom,1,57,575.94,True,13.5,5,4,5,14,Champions,2,High-Value Loyal
14256,2,969.0600000000001,414,51,United Kingdom,260,364,484.53000000000003,True,104.0,1,3,4,8,Hibernating,0,Dormant Low-Value
14257,5,3099.7200000000003,1682,88,United Kingdom,64,318,619.9440000000001,True,63.25,3,4,5,12,Loyal,1,Lapsing Mid-Value
14258,9,12669.98,7100,58,United Kingdom,9,337,1407.7755555555555,True,40.5,5,5,5,15,Champions,2,High-Value Loyal
14259,1,120.0,68,5,United Kingdom,141,141,120.0,False,,2,1,1,4,Lost,0,Dormant Low-Value
14261,2,1163.45,406,52,United Kingdom,50,78,581.725,True,27.0,3,3,4,10,Loyal,1,Lapsing Mid-Value
14262,8,2618.23,1645,87,United Kingdom,8,240,327.27875,True,32.714285714285715,5,5,5,15,Champions,2,High-Value Loyal
14264,2,333.97,70,15,United Kingdom,154,245,166.985,True,90.0,2,3,2,7,Hibernating,0,Dormant Low-Value
14265,2,530.18,330,31,Unspecified,109,148,265.09,True,39.0,2,3,3,8,Hibernating,0,Dormant Low-Value
14267,3,1516.24,530,25,United Kingdom,162,260,505.41333333333336,True,48.5,2,3,4,9,Hibernating,1,Lapsing Mid-Value
14270,1,492.65000000000003,197,29,United Kingdom,331,331,492.65000000000003,False,,1,1,3,5,Lost,0,Dormant Low-Value
14271,1,112.32000000000001,88,10,United Kingdom,225,225,112.32000000000001,False,,1,1,1,3,Lost,0,Dormant Low-Value
14272,2,437.96,599,33,United Kingdom,73,254,218.98,True,180.0,2,3,2,7,Hibernating,0,Dormant Low-Value
14273,4,559.97,264,22,United Kingdom,51,242,139.9925,True,63.0,3,4,3,10,Loyal,1,Lapsing Mid-Value
14276,3,1119.74,744,52,United Kingdom,98,289,373.24666666666667,True,95.0,2,3,4,9,Hibernating,1,Lapsing Mid-Value
14277,3,4152.0,1974,194,France,15,212,1384.0,True,98.0,4,3,5,12,Loyal,1,Lapsing Mid-Value
14280,1,134.04,52,8,United Kingdom,196,196,134.04,False,,1,1,1,3,Lost,0,Dormant Low-Value
14282,15,3701.44,2656,70,United Kingdom,3,367,246.76266666666666,True,25.571428571428573,5,5,5,15,Champions,2,High-Value Loyal
14284,2,595.25,161,24,United Kingdom,30,86,297.625,True,55.0,4,3,3,10,Loyal,3,Active Mid-Value
14285,4,1910.01,541,18,United Kingdom,21,176,477.5025,True,51.333333333333336,4,4,4,12,Champions,1,Lapsing Mid-Value
14286,3,4628.75,4338,220,United Kingdom,23,242,1542.9166666666667,True,109.5,4,3,5,12,Loyal,1,Lapsing Mid-Value
14287,3,176.63,261,9,United Kingdom,8,198,58.876666666666665,True,95.0,5,3,1,9,Loyal,3,Active Mid-Value
14288,1,426.6,188,16,United Kingdom,213,213,426.6,False,,1,1,2,4,Lost,0,Dormant Low-Value
14289,6,911.26,292,33,United Kingdom,8,289,151.87666666666667,True,55.6,5,5,3,13,Champions,3,Active Mid-Value
14290,5,2314.65,915,89,United Kingdom,11,361,462.93,True,87.0,5,4,5,14,Champions,2,High-Value Loyal
14291,11,3883.25,2749,145,United Kingdom,1,275,353.02272727272725,True,27.2,5,5,5,15,Champions,2,High-Value Loyal
14292,9,4871.93,1663,64,United Kingdom,7,282,541.3255555555556,True,34.125,5,5,5,15,Champions,2,High-Value Loyal
14293,4,1046.56,709,51,United Kingdom,3,368,261.64,True,121.0,5,4,4,13,Champions,3,Active Mid-Value
14295,1,166.20000000000002,84,5,United Kingdom,40,40,166.20000000000002,False,,3,1,1,5,Needs Attention,0,Dormant Low-Value
14297,4,1305.33,865,48,United Kingdom,17,274,326.3325,True,85.33333333333333,4,4,4,12,Champions,1,Lapsing Mid-Value
14298,44,51527.3,58343,884,United Kingdom,8,360,1171.075,True,7.953488372093023,5,5,5,15,Champions,2,High-Value Loyal
14299,9,3965.62,2149,94,United Kingdom,8,365,440.6244444444444,True,44.25,5,5,5,15,Champions,2,High-Value Loyal
14300,1,43.2,32,3,United Kingdom,18,18,43.2,False,,4,1,1,6,New / Promising,3,Active Mid-Value
14301,1,640.14,606,13,United Kingdom,117,117,640.14,False,,2,1,3,6,Lost,0,Dormant Low-Value
14304,1,383.45,139,17,United Kingdom,222,222,383.45,False,,1,1,2,4,Lost,0,Dormant Low-Value
14305,3,1858.96,1089,96,United Kingdom,71,135,619.6533333333333,True,31.5,3,3,4,10,Loyal,1,Lapsing Mid-Value
14306,2,2093.32,1075,33,United Kingdom,51,85,1046.66,True,34.0,3,3,5,11,Loyal,1,Lapsing Mid-Value
14307,6,2995.7200000000003,2058,150,United Kingdom,88,373,499.2866666666667,True,56.4,2,5,5,12,At Risk,1,Lapsing Mid-Value
14309,9,2352.53,1633,74,United Kingdom,8,358,261.39222222222224,True,43.125,5,5,5,15,Champions,2,High-Value Loyal
14311,1,310.26,146,20,United Kingdom,242,242,310.26,False,,1,1,2,4,Lost,0,Dormant Low-Value
14312,6,1611.5900000000001,1012,74,United Kingdom,46,337,268.59833333333336,True,57.6,3,5,4,12,Loyal,1,Lapsing Mid-Value
14314,1,120.0,296,8,United Kingdom,106,106,120.0,False,,2,1,1,4,Lost,0,Dormant Low-Value
14315,6,2481.13,1021,64,United Kingdom,44,266,413.5216666666667,True,43.8,3,5,5,13,Loyal,1,Lapsing Mid-Value
14317,1,508.58,255,24,United Kingdom,64,64,508.58,False,,3,1,3,7,Needs Attention,0,Dormant Low-Value
14320,2,477.79,325,29,United Kingdom,206,332,238.895,True,126.0,1,3,2,6,Hibernating,0,Dormant Low-Value
14321,5,1530.75,2406,111,United Kingdom,10,333,306.15,True,80.25,5,4,4,13,Champions,1,Lapsing Mid-Value
14323,2,605.0600000000001,350,32,United Kingdom,114,238,302.53000000000003,True,123.0,2,3,3,8,Hibernating,0,Dormant Low-Value
14326,1,183.85,103,8,United Kingdom,242,242,183.85,False,,1,1,1,3,Lost,0,Dormant Low-Value
14327,1,311.65000000000003,139,12,United Kingdom,163,163,311.65000000000003,False,,2,1,2,5,Lost,0,Dormant Low-Value
14329,7,4975.24,3087,218,United Kingdom,17,329,710.7485714285714,True,51.666666666666664,4,5,5,14,Champions,2,High-Value Loyal
14331,2,462.66,252,27,United Kingdom,124,135,231.33,True,10.0,2,3,2,7,Hibernating,0,Dormant Low-Value
14332,3,840.21,463,22,United Kingdom,22,147,280.07,True,62.0,4,3,3,10,Loyal,3,Active Mid-Value
14333,1,415.2,58,15,United Kingdom,67,67,415.2,False,,3,1,2,6,Needs Attention,0,Dormant Low-Value
14334,8,2552.21,1731,98,United Kingdom,16,358,319.02625,True,48.142857142857146,4,5,5,14,Champions,2,High-Value Loyal
14335,2,454.86,375,55,Germany,16,96,227.43,True,80.0,4,3,2,9,Loyal,3,Active Mid-Value
14336,4,1614.91,1759,77,United Kingdom,16,276,403.7275,True,85.66666666666667,4,4,4,12,Champions,1,Lapsing Mid-Value
14338,2,588.22,335,30,United Kingdom,161,196,294.11,True,35.0,2,3,3,8,Hibernating,0,Dormant Low-Value
14339,1,309.52000000000004,168,14,United Kingdom,242,242,309.52000000000004,False,,1,1,2,4,Lost,0,Dormant Low-Value
14340,1,134.7,58,6,United Kingdom,218,218,134.7,False,,1,1,1,3,Lost,0,Dormant Low-Value
14341,8,2166.98,1397,109,United Kingdom,45,318,270.8725,True,38.857142857142854,3,5,5,13,Loyal,1,Lapsing Mid-Value
14342,4,668.5600000000001,347,18,United Kingdom,21,210,167.14000000000001,True,62.666666666666664,4,4,3,11,Champions,1,Lapsing Mid-Value
14344,8,889.9300000000001,477,56,United Kingdom,127,368,111.24125000000001,True,34.0,2,5,3,10,At Risk,1,Lapsing Mid-Value
14345,1,108.98,50,6,United Kingdom,38,38,108.98,False,,3,1,1,5,Needs Attention,0,Dormant Low-Value
14346,2,1021.58,605,55,United Kingdom,120,297,510.79,True,176.0,2,3,4,9,Hibernating,1,Lapsing Mid-Value
14348,1,409.57,183,18,United Kingdom,260,260,409.57,False,,1,1,2,4,Lost,0,Dormant Low-Value
14349,1,133.5,86,31,United Kingdom,10,10,133.5,False,,5,1,1,7,New / Promising,3,Active Mid-Value
14350,1,282.93,183,18,United Kingdom,274,274,282.93,False,,1,1,2,4,Lost,0,Dormant Low-Value
14351,1,51.0,12,1,United Kingdom,164,164,51.0,False,,2,1,1,4,Lost,0,Dormant Low-Value
14352,4,1078.96,538,44,United Kingdom,157,273,269.74,True,38.333333333333336,2,4,4,10,At Risk,1,Lapsing Mid-Value
14353,1,90.6,64,6,United Kingdom,215,215,90.6,False,,1,1,1,3,Lost,0,Dormant Low-Value
14354,2,163.62,210,9,United Kingdom,5,30,81.81,True,24.0,5,3,1,9,Loyal,3,Active Mid-Value
14355,1,174.4,92,11,United Kingdom,365,365,174.4,False,,1,1,1,3,Lost,0,Dormant Low-Value
14356,2,701.23,277,33,United Kingdom,79,81,350.615,True,1.0,2,3,3,8,Hibernating,1,Lapsing Mid-Value
14357,1,225.12,147,39,United Kingdom,43,43,225.12,False,,3,1,1,5,Needs Attention,0,Dormant Low-Value
14359,3,912.1800000000001,371,44,United Kingdom,19,87,304.06,True,33.5,4,3,3,10,Loyal,3,Active Mid-Value
14360,4,2118.03,1139,104,United Kingdom,31,94,529.5075,True,20.666666666666668,4,4,5,13,Champions,1,Lapsing Mid-Value
14362,1,151.5,96,37,United Kingdom,22,22,151.5,False,,4,1,1,6,New / Promising,3,Active Mid-Value
14364,8,3717.35,1967,61,United Kingdom,108,211,464.66875,True,14.142857142857142,2,5,5,12,At Risk,1,Lapsing Mid-Value
14367,16,9227.82,4426,270,United Kingdom,8,276,576.73875,True,17.466666666666665,5,5,5,15,Champions,2,High-Value Loyal
14368,1,155.0,36,8,United Kingdom,319,319,155.0,False,,1,1,1,3,Lost,0,Dormant Low-Value
14371,1,100.5,34,4,United Kingdom,295,295,100.5,False,,1,1,1,3,Lost,0,Dormant Low-Value
14373,1,76.55,17,4,United Kingdom,358,358,76.55,False,,1,1,1,3,Lost,0,Dormant Low-Value
14375,1,235.56,184,57,United Kingdom,185,185,235.56,False,,1,1,1,3,Lost,0,Dormant Low-Value
14377,2,617.05,219,11,United Kingdom,191,262,308.525,True,70.0,1,3,3,7,Hibernating,0,Dormant Low-Value
14379,2,348.1,292,39,United Kingdom,44,295,174.05,True,251.0,3,3,2,8,Loyal,3,Active Mid-Value
14381,1,202.68,146,56,United Kingdom,52,52,202.68,False,,3,1,1,5,Needs Attention,0,Dormant Low-Value
14382,1,615.49,1231,121,United Kingdom,26,26,615.49,False,,4,1,3,8,New / Promising,3,Active Mid-Value
14383,3,1247.69,817,49,United Kingdom,38,163,415.8966666666667,True,62.5,3,3,4,10,Loyal,1,Lapsing Mid-Value
14385,3,202.10999999999999,159,13,United Kingdom,9,23,67.36999999999999,True,7.0,5,3,1,9,Loyal,3,Active Mid-Value
14386,1,142.4,54,7,United Kingdom,296,296,142.4,False,,1,1,1,3,Lost,0,Dormant Low-Value
14387,3,1727.6,795,125,United Kingdom,32,109,575.8666666666667,True,37.5,4,3,4,11,Loyal,1,Lapsing Mid-Value
14388,8,3212.84,1941,124,United Kingdom,10,372,401.605,True,51.285714285714285,5,5,5,15,Champions,2,High-Value Loyal
14389,2,1043.46,729,33,United Kingdom,65,190,521.73,True,125.0,3,3,4,10,Loyal,1,Lapsing Mid-Value
14390,9,4642.57,2133,135,United Kingdom,10,372,515.8411111111111,True,44.875,5,5,5,15,Champions,2,High-Value Loyal
14393,1,67.95,13,5,United Kingdom,218,218,67.95,False,,1,1,1,3,Lost,0,Dormant Low-Value
14395,9,3479.91,1689,181,United Kingdom,2,372,386.65666666666664,True,45.625,5,5,5,15,Champions,2,High-Value Loyal
14396,2,487.99,225,71,United Kingdom,65,371,243.995,True,306.0,3,3,3,9,Loyal,0,Dormant Low-Value
14397,19,2612.96,1890,18,United Kingdom,2,213,137.52421052631578,True,11.277777777777779,5,5,5,15,Champions,2,High-Value Loyal
14400,1,574.7,454,25,United Kingdom,149,149,574.7,False,,2,1,3,6,Lost,0,Dormant Low-Value
14401,13,4051.48,4507,113,United Kingdom,4,359,311.6523076923077,True,29.0,5,5,5,15,Champions,2,High-Value Loyal
14403,4,1475.81,519,17,United Kingdom,130,247,368.9525,True,38.333333333333336,2,4,4,10,At Risk,1,Lapsing Mid-Value
14404,6,1449.32,827,70,United Kingdom,33,369,241.5533333333333,True,66.6,3,5,4,12,Loyal,1,Lapsing Mid-Value
14406,1,156.75,77,8,United Kingdom,119,119,156.75,False,,2,1,1,4,Lost,0,Dormant Low-Value
14407,5,2142.73,1414,66,United Kingdom,107,276,428.546,True,42.0,2,4,5,11,At Risk,1,Lapsing Mid-Value
14408,7,2599.03,1610,60,United Kingdom,10,264,371.29,True,41.833333333333336,5,5,5,15,Champions,2,High-Value Loyal
14409,6,2059.4500000000003,1230,40,United Kingdom,71,368,343.24166666666673,True,59.0,3,5,5,13,Loyal,1,Lapsing Mid-Value
14410,9,1099.27,565,152,United Kingdom,92,305,122.14111111111112,True,26.25,2,5,4,11,At Risk,1,Lapsing Mid-Value
14411,1,1063.0,196,14,United Kingdom,310,310,1063.0,False,,1,1,4,6,Lost,0,Dormant Low-Value
14412,2,770.03,786,43,United Kingdom,42,72,385.015,True,30.0,3,3,3,9,Loyal,1,Lapsing Mid-Value
14413,1,121.05,67,22,United Kingdom,362,362,121.05,False,,1,1,1,3,Lost,0,Dormant Low-Value
14414,7,1496.98,2512,79,United Kingdom,91,358,213.8542857142857,True,44.0,2,5,4,11,At Risk,1,Lapsing Mid-Value
14415,13,5855.57,2996,283,United Kingdom,1,360,450.42846153846153,True,29.5,5,5,5,15,Champions,2,High-Value Loyal
14416,2,490.22,326,13,United Kingdom,22,42,245.11,True,20.0,4,3,3,10,Loyal,3,Active Mid-Value
14418,3,1937.25,1711,114,United Kingdom,3,108,645.75,True,51.5,5,3,4,12,Loyal,3,Active Mid-Value
14419,6,1051.79,483,112,United Kingdom,10,364,175.29833333333332,True,70.2,5,5,4,14,Champions,1,Lapsing Mid-Value
14420,1,387.52,334,29,United Kingdom,99,99,387.52,False,,2,1,2,5,Lost,0,Dormant Low-Value
14421,2,813.11,365,25,United Kingdom,57,211,406.555,True,154.0,3,3,3,9,Loyal,1,Lapsing Mid-Value
14422,6,4263.64,2906,189,United Kingdom,0,267,710.6066666666667,True,52.6,5,5,5,15,Champions,2,High-Value Loyal
14423,1,265.2,120,3,United Kingdom,218,218,265.2,False,,1,1,2,4,Lost,0,Dormant Low-Value
14424,1,322.08,48,1,United Kingdom,17,17,322.08,False,,4,1,2,7,New / Promising,3,Active Mid-Value
14426,10,4481.67,2699,183,United Kingdom,23,312,448.16700000000003,True,31.77777777777778,4,5,5,14,Champions,2,High-Value Loyal
14427,2,363.34000000000003,228,16,United Kingdom,50,63,181.67000000000002,True,13.0,3,3,2,8,Loyal,0,Dormant Low-Value
14428,5,1224.06,428,108,United Kingdom,7,325,244.81199999999998,True,79.0,5,4,4,13,Champions,3,Active Mid-Value
14431,1,470.36,130,17,United Kingdom,302,302,470.36,False,,1,1,2,4,Lost,0,Dormant Low-Value
14432,6,2248.5,2013,256,United Kingdom,9,89,374.75,True,15.4,5,5,5,15,Champions,2,High-Value Loyal
14434,6,1372.8,368,3,United Kingdom,21,72,228.79999999999998,True,9.6,4,5,4,13,Champions,1,Lapsing Mid-Value
14436,1,89.06,129,9,United Kingdom,98,98,89.06,False,,2,1,1,4,Lost,0,Dormant Low-Value
14437,1,63.0,60,5,United Kingdom,365,365,63.0,False,,1,1,1,3,Lost,0,Dormant Low-Value
14438,1,131.9,82,9,United Kingdom,306,306,131.9,False,,1,1,1,3,Lost,0,Dormant Low-Value
14439,1,2661.24,526,32,Greece,319,319,2661.24,False,,1,1,5,7,Lost,1,Lapsing Mid-Value
14440,5,2357.68,588,33,United Kingdom,8,365,471.53599999999994,True,88.75,5,4,5,14,Champions,2,High-Value Loyal
14441,4,1712.89,446,43,United Kingdom,0,255,428.2225,True,84.33333333333333,5,4,4,13,Champions,2,High-Value Loyal
14442,2,1589.82,482,58,Channel Islands,204,316,794.91,True,112.0,1,3,4,8,Hibernating,1,Lapsing Mid-Value
14443,4,1420.2,938,84,United Kingdom,53,368,355.05,True,104.33333333333333,3,4,4,11,Loyal,1,Lapsing Mid-Value
14446,4,1005.55,856,232,United Kingdom,0,246,251.3875,True,81.33333333333333,5,4,4,13,Champions,3,Active Mid-Value
14447,5,1163.23,571,54,United Kingdom,18,280,232.64600000000002,True,65.0,4,4,4,12,Champions,1,Lapsing Mid-Value
14448,2,375.35,104,20,United Kingdom,9,364,187.675,True,354.0,5,3,2,10,Loyal,3,Active Mid-Value
14449,4,885.8,741,201,United Kingdom,18,372,221.45,True,117.33333333333333,4,4,3,11,Champions,1,Lapsing Mid-Value
14450,3,483.25,241,32,United Kingdom,180,320,161.08333333333334,True,69.5,1,3,3,7,Hibernating,0,Dormant Low-Value
14451,2,643.9,378,86,United Kingdom,60,194,321.95,True,134.0,3,3,3,9,Loyal,1,Lapsing Mid-Value
14452,2,259.05,116,55,United Kingdom,10,93,129.525,True,83.0,5,3,2,10,Loyal,3,Active Mid-Value
14453,1,119.93,49,22,United Kingdom,190,190,119.93,False,,1,1,1,3,Lost,0,Dormant Low-Value
14456,9,3014.32,2848,579,United Kingdom,5,142,334.9244444444445,True,16.75,5,5,5,15,Champions,2,High-Value Loyal
14457,1,113.64,88,4,United Kingdom,310,310,113.64,False,,1,1,1,3,Lost,0,Dormant Low-Value
14459,1,1837.92,760,37,United Kingdom,155,155,1837.92,False,,2,1,4,7,Lost,1,Lapsing Mid-Value
14460,3,434.34,881,14,United Kingdom,110,310,144.78,True,100.0,2,3,2,7,Hibernating,0,Dormant Low-Value
14461,3,2102.67,765,172,United Kingdom,148,261,700.89,True,56.5,2,3,5,10,Hibernating,1,Lapsing Mid-Value
14462,11,1975.57,954,149,United Kingdom,66,339,179.59727272727272,True,26.9,3,5,4,12,Loyal,1,Lapsing Mid-Value
14463,3,529.62,179,6,United Kingdom,98,205,176.54,True,53.0,2,3,3,8,Hibernating,1,Lapsing Mid-Value
14465,3,1038.44,398,107,United Kingdom,246,302,346.1466666666667,True,28.0,1,3,4,8,Hibernating,1,Lapsing Mid-Value
14466,7,2272.4,1006,35,United Kingdom,29,372,324.62857142857143,True,56.833333333333336,4,5,5,14,Champions,1,Lapsing Mid-Value
14467,4,596.26,276,67,United Kingdom,17,312,149.065,True,98.0,4,4,3,11,Champions,3,Active Mid-Value
14470,2,461.19,193,43,United Kingdom,11,287,230.595,True,275.0,5,3,2,10,Loyal,3,Active Mid-Value
14472,8,1852.67,1135,153,United Kingdom,103,355,231.58375,True,35.285714285714285,2,5,4,11,At Risk,1,Lapsing Mid-Value
14473,2,234.34,88,7,United Kingdom,74,282,117.17,True,208.0,2,3,1,6,Hibernating,0,Dormant Low-Value
14474,1,547.66,140,29,United Kingdom,46,46,547.66,False,,3,1,3,7,Needs Attention,0,Dormant Low-Value
14475,3,925.85,447,35,United Kingdom,71,304,308.6166666666667,True,116.0,3,3,4,10,Loyal,1,Lapsing Mid-Value
14476,1,193.0,110,17,United Kingdom,257,257,193.0,False,,1,1,1,3,Lost,0,Dormant Low-Value
14477,4,1309.6,720,7,United Kingdom,19,297,327.4,True,91.66666666666667,4,4,4,12,Champions,1,Lapsing Mid-Value
14479,2,316.25,117,18,United Kingdom,253,365,158.125,True,111.0,1,3,2,6,Hibernating,0,Dormant Low-Value
14480,1,279.05,143,13,United Kingdom,11,11,279.05,False,,5,1,2,8,New / Promising,3,Active Mid-Value
14481,2,636.51,489,25,United Kingdom,164,287,318.255,True,122.0,2,3,3,8,Hibernating,0,Dormant Low-Value
14482,6,2022.81,1627,110,United Kingdom,18,239,337.135,True,43.6,4,5,4,13,Champions,1,Lapsing Mid-Value
14483,1,137.1,97,9,United Kingdom,281,281,137.1,False,,1,1,1,3,Lost,0,Dormant Low-Value
14484,1,321.92,210,14,United Kingdom,50,50,321.92,False,,3,1,2,6,Needs Attention,0,Dormant Low-Value
14485,1,162.8,70,44,United Kingdom,38,38,162.8,False,,3,1,1,5,Needs Attention,0,Dormant Low-Value
14487,6,1165.48,712,112,United Kingdom,26,368,194.24666666666667,True,67.8,4,5,4,13,Champions,1,Lapsing Mid-Value
14488,1,1064.28,799,46,United Kingdom,67,67,1064.28,False,,3,1,4,8,Needs Attention,0,Dormant Low-Value
14489,1,463.38,299,30,United Kingdom,207,207,463.38,False,,1,1,2,4,Lost,0,Dormant Low-Value
14491,2,340.93,139,17,United Kingdom,175,372,170.465,True,197.0,2,3,2,7,Hibernating,0,Dormant Low-Value
14493,5,2383.2400000000002,1285,95,United Kingdom,7,155,476.648,True,36.5,5,4,5,14,Champions,2,High-Value Loyal
14494,1,139.56,92,7,United Kingdom,25,25,139.56,False,,4,1,1,6,New / Promising,3,Active Mid-Value
14495,2,123.80000000000001,62,6,United Kingdom,50,121,61.900000000000006,True,70.0,3,3,1,7,Loyal,0,Dormant Low-Value
14496,2,538.8100000000001,159,16,United Kingdom,311,373,269.40500000000003,True,61.0,1,3,3,7,Hibernating,0,Dormant Low-Value
14497,1,475.37,235,29,United Kingdom,309,309,475.37,False,,1,1,2,4,Lost,0,Dormant Low-Value
14498,5,1957.32,1098,162,United Kingdom,42,361,391.464,True,79.25,3,4,4,11,Loyal,1,Lapsing Mid-Value
14499,3,808.44,496,146,United Kingdom,26,278,269.48,True,125.5,4,3,3,10,Loyal,1,Lapsing Mid-Value
14500,3,356.85,117,6,United Kingdom,88,189,118.95,True,50.0,2,3,2,7,Hibernating,0,Dormant Low-Value
14501,2,251.21,161,9,United Kingdom,183,319,125.605,True,136.0,1,3,2,6,Hibernating,0,Dormant Low-Value
14502,11,2426.79,1464,367,United Kingdom,19,313,220.61727272727273,True,28.9,4,5,5,14,Champions,2,High-Value Loyal
14503,6,3543.26,2004,113,United Kingdom,3,178,590.5433333333334,True,34.6,5,5,5,15,Champions,2,High-Value Loyal
14504,4,673.26,308,85,United Kingdom,47,278,168.315,True,76.33333333333333,3,4,3,10,Loyal,1,Lapsing Mid-Value
14505,8,5859.43,2739,540,United Kingdom,17,362,732.42875,True,48.857142857142854,4,5,5,14,Champions,2,High-Value Loyal
14506,5,1960.65,704,204,United Kingdom,17,369,392.13,True,87.25,4,4,4,12,Champions,1,Lapsing Mid-Value
14507,6,1367.88,594,79,United Kingdom,23,276,227.98000000000002,True,50.0,4,5,4,13,Champions,1,Lapsing Mid-Value
14508,2,268.05,129,52,United Kingdom,22,89,134.025,True,67.0,4,3,2,9,Loyal,3,Active Mid-Value
14511,5,1314.81,784,53,United Kingdom,11,133,262.962,True,30.25,5,4,4,13,Champions,1,Lapsing Mid-Value
14512,2,275.28,122,19,United Kingdom,187,232,137.64,True,44.0,1,3,2,6,Hibernating,0,Dormant Low-Value
14513,3,455.59000000000003,361,11,United Kingdom,100,288,151.86333333333334,True,93.5,2,3,2,7,Hibernating,0,Dormant Low-Value
14514,3,990.2,564,65,United Kingdom,61,331,330.06666666666666,True,134.5,3,3,4,10,Loyal,1,Lapsing Mid-Value
14515,6,2076.89,1110,68,United Kingdom,17,218,346.1483333333333,True,39.6,4,5,5,14,Champions,1,Lapsing Mid-Value
14517,2,330.45,91,17,United Kingdom,33,141,165.225,True,108.0,3,3,2,8,Loyal,3,Active Mid-Value
14518,1,174.37,278,16,United Kingdom,64,64,174.37,False,,3,1,1,5,Needs Attention,0,Dormant Low-Value
14520,2,270.6,146,3,United Kingdom,1,290,135.3,True,289.0,5,3,2,10,Loyal,3,Active Mid-Value
14522,4,974.54,525,15,United Kingdom,24,198,243.635,True,57.333333333333336,4,4,4,12,Champions,1,Lapsing Mid-Value
14523,1,241.09,251,12,United Kingdom,108,108,241.09,False,,2,1,1,4,Lost,0,Dormant Low-Value
14524,9,1843.83,669,161,United Kingdom,31,360,204.87,True,40.625,4,5,4,13,Champions,1,Lapsing Mid-Value
14525,9,4215.9,2637,217,United Kingdom,19,361,468.4333333333333,True,42.125,4,5,5,14,Champions,2,High-Value Loyal
14527,55,8506.13,2086,329,United Kingdom,2,369,154.65690909090907,True,6.314814814814815,5,5,5,15,Champions,2,High-Value Loyal
14528,1,364.21999999999997,278,18,United Kingdom,37,37,364.21999999999997,False,,3,1,2,6,Needs Attention,3,Active Mid-Value
14529,3,578.61,325,177,United Kingdom,60,110,192.87,True,24.5,3,3,3,9,Loyal,1,Lapsing Mid-Value
14530,6,2862.11,1395,140,United Kingdom,25,296,477.0183333333334,True,53.8,4,5,5,14,Champions,1,Lapsing Mid-Value
14532,4,932.85,284,45,United Kingdom,236,352,233.2125,True,38.0,1,4,4,9,At Risk,1,Lapsing Mid-Value
14533,7,1865.72,2819,52,United Kingdom,24,352,266.5314285714286,True,54.333333333333336,4,5,4,13,Champions,1,Lapsing Mid-Value
14534,18,4395.65,2026,330,United Kingdom,2,318,244.20277777777775,True,18.176470588235293,5,5,5,15,Champions,2,High-Value Loyal
14535,3,2854.84,1824,280,United Kingdom,60,248,951.6133333333333,True,94.0,3,3,5,11,Loyal,1,Lapsing Mid-Value
14536,1,170.95,39,18,United Kingdom,259,259,170.95,False,,1,1,1,3,Lost,0,Dormant Low-Value
14537,1,355.56,120,10,United Kingdom,57,57,355.56,False,,3,1,2,6,Needs Attention,0,Dormant Low-Value
14538,2,388.25,155,19,United Kingdom,64,256,194.125,True,191.0,3,3,2,8,Loyal,0,Dormant Low-Value
14539,2,537.48,428,31,United Kingdom,15,44,268.74,True,28.0,4,3,3,10,Loyal,3,Active Mid-Value
14540,3,952.66,411,64,United Kingdom,9,309,317.55333333333334,True,149.0,5,3,4,12,Loyal,3,Active Mid-Value
14541,8,1453.35,641,71,United Kingdom,58,319,181.66875,True,36.714285714285715,3,5,4,12,Loyal,1,Lapsing Mid-Value
14542,1,103.25,19,5,United Kingdom,185,185,103.25,False,,1,1,1,3,Lost,0,Dormant Low-Value
14543,16,3560.08,671,41,United Kingdom,28,364,222.505,True,21.933333333333334,4,5,5,14,Champions,2,High-Value Loyal
14544,2,2004.3,1536,97,United Kingdom,24,361,1002.15,True,337.0,4,3,4,11,Loyal,1,Lapsing Mid-Value
14546,5,2573.93,1313,250,United Kingdom,5,248,514.786,True,60.25,5,4,5,14,Champions,2,High-Value Loyal
14547,8,3974.75,2639,198,United Kingdom,3,54,496.84375,True,6.714285714285714,5,5,5,15,Champions,2,High-Value Loyal
14548,2,652.8,256,2,United Kingdom,150,317,326.4,True,167.0,2,3,3,8,Hibernating,0,Dormant Low-Value
14549,1,289.24,136,56,United Kingdom,311,311,289.24,False,,1,1,2,4,Lost,0,Dormant Low-Value
14550,2,757.37,389,38,United Kingdom,10,44,378.685,True,33.0,5,3,3,11,Loyal,3,Active Mid-Value
14551,2,186.23,106,9,United Kingdom,18,204,93.115,True,185.0,4,3,1,8,Loyal,3,Active Mid-Value
14552,1,164.22,90,57,United Kingdom,151,151,164.22,False,,2,1,1,4,Lost,0,Dormant Low-Value
14553,5,859.27,493,103,United Kingdom,19,339,171.85399999999998,True,79.5,4,4,3,11,Champions,1,Lapsing Mid-Value
14554,4,2279.4900000000002,1443,147,United Kingdom,10,52,569.8725000000001,True,13.666666666666666,5,4,5,14,Champions,1,Lapsing Mid-Value
14555,2,312.54,122,18,United Kingdom,57,302,156.27,True,244.0,3,3,2,8,Loyal,0,Dormant Low-Value
14557,1,788.38,510,16,United Kingdom,85,85,788.38,False,,2,1,3,6,Lost,0,Dormant Low-Value
14560,22,2237.77,1260,39,United Kingdom,7,357,101.71681818181818,True,16.333333333333332,5,5,5,15,Champions,2,High-Value Loyal
14561,3,1080.76,1014,67,United Kingdom,75,184,360.25333333333333,True,54.0,2,3,4,9,Hibernating,1,Lapsing Mid-Value
14562,18,5006.77,1815,187,United Kingdom,3,304,278.1538888888889,True,17.176470588235293,5,5,5,15,Champions,2,High-Value Loyal
14565,4,2949.12,1537,110,United Kingdom,95,361,737.28,True,88.0,2,4,5,11,At Risk,1,Lapsing Mid-Value
14566,1,1432.0,800,4,Channel Islands,110,110,1432.0,False,,2,1,4,7,Lost,0,Dormant Low-Value
14567,2,1530.3600000000001,412,33,United Kingdom,56,130,765.1800000000001,True,73.0,3,3,4,10,Loyal,1,Lapsing Mid-Value
14569,1,227.39,79,10,United Kingdom,1,1,227.39,False,,5,1,1,7,New / Promising,3,Active Mid-Value
14570,2,217.21,94,28,United Kingdom,280,280,108.605,True,0.0,1,3,1,5,Hibernating,0,Dormant Low-Value
14572,7,2804.54,1420,190,United Kingdom,3,324,400.6485714285714,True,52.833333333333336,5,5,5,15,Champions,2,High-Value Loyal
14573,9,1639.82,534,127,United Kingdom,179,372,182.20222222222222,True,23.375,2,5,4,11,At Risk,1,Lapsing Mid-Value
14576,1,35.400000000000006,12,1,United Kingdom,372,372,35.400000000000006,False,,1,1,1,3,Lost,0,Dormant Low-Value
14577,4,859.71,353,86,United Kingdom,12,362,214.9275,True,116.66666666666667,5,4,3,12,Champions,3,Active Mid-Value
14578,1,168.63,240,24,United Kingdom,3,3,168.63,False,,5,1,1,7,New / Promising,3,Active Mid-Value
14581,1,138.6,217,16,United Kingdom,16,16,138.6,False,,4,1,1,6,New / Promising,3,Active Mid-Value
14582,1,114.11,73,6,United Kingdom,40,40,114.11,False,,3,1,1,5,Needs Attention,0,Dormant Low-Value
14583,5,986.96,751,243,United Kingdom,5,205,197.392,True,49.5,5,4,4,13,Champions,3,Active Mid-Value
14584,4,1033.06,381,68,United Kingdom,169,198,258.265,True,9.0,2,4,4,10,At Risk,1,Lapsing Mid-Value
14585,1,157.05,91,29,United Kingdom,50,50,157.05,False,,3,1,1,5,Needs Attention,0,Dormant Low-Value
14586,1,237.35999999999999,444,19,United Kingdom,276,276,237.35999999999999,False,,1,1,1,3,Lost,0,Dormant Low-Value
14587,9,1580.29,749,170,United Kingdom,18,331,175.58777777777777,True,38.625,4,5,4,13,Champions,2,High-Value Loyal
14589,1,39.75,5,3,United Kingdom,371,371,39.75,False,,1,1,1,3,Lost,0,Dormant Low-Value
14591,4,1320.21,1228,138,United Kingdom,15,213,330.0525,True,65.66666666666667,4,4,4,12,Champions,1,Lapsing Mid-Value
14592,3,557.94,407,132,United Kingdom,35,64,185.98000000000002,True,14.0,3,3,3,9,Loyal,1,Lapsing Mid-Value
14593,3,617.15,330,127,United Kingdom,21,198,205.71666666666667,True,88.5,4,3,3,10,Loyal,3,Active Mid-Value
14594,2,363.33,183,48,United Kingdom,7,373,181.665,True,365.0,5,3,2,10,Loyal,3,Active Mid-Value
14595,6,1740.6000000000001,978,94,United Kingdom,19,313,290.1,True,58.0,4,5,4,13,Champions,1,Lapsing Mid-Value
14597,2,866.24,566,45,United Kingdom,11,191,433.12,True,180.0,5,3,3,11,Loyal,3,Active Mid-Value
14598,1,221.97,189,49,United Kingdom,44,44,221.97,False,,3,1,1,5,Needs Attention,0,Dormant Low-Value
14600,1,393.33000000000004,125,25,United Kingdom,305,305,393.33000000000004,False,,1,1,2,4,Lost,0,Dormant Low-Value
14601,1,213.96,168,7,United Kingdom,10,10,213.96,False,,5,1,1,7,New / Promising,3,Active Mid-Value
14603,1,660.0,400,2,United Kingdom,274,274,660.0,False,,1,1,3,5,Lost,0,Dormant Low-Value
14606,90,11926.15,6177,816,United Kingdom,1,373,132.51277777777779,True,3.696629213483146,5,5,5,15,Champions,2,High-Value Loyal
14607,12,15021.5,10734,37,United Kingdom,15,261,1251.7916666666667,True,22.09090909090909,4,5,5,14,Champions,2,High-Value Loyal
14608,4,1785.15,437,8,United Kingdom,4,362,446.2875,True,118.66666666666667,5,4,4,13,Champions,2,High-Value Loyal
14609,4,601.56,7026,2,United Kingdom,72,296,150.39,True,74.0,2,4,3,9,At Risk,1,Lapsing Mid-Value
14616,3,406.08000000000004,104,2,United Kingdom,242,317,135.36,True,36.5,1,3,2,6,Hibernating,0,Dormant Low-Value
14618,3,553.44,264,10,United Kingdom,9,337,184.48000000000002,True,163.5,5,3,3,11,Loyal,3,Active Mid-Value
14619,1,394.44,152,20,United Kingdom,245,245,394.44,False,,1,1,2,4,Lost,0,Dormant Low-Value
14620,2,412.78000000000003,214,26,United Kingdom,205,283,206.39000000000001,True,78.0,1,3,2,6,Hibernating,0,Dormant Low-Value
14621,5,1788.3600000000001,993,80,United Kingdom,1,358,357.672,True,89.0,5,4,4,13,Champions,2,High-Value Loyal
14622,1,320.58000000000004,146,21,United Kingdom,184,184,320.58000000000004,False,,1,1,2,4,Lost,0,Dormant Low-Value
14623,5,882.02,406,107,United Kingdom,32,235,176.404,True,50.25,4,4,3,11,Champions,1,Lapsing Mid-Value
14624,2,225.85,162,13,United Kingdom,57,59,112.925,True,1.0,3,3,1,7,Loyal,0,Dormant Low-Value
14625,2,899.63,335,51,United Kingdom,196,361,449.815,True,164.0,1,3,3,7,Hibernating,0,Dormant Low-Value
14626,4,2791.27,1403,108,United Kingdom,23,233,697.8175,True,69.33333333333333,4,4,5,13,Champions,1,Lapsing Mid-Value
14628,2,671.96,272,22,United Kingdom,91,242,335.98,True,151.0,2,3,3,8,Hibernating,0,Dormant Low-Value
14629,2,955.26,378,133,United Kingdom,4,47,477.63,True,43.0,5,3,4,12,Loyal,3,Active Mid-Value
14631,3,1006.98,622,38,United Kingdom,50,298,335.66,True,123.5,3,3,4,10,Loyal,1,Lapsing Mid-Value
14632,1,114.56,96,8,United Kingdom,262,262,114.56,False,,1,1,1,3,Lost,0,Dormant Low-Value
14633,1,344.90000000000003,96,20,United Kingdom,266,266,344.90000000000003,False,,1,1,2,4,Lost,0,Dormant Low-Value
14636,2,609.85,241,27,United Kingdom,36,268,304.925,True,232.0,3,3,3,9,Loyal,3,Active Mid-Value
14638,1,443.6,166,16,United Kingdom,50,50,443.6,False,,3,1,2,6,Needs Attention,0,Dormant Low-Value
14639,6,2984.4900000000002,1431,138,United Kingdom,52,361,497.415,True,61.6,3,5,5,13,Loyal,1,Lapsing Mid-Value
14640,6,2107.38,880,87,United Kingdom,24,227,351.23,True,40.2,4,5,5,14,Champions,1,Lapsing Mid-Value
14641,1,110.46000000000001,90,7,United Kingdom,21,21,110.46000000000001,False,,4,1,1,6,New / Promising,3,Active Mid-Value
14642,1,96.12,76,2,United Kingdom,58,58,96.12,False,,3,1,1,5,Needs Attention,0,Dormant Low-Value
14643,2,693.8100000000001,815,30,United Kingdom,170,358,346.90500000000003,True,187.0,2,3,3,8,Hibernating,0,Dormant Low-Value
14644,2,830.76,258,26,United Kingdom,67,298,415.38,True,230.0,3,3,3,9,Loyal,1,Lapsing Mid-Value
14645,2,597.09,381,28,United Kingdom,156,275,298.545,True,118.0,2,3,3,8,Hibernating,0,Dormant Low-Value
14646,72,279138.02,196844,699,Netherlands,1,354,3876.9169444444447,True,4.633802816901408,5,5,5,15,Champions,2,High-Value Loyal
14647,1,236.04000000000002,91,24,United Kingdom,201,201,236.04000000000002,False,,1,1,1,3,Lost,0,Dormant Low-Value
14649,4,1402.59,1004,148,United Kingdom,4,212,350.6475,True,69.0,5,4,4,13,Champions,3,Active Mid-Value
14651,2,653.75,343,95,United Kingdom,67,211,326.875,True,143.0,3,3,3,9,Loyal,1,Lapsing Mid-Value
14652,1,114.18,53,29,United Kingdom,77,77,114.18,False,,2,1,1,4,Lost,0,Dormant Low-Value
14653,7,1916.7,944,153,United Kingdom,1,338,273.81428571428575,True,55.666666666666664,5,5,4,14,Champions,2,High-Value Loyal
14655,4,1932.23,1089,35,United Kingdom,8,222,483.0575,True,71.0,5,4,4,13,Champions,1,Lapsing Mid-Value
14656,2,291.05,120,73,United Kingdom,169,283,145.525,True,114.0,2,3,2,7,Hibernating,0,Dormant Low-Value
14657,4,848.22,466,103,United Kingdom,17,326,212.055,True,102.66666666666667,4,4,3,11,Champions,1,Lapsing Mid-Value
14658,2,247.15,47,27,United Kingdom,5,117,123.575,True,111.0,5,3,2,10,Loyal,3,Active Mid-Value
14659,9,2529.93,1195,147,United Kingdom,8,315,281.1033333333333,True,37.875,5,5,5,15,Champions,2,High-Value Loyal
14660,2,285.74,228,24,United Kingdom,86,100,142.87,True,14.0,2,3,2,7,Hibernating,0,Dormant Low-Value
14661,1,107.95,35,4,United Kingdom,26,26,107.95,False,,4,1,1,6,New / Promising,3,Active Mid-Value
14662,4,741.37,578,143,United Kingdom,28,316,185.3425,True,95.33333333333333,4,4,3,11,Champions,1,Lapsing Mid-Value
14664,2,636.24,465,78,United Kingdom,19,33,318.12,True,13.0,4,3,3,10,Loyal,3,Active Mid-Value
14665,5,1835.7,740,63,United Kingdom,60,310,367.14,True,62.25,3,4,4,11,Loyal,1,Lapsing Mid-Value
14666,1,179.95,155,13,United Kingdom,24,24,179.95,False,,4,1,1,6,New / Promising,3,Active Mid-Value
14667,25,9170.79,5318,353,United Kingdom,10,368,366.83160000000004,True,14.458333333333334,5,5,5,15,Champions,2,High-Value Loyal
14669,3,1259.24,770,158,United Kingdom,241,332,419.74666666666667,True,45.0,1,3,4,8,Hibernating,1,Lapsing Mid-Value
14670,2,392.86,326,107,United Kingdom,280,280,196.43,True,0.0,1,3,2,6,Hibernating,0,Dormant Low-Value
14672,2,765.5500000000001,454,58,United Kingdom,234,336,382.77500000000003,True,101.0,1,3,3,7,Hibernating,0,Dormant Low-Value
14673,5,1736.4,1004,39,United Kingdom,3,367,347.28000000000003,True,90.5,5,4,4,13,Champions,2,High-Value Loyal
14675,1,596.36,336,93,United Kingdom,16,16,596.36,False,,4,1,3,8,New / Promising,3,Active Mid-Value
14676,6,2548.2400000000002,2500,29,United Kingdom,31,283,424.7066666666667,True,49.8,4,5,5,14,Champions,1,Lapsing Mid-Value
14680,16,28754.11,13476,73,United Kingdom,25,371,1797.131875,True,22.466666666666665,4,5,5,14,Champions,2,High-Value Loyal
14681,3,498.95,76,6,United Kingdom,71,211,166.31666666666666,True,70.0,3,3,3,9,Loyal,1,Lapsing Mid-Value
14682,2,52.0,80,1,United Kingdom,187,201,26.0,True,13.0,1,3,1,5,Hibernating,0,Dormant Low-Value
14684,5,1201.51,821,231,United Kingdom,25,362,240.302,True,83.75,4,4,4,12,Champions,1,Lapsing Mid-Value
14687,1,628.38,470,15,United Kingdom,106,106,628.38,False,,2,1,3,6,Lost,0,Dormant Low-Value
14688,21,5579.1,3584,148,United Kingdom,7,373,265.6714285714286,True,17.85,5,5,5,15,Champions,2,High-Value Loyal
14689,1,112.80000000000001,76,13,United Kingdom,208,208,112.80000000000001,False,,1,1,1,3,Lost,0,Dormant Low-Value
14690,2,355.05,167,40,United Kingdom,44,151,177.525,True,107.0,3,3,2,8,Loyal,3,Active Mid-Value
14691,5,2114.33,707,50,United Kingdom,30,212,422.866,True,45.25,4,4,5,13,Champions,1,Lapsing Mid-Value
14692,4,591.55,265,53,United Kingdom,137,322,147.8875,True,61.0,2,4,3,9,At Risk,1,Lapsing Mid-Value
14693,1,172.9,34,8,United Kingdom,264,264,172.9,False,,1,1,1,3,Lost,0,Dormant Low-Value
14696,7,2078.95,1630,117,United Kingdom,4,373,296.99285714285713,True,60.833333333333336,5,5,5,15,Champions,2,High-Value Loyal
14697,2,188.61,181,22,United Kingdom,218,218,94.305,True,0.0,1,3,1,5,Hibernating,0,Dormant Low-Value
14698,5,1217.27,602,148,United Kingdom,1,51,243.454,True,12.0,5,4,4,13,Champions,2,High-Value Loyal
14699,1,109.13000000000001,77,8,United Kingdom,214,214,109.13000000000001,False,,1,1,1,3,Lost,0,Dormant Low-Value
14700,3,2195.1,1314,80,United Kingdom,32,238,731.6999999999999,True,102.5,4,3,5,12,Loyal,1,Lapsing Mid-Value
14701,9,2526.09,921,268,United Kingdom,10,316,280.6766666666667,True,37.75,5,5,5,15,Champions,2,High-Value Loyal
14702,17,3251.79,1439,196,United Kingdom,1,365,191.28176470588235,True,22.0625,5,5,5,15,Champions,2,High-Value Loyal
14703,1,318.17,183,22,United Kingdom,14,14,318.17,False,,5,1,2,8,New / Promising,3,Active Mid-Value
14704,7,1461.6200000000001,1035,286,United Kingdom,19,180,208.80285714285716,True,26.333333333333332,4,5,4,13,Champions,1,Lapsing Mid-Value
14705,1,179.0,100,1,United Kingdom,198,198,179.0,False,,1,1,1,3,Lost,0,Dormant Low-Value
14708,3,1126.3700000000001,621,25,United Kingdom,2,368,375.4566666666667,True,182.5,5,3,4,12,Loyal,3,Active Mid-Value
14709,13,4921.04,2484,71,United Kingdom,15,358,378.54153846153844,True,28.083333333333332,4,5,5,14,Champions,2,High-Value Loyal
14710,4,599.48,375,124,United Kingdom,14,59,149.87,True,14.333333333333334,5,4,3,12,Champions,3,Active Mid-Value
14711,11,2839.62,966,221,United Kingdom,10,262,258.1472727272727,True,24.5,5,5,5,15,Champions,2,High-Value Loyal
14712,3,917.07,315,21,United Kingdom,29,112,305.69,True,41.0,4,3,3,10,Loyal,1,Lapsing Mid-Value
14713,11,2662.2,1613,146,United Kingdom,9,365,242.0181818181818,True,35.0,5,5,5,15,Champions,2,High-Value Loyal
14714,1,160.19,229,10,United Kingdom,24,24,160.19,False,,4,1,1,6,New / Promising,3,Active Mid-Value
14715,4,867.38,521,60,United Kingdom,24,331,216.845,True,101.66666666666667,4,4,3,11,Champions,1,Lapsing Mid-Value
14716,2,307.51,495,46,United Kingdom,43,148,153.755,True,105.0,3,3,2,8,Loyal,3,Active Mid-Value
14719,5,1581.84,1025,177,United Kingdom,1,249,316.368,True,61.25,5,4,4,13,Champions,2,High-Value Loyal
14720,3,663.81,219,34,United Kingdom,5,126,221.26999999999998,True,60.0,5,3,3,11,Loyal,3,Active Mid-Value
14722,1,180.42,118,28,United Kingdom,147,147,180.42,False,,2,1,1,4,Lost,0,Dormant Low-Value
14723,6,1120.66,671,192,United Kingdom,10,371,186.77666666666667,True,71.8,5,5,4,14,Champions,1,Lapsing Mid-Value
14725,1,655.58,588,45,United Kingdom,24,24,655.58,False,,4,1,3,8,New / Promising,3,Active Mid-Value
14727,1,268.58,62,10,United Kingdom,274,274,268.58,False,,1,1,2,4,Lost,0,Dormant Low-Value
14729,1,313.49,197,69,United Kingdom,373,373,313.49,False,,1,1,2,4,Lost,0,Dormant Low-Value
14730,8,1897.57,1078,317,United Kingdom,1,276,237.19625,True,39.142857142857146,5,5,4,14,Champions,2,High-Value Loyal
14731,3,380.02,256,38,United Kingdom,47,212,126.67333333333333,True,82.0,3,3,2,8,Loyal,3,Active Mid-Value
14732,8,2702.4900000000002,1405,105,United Kingdom,8,339,337.81125000000003,True,46.714285714285715,5,5,5,15,Champions,2,High-Value Loyal
14733,12,9585.91,3764,102,United Kingdom,16,367,798.8258333333333,True,31.454545454545453,4,5,5,14,Champions,2,High-Value Loyal
14735,31,6050.6900000000005,2263,98,United Kingdom,3,358,195.18354838709678,True,11.466666666666667,5,5,5,15,Champions,2,High-Value Loyal
14737,3,1164.55,345,15,United Kingdom,3,353,388.18333333333334,True,174.5,5,3,4,12,Loyal,3,Active Mid-Value
14738,7,1314.45,601,39,United Kingdom,42,316,187.77857142857144,True,45.0,3,5,4,12,Loyal,1,Lapsing Mid-Value
14739,7,3902.28,3820,47,United Kingdom,4,367,557.4685714285714,True,60.0,5,5,5,15,Champions,2,High-Value Loyal
14740,3,1448.21,735,85,United Kingdom,197,283,482.7366666666667,True,43.0,1,3,4,8,Hibernating,1,Lapsing Mid-Value
14741,6,1400.3400000000001,841,35,United Kingdom,11,372,233.39000000000001,True,71.8,5,5,4,14,Champions,1,Lapsing Mid-Value
14744,7,1099.98,627,21,United Kingdom,16,366,157.14000000000001,True,57.833333333333336,4,5,4,13,Champions,1,Lapsing Mid-Value
14745,5,1220.26,1038,46,United Kingdom,112,285,244.052,True,42.75,2,4,4,10,At Risk,1,Lapsing Mid-Value
14747,1,328.2,84,18,United Kingdom,249,249,328.2,False,,1,1,2,4,Lost,0,Dormant Low-Value
14748,5,1415.75,1223,87,United Kingdom,29,368,283.15,True,84.5,4,4,4,12,Champions,1,Lapsing Mid-Value
14752,1,389.64000000000004,260,5,United Kingdom,43,43,389.64000000000004,False,,3,1,2,6,Needs Attention,0,Dormant Low-Value
14753,1,563.15,211,30,United Kingdom,87,87,563.15,False,,2,1,3,6,Lost,0,Dormant Low-Value
14754,2,638.05,486,38,United Kingdom,44,295,319.025,True,250.0,3,3,3,9,Loyal,3,Active Mid-Value
14755,11,5010.28,2219,128,United Kingdom,9,334,455.47999999999996,True,32.0,5,5,5,15,Champions,2,High-Value Loyal
14756,1,738.96,416,38,United Kingdom,15,15,738.96,False,,4,1,3,8,New / Promising,3,Active Mid-Value
14757,1,420.5,160,19,United Kingdom,75,75,420.5,False,,2,1,2,5,Lost,0,Dormant Low-Value
14758,4,1484.06,419,54,United Kingdom,144,259,371.015,True,37.666666666666664,2,4,4,10,At Risk,1,Lapsing Mid-Value
14759,3,1625.97,569,92,United Kingdom,4,232,541.99,True,113.5,5,3,4,12,Loyal,3,Active Mid-Value
14760,1,89.2,40,5,United Kingdom,297,297,89.2,False,,1,1,1,3,Lost,0,Dormant Low-Value
14761,2,255.9,118,11,United Kingdom,58,334,127.95,True,276.0,3,3,2,8,Loyal,0,Dormant Low-Value
14762,1,300.52,341,21,United Kingdom,263,263,300.52,False,,1,1,2,4,Lost,0,Dormant Low-Value
14764,1,278.3,190,6,United Kingdom,46,46,278.3,False,,3,1,2,6,Needs Attention,0,Dormant Low-Value
14765,3,254.11,135,38,United Kingdom,29,176,84.70333333333333,True,73.0,4,3,2,9,Loyal,3,Active Mid-Value
14766,6,2473.37,1349,111,United Kingdom,8,366,412.2283333333333,True,71.0,5,5,5,15,Champions,2,High-Value Loyal
14768,2,192.60000000000002,52,4,United Kingdom,17,127,96.30000000000001,True,109.0,4,3,1,8,Loyal,3,Active Mid-Value
14769,8,10415.33,7238,717,United Kingdom,2,357,1301.91625,True,50.0,5,5,5,15,Champions,2,High-Value Loyal
14770,2,876.4200000000001,490,49,United Kingdom,232,323,438.21000000000004,True,90.0,1,3,3,7,Hibernating,0,Dormant Low-Value
14772,1,139.26,82,9,United Kingdom,112,112,139.26,False,,2,1,1,4,Lost,0,Dormant Low-Value
14775,3,1011.9,1174,57,United Kingdom,58,372,337.3,True,156.5,3,3,4,10,Loyal,1,Lapsing Mid-Value
14776,11,2538.2999999999997,3134,44,United Kingdom,51,312,230.75454545454542,True,25.7,3,5,5,13,Loyal,1,Lapsing Mid-Value
14778,2,730.86,306,34,United Kingdom,127,308,365.43,True,181.0,2,3,3,8,Hibernating,0,Dormant Low-Value
14779,3,386.15,84,40,United Kingdom,280,323,128.71666666666667,True,21.5,1,3,2,6,Hibernating,0,Dormant Low-Value
14780,2,447.68,310,26,United Kingdom,54,79,223.84,True,24.0,3,3,2,8,Loyal,0,Dormant Low-Value
14782,1,200.10000000000002,114,6,United Kingdom,319,319,200.10000000000002,False,,1,1,1,3,Lost,0,Dormant Low-Value
14784,2,289.99,237,15,United Kingdom,26,323,144.995,True,297.0,4,3,2,9,Loyal,3,Active Mid-Value
14785,2,77.4,84,2,United Kingdom,10,15,38.7,True,4.0,5,3,1,9,Loyal,3,Active Mid-Value
14788,2,679.44,421,26,United Kingdom,7,26,339.72,True,19.0,5,3,3,11,Loyal,3,Active Mid-Value
14789,1,197.64,116,6,United Kingdom,28,28,197.64,False,,4,1,1,6,New / Promising,3,Active Mid-Value
14790,4,745.06,699,30,United Kingdom,16,253,186.265,True,78.33333333333333,4,4,3,11,Champions,3,Active Mid-Value
14792,1,6.2,2,2,United Kingdom,63,63,6.2,False,,3,1,1,5,Needs Attention,0,Dormant Low-Value
14793,1,228.99,91,14,United Kingdom,21,21,228.99,False,,4,1,1,6,New / Promising,3,Active Mid-Value
14794,7,1319.91,673,68,United Kingdom,2,334,188.55857142857144,True,54.666666666666664,5,5,4,14,Champions,2,High-Value Loyal
14795,1,131.45000000000002,17,6,United Kingdom,166,166,131.45000000000002,False,,2,1,1,4,Lost,0,Dormant Low-Value
14796,17,7973.93,5991,402,United Kingdom,1,366,469.05470588235295,True,22.25,5,5,5,15,Champions,2,High-Value Loyal
14798,3,173.74,150,11,United Kingdom,52,310,57.913333333333334,True,128.0,3,3,1,7,Loyal,0,Dormant Low-Value
14799,1,157.7,146,13,United Kingdom,51,51,157.7,False,,3,1,1,5,Needs Attention,0,Dormant Low-Value
14800,12,4331.79,3644,246,United Kingdom,47,369,360.9825,True,28.90909090909091,3,5,5,13,Loyal,2,High-Value Loyal
14801,1,189.34,173,56,United Kingdom,61,61,189.34,False,,3,1,1,5,Needs Attention,0,Dormant Low-Value
14803,3,845.5500000000001,370,35,United Kingdom,162,292,281.85,True,64.5,2,3,3,8,Hibernating,1,Lapsing Mid-Value
14804,1,353.27,121,12,United Kingdom,8,8,353.27,False,,5,1,2,8,New / Promising,3,Active Mid-Value
14805,4,546.4,114,30,United Kingdom,15,313,136.6,True,99.0,4,4,3,11,Champions,3,Active Mid-Value
14806,1,193.39000000000001,330,11,United Kingdom,75,75,193.39000000000001,False,,2,1,1,4,Lost,0,Dormant Low-Value
14808,8,2718.6,2120,176,United Kingdom,39,172,339.825,True,18.571428571428573,3,5,5,13,Loyal,1,Lapsing Mid-Value
14810,11,2085.33,1015,106,United Kingdom,40,369,189.57545454545453,True,32.3,3,5,5,13,Loyal,2,High-Value Loyal
14813,2,152.88,66,25,United Kingdom,369,369,76.44,True,0.0,1,3,1,5,Hibernating,0,Dormant Low-Value
14815,2,778.5,744,53,United Kingdom,36,67,389.25,True,31.0,3,3,3,9,Loyal,3,Active Mid-Value
14816,1,271.85,5,4,United Kingdom,197,197,271.85,False,,1,1,2,4,Lost,0,Dormant Low-Value
14817,2,1010.34,653,51,United Kingdom,200,277,505.17,True,76.0,1,3,4,8,Hibernating,0,Dormant Low-Value
14818,3,657.8,324,41,United Kingdom,73,253,219.26666666666665,True,89.5,2,3,3,8,Hibernating,1,Lapsing Mid-Value
14819,2,272.07,109,13,United Kingdom,64,192,136.035,True,127.0,3,3,2,8,Loyal,0,Dormant Low-Value
14820,4,507.29,253,24,United Kingdom,21,173,126.8225,True,50.0,4,4,3,11,Champions,3,Active Mid-Value
14821,1,48.800000000000004,20,2,United Kingdom,366,366,48.800000000000004,False,,1,1,1,3,Lost,0,Dormant Low-Value
14823,3,321.43,88,56,United Kingdom,180,194,107.14333333333333,True,6.5,1,3,2,6,Hibernating,0,Dormant Low-Value
14824,4,1127.71,525,19,United Kingdom,10,91,281.9275,True,26.333333333333332,5,4,4,13,Champions,3,Active Mid-Value
14825,12,2221.01,989,82,United Kingdom,3,368,185.08416666666668,True,32.81818181818182,5,5,5,15,Champions,2,High-Value Loyal
14828,3,2139.76,2172,17,United Kingdom,196,336,713.2533333333334,True,69.5,1,3,5,9,Hibernating,1,Lapsing Mid-Value
14829,4,697.55,452,39,United Kingdom,29,372,174.3875,True,114.0,4,4,3,11,Champions,1,Lapsing Mid-Value
14830,1,188.03,163,38,United Kingdom,53,53,188.03,False,,3,1,1,5,Needs Attention,0,Dormant Low-Value
14834,6,1720.3,734,43,United Kingdom,17,240,286.71666666666664,True,43.8,4,5,4,13,Champions,1,Lapsing Mid-Value
14836,3,102.45,45,5,United Kingdom,10,30,34.15,True,10.0,5,3,1,9,Loyal,3,Active Mid-Value
14837,4,1649.5,1436,96,United Kingdom,89,201,412.375,True,36.666666666666664,2,4,4,10,At Risk,1,Lapsing Mid-Value
14840,1,62.85,31,4,United Kingdom,267,267,62.85,False,,1,1,1,3,Lost,0,Dormant Low-Value
14841,6,3295.76,1778,103,United Kingdom,53,358,549.2933333333334,True,60.8,3,5,5,13,Loyal,1,Lapsing Mid-Value
14842,4,2824.69,1166,128,United Kingdom,43,308,706.1725,True,87.66666666666667,3,4,5,12,Loyal,1,Lapsing Mid-Value
14844,4,3189.81,1833,87,United Kingdom,63,241,797.4525,True,58.666666666666664,3,4,5,12,Loyal,1,Lapsing Mid-Value
14847,1,309.40000000000003,120,13,United Kingdom,148,148,309.40000000000003,False,,2,1,2,5,Lost,0,Dormant Low-Value
14849,25,7930.54,5694,159,United Kingdom,21,373,317.2216,True,14.458333333333334,4,5,5,14,Champions,2,High-Value Loyal
14850,1,325.75,293,21,United Kingdom,311,311,325.75,False,,1,1,2,4,Lost,0,Dormant Low-Value
14851,2,511.35,325,28,United Kingdom,23,256,255.675,True,232.0,4,3,3,10,Loyal,3,Active Mid-Value
14852,6,2836.69,1747,96,United Kingdom,58,252,472.7816666666667,True,38.4,3,5,5,13,Loyal,1,Lapsing Mid-Value
14853,2,475.8,82,8,United Kingdom,24,211,237.9,True,187.0,4,3,2,9,Loyal,3,Active Mid-Value
14854,7,2740.03,1820,110,United Kingdom,78,274,391.4328571428572,True,32.333333333333336,2,5,5,12,At Risk,1,Lapsing Mid-Value
14855,2,645.65,267,13,United Kingdom,119,134,322.825,True,15.0,2,3,3,8,Hibernating,0,Dormant Low-Value
14856,3,1290.53,711,65,United Kingdom,36,56,430.1766666666667,True,10.0,3,3,4,10,Loyal,1,Lapsing Mid-Value
14857,2,1173.1200000000001,464,58,United Kingdom,59,148,586.5600000000001,True,88.0,3,3,4,10,Loyal,1,Lapsing Mid-Value
14859,4,1353.74,671,47,United Kingdom,12,204,338.435,True,63.333333333333336,5,4,4,13,Champions,1,Lapsing Mid-Value
14860,1,170.32,232,11,United Kingdom,19,19,170.32,False,,4,1,1,6,New / Promising,3,Active Mid-Value
14861,1,125.79,117,6,United Kingdom,52,52,125.79,False,,3,1,1,5,Needs Attention,0,Dormant Low-Value
14862,2,841.2,772,47,United Kingdom,25,148,420.6,True,122.0,4,3,3,10,Loyal,3,Active Mid-Value
14863,1,266.76,132,11,United Kingdom,29,29,266.76,False,,4,1,2,7,New / Promising,3,Active Mid-Value
14865,2,52.2,108,4,United Kingdom,7,372,26.1,True,364.0,5,3,1,9,Loyal,3,Active Mid-Value
14866,11,14353.4,6751,29,United Kingdom,10,366,1304.8545454545454,True,35.0,5,5,5,15,Champions,2,High-Value Loyal
14867,3,710.28,328,31,United Kingdom,185,336,236.76,True,75.0,1,3,3,7,Hibernating,1,Lapsing Mid-Value
14868,8,2953.59,1405,96,United Kingdom,3,233,369.19875,True,32.42857142857143,5,5,5,15,Champions,2,High-Value Loyal
14869,2,721.45,549,66,United Kingdom,8,103,360.725,True,94.0,5,3,3,11,Loyal,3,Active Mid-Value
14870,1,327.25,119,13,United Kingdom,261,261,327.25,False,,1,1,2,4,Lost,0,Dormant Low-Value
14871,4,501.28000000000003,179,68,United Kingdom,3,360,125.32000000000001,True,118.66666666666667,5,4,3,12,Champions,3,Active Mid-Value
14873,1,519.68,168,28,United Kingdom,210,210,519.68,False,,1,1,3,5,Lost,0,Dormant Low-Value
14875,2,1465.32,558,46,United Kingdom,107,262,732.66,True,155.0,2,3,4,9,Hibernating,1,Lapsing Mid-Value
14878,9,1476.09,799,62,United Kingdom,12,358,164.01,True,42.625,5,5,4,14,Champions,2,High-Value Loyal
14880,3,690.59,365,45,United Kingdom,77,288,230.1966666666667,True,105.5,2,3,3,8,Hibernating,1,Lapsing Mid-Value
14881,1,255.4,316,17,United Kingdom,19,19,255.4,False,,4,1,2,7,New / Promising,3,Active Mid-Value
14882,2,589.7,158,6,United Kingdom,26,33,294.85,True,7.0,4,3,3,10,Loyal,3,Active Mid-Value
14883,6,761.59,790,39,United Kingdom,18,211,126.93166666666667,True,38.0,4,5,3,12,Champions,1,Lapsing Mid-Value
14885,1,765.3199999999999,724,15,United Kingdom,131,131,765.3199999999999,False,,2,1,3,6,Lost,0,Dormant Low-Value
14886,1,364.8,160,18,United Kingdom,252,252,364.8,False,,1,1,2,4,Lost,0,Dormant Low-Value
14887,1,1862.0,1100,6,United Kingdom,79,79,1862.0,False,,2,1,4,7,Lost,1,Lapsing Mid-Value
14888,1,369.2,184,20,United Kingdom,207,207,369.2,False,,1,1,2,4,Lost,0,Dormant Low-Value
14889,1,135.9,90,10,United Kingdom,336,336,135.9,False,,1,1,1,3,Lost,0,Dormant Low-Value
14890,1,125.65,51,7,United Kingdom,253,253,125.65,False,,1,1,1,3,Lost,0,Dormant Low-Value
14891,2,554.38,505,30,United Kingdom,148,187,277.19,True,39.0,2,3,3,8,Hibernating,0,Dormant Low-Value
14893,2,1237.8500000000001,799,72,United Kingdom,9,11,618.9250000000001,True,2.0,5,3,4,12,Loyal,3,Active Mid-Value
14894,1,655.75,265,23,United Kingdom,85,85,655.75,False,,2,1,3,6,Lost,0,Dormant Low-Value
14895,20,11138.710000000001,4851,273,United Kingdom,7,290,556.9355,True,14.578947368421053,5,5,5,15,Champions,2,High-Value Loyal
14896,2,468.77000000000004,279,43,United Kingdom,204,365,234.38500000000002,True,160.0,1,3,2,6,Hibernating,0,Dormant Low-Value
14897,4,1366.38,468,43,United Kingdom,7,296,341.595,True,96.0,5,4,4,13,Champions,3,Active Mid-Value
14898,6,1269.31,1001,86,United Kingdom,23,371,211.55166666666665,True,69.2,4,5,4,13,Champions,1,Lapsing Mid-Value
14901,9,1421.29,661,73,United Kingdom,11,372,157.92111111111112,True,44.625,5,5,4,14,Champions,2,High-Value Loyal
14902,1,332.66,218,20,United Kingdom,25,25,332.66,False,,4,1,2,7,New / Promising,3,Active Mid-Value
14903,5,2795.33,1531,227,United Kingdom,21,278,559.066,True,64.0,4,4,5,13,Champions,1,Lapsing Mid-Value
14904,2,1025.44,1985,66,United Kingdom,2,25,512.72,True,23.0,5,3,4,12,Loyal,3,Active Mid-Value
14905,2,616.15,287,14,United Kingdom,157,233,308.075,True,76.0,2,3,3,8,Hibernating,0,Dormant Low-Value
14907,7,3501.1,1691,125,United Kingdom,3,367,500.15714285714284,True,60.333333333333336,5,5,5,15,Champions,2,High-Value Loyal
14908,1,277.8,132,9,United Kingdom,74,74,277.8,False,,2,1,2,5,Lost,0,Dormant Low-Value
14910,4,434.35,238,25,United Kingdom,2,54,108.5875,True,17.0,5,4,2,11,Champions,3,Active Mid-Value
14911,198,136161.83,80154,1785,EIRE,1,373,687.6860101010101,True,1.4923857868020305,5,5,5,15,Champions,2,High-Value Loyal
14912,2,867.85,971,21,Italy,16,246,433.925,True,229.0,4,3,3,10,Loyal,3,Active Mid-Value
14913,4,1227.43,1743,76,United Kingdom,35,359,306.8575,True,107.33333333333333,3,4,4,11,Loyal,1,Lapsing Mid-Value
14915,2,307.48,112,12,United Kingdom,91,277,153.74,True,186.0,2,3,2,7,Hibernating,0,Dormant Low-Value
14916,4,1268.98,1136,72,United Kingdom,70,324,317.245,True,83.66666666666667,3,4,4,11,Loyal,1,Lapsing Mid-Value
14918,2,1610.15,675,39,United Kingdom,115,154,805.075,True,38.0,2,3,4,9,Hibernating,1,Lapsing Mid-Value
14920,2,977.77,509,57,United Kingdom,212,212,488.885,True,0.0,1,3,4,8,Hibernating,0,Dormant Low-Value
14921,2,1316.07,953,78,United Kingdom,30,201,658.035,True,171.0,4,3,4,11,Loyal,1,Lapsing Mid-Value
14923,1,749.1,418,44,United Kingdom,50,50,749.1,False,,3,1,3,7,Needs Attention,0,Dormant Low-Value
14924,1,310.05,64,10,United Kingdom,245,245,310.05,False,,1,1,2,4,Lost,0,Dormant Low-Value
14929,1,223.88,136,11,United Kingdom,32,32,223.88,False,,4,1,1,6,New / Promising,3,Active Mid-Value
14930,3,2362.96,1160,116,Channel Islands,108,274,787.6533333333333,True,82.5,2,3,5,10,Hibernating,1,Lapsing Mid-Value
14931,4,864.6800000000001,414,28,Channel Islands,4,240,216.17000000000002,True,78.33333333333333,5,4,3,12,Champions,3,Active Mid-Value
14932,1,313.53,79,16,Channel Islands,365,365,313.53,False,,1,1,2,4,Lost,0,Dormant Low-Value
14934,2,1890.94,1042,68,Channel Islands,81,282,945.47,True,200.0,2,3,4,9,Hibernating,1,Lapsing Mid-Value
14935,1,1784.71,935,10,Channel Islands,297,297,1784.71,False,,1,1,4,6,Lost,0,Dormant Low-Value
14936,8,8137.02,4085,210,Channel Islands,33,275,1017.1275,True,34.285714285714285,3,5,5,13,Loyal,2,High-Value Loyal
14937,3,1621.88,484,33,Channel Islands,56,130,540.6266666666667,True,36.5,3,3,4,10,Loyal,1,Lapsing Mid-Value
14944,12,5900.25,2815,101,United Kingdom,29,296,491.6875,True,24.0,4,5,5,14,Champions,2,High-Value Loyal
14946,1,100.9,22,3,United Kingdom,14,14,100.9,False,,5,1,1,7,New / Promising,3,Active Mid-Value
14947,2,290.82,179,14,United Kingdom,72,130,145.41,True,58.0,2,3,2,7,Hibernating,0,Dormant Low-Value
14948,6,1101.97,673,56,United Kingdom,23,219,183.66166666666666,True,38.8,4,5,4,13,Champions,1,Lapsing Mid-Value
14950,1,371.2,136,19,United Kingdom,19,19,371.2,False,,4,1,2,7,New / Promising,3,Active Mid-Value
14951,1,311.69,311,20,United Kingdom,79,79,311.69,False,,2,1,2,5,Lost,0,Dormant Low-Value
14952,11,8099.49,3355,117,United Kingdom,59,364,736.3172727272727,True,30.2,3,5,5,13,Loyal,2,High-Value Loyal
14953,1,285.67,224,54,United Kingdom,25,25,285.67,False,,4,1,2,7,New / Promising,3,Active Mid-Value
14954,1,294.85,117,75,United Kingdom,12,12,294.85,False,,5,1,2,8,New / Promising,3,Active Mid-Value
14957,1,58.49,34,12,United Kingdom,253,253,58.49,False,,1,1,1,3,Lost,0,Dormant Low-Value
14958,3,483.73,128,33,United Kingdom,147,245,161.24333333333334,True,48.5,2,3,3,8,Hibernating,0,Dormant Low-Value
14959,4,695.42,494,37,United Kingdom,64,296,173.855,True,76.66666666666667,3,4,3,10,Loyal,1,Lapsing Mid-Value
14960,2,221.27,221,23,United Kingdom,8,171,110.635,True,162.0,5,3,1,9,Loyal,3,Active Mid-Value
14961,9,7044.68,3708,193,United Kingdom,10,360,782.7422222222223,True,43.125,5,5,5,15,Champions,2,High-Value Loyal
14962,1,126.7,44,5,United Kingdom,270,270,126.7,False,,1,1,1,3,Lost,0,Dormant Low-Value
14963,5,1472.34,1159,149,United Kingdom,9,183,294.46799999999996,True,43.0,5,4,4,13,Champions,1,Lapsing Mid-Value
14964,1,206.21,143,13,United Kingdom,247,247,206.21,False,,1,1,1,3,Lost,0,Dormant Low-Value
14965,2,596.09,363,80,United Kingdom,96,96,298.045,True,0.0,2,3,3,8,Hibernating,0,Dormant Low-Value
14966,1,183.02,179,35,United Kingdom,14,14,183.02,False,,5,1,1,7,New / Promising,3,Active Mid-Value
14967,1,463.8,140,6,United Kingdom,49,49,463.8,False,,3,1,2,6,Needs Attention,0,Dormant Low-Value
14968,1,147.59,127,37,United Kingdom,30,30,147.59,False,,4,1,1,6,New / Promising,3,Active Mid-Value
14970,4,1592.06,250,24,United Kingdom,68,316,398.015,True,82.33333333333333,3,4,4,11,Loyal,1,Lapsing Mid-Value
14971,3,1097.98,639,144,United Kingdom,35,43,365.99333333333334,True,4.0,3,3,4,10,Loyal,1,Lapsing Mid-Value
14972,1,114.77,28,18,United Kingdom,128,128,114.77,False,,2,1,1,4,Lost,0,Dormant Low-Value
14973,3,1314.45,369,29,United Kingdom,107,225,438.15000000000003,True,58.5,2,3,4,9,Hibernating,1,Lapsing Mid-Value
14974,1,89.94,37,17,United Kingdom,37,37,89.94,False,,3,1,1,5,Needs Attention,0,Dormant Low-Value
14975,1,279.94,380,11,United Kingdom,57,57,279.94,False,,3,1,2,6,Needs Attention,0,Dormant Low-Value
14976,6,774.86,232,45,United Kingdom,57,326,129.14333333333335,True,53.6,3,5,3,11,Loyal,1,Lapsing Mid-Value
14978,5,1921.3700000000001,523,136,United Kingdom,72,330,384.274,True,64.0,2,4,4,10,At Risk,1,Lapsing Mid-Value
14981,1,102.12,97,8,United Kingdom,246,246,102.12,False,,1,1,1,3,Lost,0,Dormant Low-Value
14984,2,202.37,58,37,United Kingdom,19,180,101.185,True,161.0,4,3,1,8,Loyal,3,Active Mid-Value
14985,2,292.01,256,78,United Kingdom,198,358,146.005,True,159.0,1,3,2,6,Hibernating,0,Dormant Low-Value
14987,2,326.4,128,2,United Kingdom,15,365,163.2,True,349.0,4,3,2,9,Loyal,3,Active Mid-Value
14988,1,334.54,141,40,United Kingdom,211,211,334.54,False,,1,1,2,4,Lost,0,Dormant Low-Value
14995,2,231.98000000000002,102,53,United Kingdom,38,280,115.99000000000001,True,241.0,3,3,1,7,Loyal,3,Active Mid-Value
14997,3,546.1999999999999,1120,25,United Kingdom,46,178,182.06666666666663,True,65.0,3,3,3,9,Loyal,1,Lapsing Mid-Value
14998,2,414.87,258,70,United Kingdom,170,241,207.435,True,71.0,2,3,2,7,Hibernating,0,Dormant Low-Value
15000,1,490.52,218,76,United Kingdom,47,47,490.52,False,,3,1,3,7,Needs Attention,0,Dormant Low-Value
15002,4,1641.76,862,93,United Kingdom,115,367,410.44,True,83.33333333333333,2,4,4,10,At Risk,1,Lapsing Mid-Value
15004,1,1220.38,622,153,United Kingdom,147,147,1220.38,False,,2,1,4,7,Lost,0,Dormant Low-Value
15005,28,6293.67,4228,359,United Kingdom,15,366,224.77392857142857,True,12.518518518518519,4,5,5,14,Champions,2,High-Value Loyal
15006,1,475.43,285,120,United Kingdom,51,51,475.43,False,,3,1,2,6,Needs Attention,0,Dormant Low-Value
15007,1,156.91,69,12,United Kingdom,159,159,156.91,False,,2,1,1,4,Lost,0,Dormant Low-Value
15009,3,1259.43,639,148,United Kingdom,12,25,419.81,True,6.0,5,3,4,12,Loyal,3,Active Mid-Value
15010,1,308.94,184,20,United Kingdom,35,35,308.94,False,,3,1,2,6,Needs Attention,3,Active Mid-Value
15012,2,405.04,225,110,United Kingdom,53,373,202.52,True,319.0,3,3,2,8,Loyal,0,Dormant Low-Value
15014,2,257.67,149,29,United Kingdom,43,176,128.835,True,133.0,3,3,2,8,Loyal,3,Active Mid-Value
15016,1,170.04,76,20,United Kingdom,172,172,170.04,False,,2,1,1,4,Lost,0,Dormant Low-Value
15017,1,125.58,63,20,United Kingdom,33,33,125.58,False,,3,1,1,5,Needs Attention,0,Dormant Low-Value
15018,3,496.21,189,30,United Kingdom,38,367,165.40333333333334,True,164.0,3,3,3,9,Loyal,3,Active Mid-Value
15019,1,252.81,150,64,United Kingdom,266,266,252.81,False,,1,1,2,4,Lost,0,Dormant Low-Value
15021,9,1871.77,819,287,United Kingdom,8,366,207.97444444444443,True,44.125,5,5,4,14,Champions,2,High-Value Loyal
15022,4,852.39,527,96,United Kingdom,11,47,213.0975,True,11.333333333333334,5,4,3,12,Champions,3,Active Mid-Value
15023,11,6701.51,2818,346,United Kingdom,3,369,609.2281818181818,True,36.2,5,5,5,15,Champions,2,High-Value Loyal
15024,10,1636.43,902,105,United Kingdom,9,367,163.643,True,39.44444444444444,5,5,4,14,Champions,2,High-Value Loyal
15025,1,361.96,184,66,United Kingdom,33,33,361.96,False,,3,1,2,6,Needs Attention,3,Active Mid-Value
15026,3,464.2,225,56,United Kingdom,80,277,154.73333333333332,True,98.0,2,3,2,7,Hibernating,1,Lapsing Mid-Value
15027,4,1066.15,565,30,United Kingdom,30,238,266.5375,True,68.66666666666667,4,4,4,12,Champions,1,Lapsing Mid-Value
15028,4,627.13,459,35,United Kingdom,8,368,156.7825,True,119.66666666666667,5,4,3,12,Champions,3,Active Mid-Value
15030,2,518.28,372,7,United Kingdom,71,268,259.14,True,196.0,3,3,3,9,Loyal,0,Dormant Low-Value
15031,4,653.19,400,74,United Kingdom,4,282,163.2975,True,92.33333333333333,5,4,3,12,Champions,3,Active Mid-Value
15032,3,4959.1,2968,29,United Kingdom,256,366,1653.0333333333335,True,55.0,1,3,5,9,Hibernating,1,Lapsing Mid-Value
15033,10,2553.88,1670,314,United Kingdom,4,329,255.388,True,35.44444444444444,5,5,5,15,Champions,2,High-Value Loyal
15034,8,4274.16,2413,299,United Kingdom,15,353,534.27,True,47.857142857142854,4,5,5,14,Champions,2,High-Value Loyal
15035,1,252.73000000000002,245,26,United Kingdom,89,89,252.73000000000002,False,,2,1,2,5,Lost,0,Dormant Low-Value
15036,3,429.56,316,107,United Kingdom,72,179,143.18666666666667,True,53.5,2,3,2,7,Hibernating,1,Lapsing Mid-Value
15038,6,685.74,212,105,United Kingdom,58,369,114.29,True,61.8,3,5,3,11,Loyal,1,Lapsing Mid-Value
15039,47,19766.59,9131,408,United Kingdom,9,368,420.5657446808511,True,7.369565217391305,5,5,5,15,Champions,2,High-Value Loyal
15041,1,179.93,103,66,United Kingdom,170,170,179.93,False,,2,1,1,4,Lost,0,Dormant Low-Value
15042,1,135.93,30,5,United Kingdom,199,199,135.93,False,,1,1,1,3,Lost,0,Dormant Low-Value
15043,1,537.0,300,3,United Kingdom,31,31,537.0,False,,4,1,3,8,New / Promising,3,Active Mid-Value
15044,17,7634.7300000000005,2785,233,United Kingdom,19,362,449.1017647058824,True,20.9375,4,5,5,14,Champions,2,High-Value Loyal
15045,2,735.66,114,11,United Kingdom,151,257,367.83,True,105.0,2,3,3,8,Hibernating,0,Dormant Low-Value
15046,15,5071.47,3371,146,United Kingdom,9,338,338.098,True,23.0,5,5,5,15,Champions,2,High-Value Loyal
15047,1,343.62,222,22,United Kingdom,269,269,343.62,False,,1,1,2,4,Lost,0,Dormant Low-Value
15048,4,381.0,192,86,United Kingdom,65,368,95.25,True,100.33333333333333,3,4,2,9,Loyal,1,Lapsing Mid-Value
15049,1,121.17000000000002,63,3,United Kingdom,273,273,121.17000000000002,False,,1,1,1,3,Lost,0,Dormant Low-Value
15050,3,1737.69,1216,68,United Kingdom,25,71,579.23,True,23.0,4,3,4,11,Loyal,1,Lapsing Mid-Value
15051,3,1383.36,1010,130,United Kingdom,23,150,461.11999999999995,True,63.0,4,3,4,11,Loyal,1,Lapsing Mid-Value
15052,1,207.73000000000002,79,27,United Kingdom,319,319,207.73000000000002,False,,1,1,1,3,Lost,0,Dormant Low-Value
15053,3,693.95,984,49,United Kingdom,4,281,231.3166666666667,True,138.0,5,3,3,11,Loyal,3,Active Mid-Value
15054,2,302.1,198,105,United Kingdom,12,40,151.05,True,28.0,5,3,2,10,Loyal,3,Active Mid-Value
15057,2,1489.5,668,25,United Kingdom,275,315,744.75,True,40.0,1,3,4,8,Hibernating,1,Lapsing Mid-Value
15058,11,2102.54,1054,199,United Kingdom,25,312,191.14,True,28.4,4,5,5,14,Champions,2,High-Value Loyal
15059,9,1337.72,604,161,United Kingdom,40,334,148.63555555555556,True,36.25,3,5,4,12,Loyal,1,Lapsing Mid-Value
15060,4,293.0,256,80,United Kingdom,8,9,73.25,True,0.0,5,4,2,11,Champions,3,Active Mid-Value
15061,48,54534.14,28920,70,United Kingdom,3,372,1136.1279166666666,True,7.574468085106383,5,5,5,15,Champions,2,High-Value Loyal
15062,4,987.86,763,47,United Kingdom,71,359,246.965,True,95.33333333333333,3,4,4,11,Loyal,1,Lapsing Mid-Value
15063,1,370.79999999999995,56,5,United Kingdom,213,213,370.79999999999995,False,,1,1,2,4,Lost,0,Dormant Low-Value
15065,4,3158.13,1383,148,United Kingdom,37,291,789.5325,True,84.0,3,4,5,12,Loyal,1,Lapsing Mid-Value
15066,1,893.59,317,42,United Kingdom,53,53,893.59,False,,3,1,3,7,Needs Attention,0,Dormant Low-Value
15067,3,1744.76,954,82,United Kingdom,78,282,581.5866666666667,True,102.0,2,3,4,9,Hibernating,1,Lapsing Mid-Value
15068,2,553.36,364,96,United Kingdom,46,256,276.68,True,210.0,3,3,3,9,Loyal,3,Active Mid-Value
15069,1,1109.53,520,70,United Kingdom,179,179,1109.53,False,,2,1,4,7,Lost,0,Dormant Low-Value
15070,1,106.2,36,1,United Kingdom,372,372,106.2,False,,1,1,1,3,Lost,0,Dormant Low-Value
15071,2,982.07,269,25,United Kingdom,93,275,491.035,True,182.0,2,3,4,9,Hibernating,1,Lapsing Mid-Value
15073,3,1043.41,491,31,United Kingdom,9,186,347.80333333333334,True,88.0,5,3,4,12,Loyal,3,Active Mid-Value
15074,1,735.67,431,41,United Kingdom,105,105,735.67,False,,2,1,3,6,Lost,0,Dormant Low-Value
15075,1,773.03,447,27,United Kingdom,77,77,773.03,False,,2,1,3,6,Lost,0,Dormant Low-Value
15076,1,880.85,571,49,United Kingdom,172,172,880.85,False,,2,1,3,6,Lost,0,Dormant Low-Value
15078,32,9743.11,5105,97,United Kingdom,7,368,304.4721875,True,11.32258064516129,5,5,5,15,Champions,2,High-Value Loyal
15079,4,895.61,389,46,United Kingdom,212,365,223.9025,True,50.666666666666664,1,4,3,8,At Risk,1,Lapsing Mid-Value
15081,5,504.8,190,26,United Kingdom,22,367,100.96000000000001,True,85.5,4,4,3,11,Champions,1,Lapsing Mid-Value
15083,1,88.2,38,5,United Kingdom,256,256,88.2,False,,1,1,1,3,Lost,0,Dormant Low-Value
15087,1,306.94,470,15,United Kingdom,281,281,306.94,False,,1,1,2,4,Lost,0,Dormant Low-Value
15088,2,1160.07,460,53,United Kingdom,21,67,580.035,True,45.0,4,3,4,11,Loyal,3,Active Mid-Value
15089,6,2420.84,1359,139,United Kingdom,10,128,403.47333333333336,True,23.2,5,5,5,15,Champions,2,High-Value Loyal
15090,1,381.32,208,23,United Kingdom,308,308,381.32,False,,1,1,2,4,Lost,0,Dormant Low-Value
15091,1,480.71,346,30,United Kingdom,67,67,480.71,False,,3,1,2,6,Needs Attention,0,Dormant Low-Value
15092,2,457.81,135,23,United Kingdom,215,283,228.905,True,68.0,1,3,2,6,Hibernating,0,Dormant Low-Value
15093,6,4597.02,3760,52,United Kingdom,18,372,766.1700000000001,True,70.2,4,5,5,14,Champions,2,High-Value Loyal
15095,4,1370.6000000000001,1079,30,United Kingdom,103,203,342.65000000000003,True,33.0,2,4,4,10,At Risk,1,Lapsing Mid-Value
15096,1,219.39000000000001,120,11,United Kingdom,42,42,219.39000000000001,False,,3,1,1,5,Needs Attention,0,Dormant Low-Value
15097,1,248.08,170,25,United Kingdom,4,4,248.08,False,,5,1,2,8,New / Promising,3,Active Mid-Value
15098,3,39916.5,121,1,United Kingdom,182,182,13305.5,True,0.0,1,3,5,9,Hibernating,1,Lapsing Mid-Value
15099,1,410.48,343,23,United Kingdom,84,84,410.48,False,,2,1,2,5,Lost,0,Dormant Low-Value
15100,3,876.0,80,1,United Kingdom,333,373,292.0,True,19.5,1,3,3,7,Hibernating,0,Dormant Low-Value
15101,2,317.53000000000003,241,8,United Kingdom,8,359,158.76500000000001,True,350.0,5,3,2,10,Loyal,3,Active Mid-Value
15103,2,703.36,329,35,United Kingdom,31,86,351.68,True,55.0,4,3,3,10,Loyal,3,Active Mid-Value
15104,2,993.54,635,66,United Kingdom,196,282,496.77,True,85.0,1,3,4,8,Hibernating,0,Dormant Low-Value
15105,7,2298.93,1211,90,United Kingdom,18,134,328.4185714285714,True,19.166666666666668,4,5,5,14,Champions,2,High-Value Loyal
15106,5,1422.52,1181,90,United Kingdom,17,269,284.504,True,62.25,4,4,4,12,Champions,1,Lapsing Mid-Value
15107,6,319.5,169,12,United Kingdom,311,372,53.25,True,11.8,1,5,2,8,At Risk,0,Dormant Low-Value
15108,3,1159.25,490,49,European Community,141,227,386.4166666666667,True,42.5,2,3,4,9,Hibernating,1,Lapsing Mid-Value
15109,1,484.95,131,28,United Kingdom,245,245,484.95,False,,1,1,3,5,Lost,0,Dormant Low-Value
15110,4,996.1,246,17,United Kingdom,23,318,249.025,True,98.0,4,4,4,12,Champions,1,Lapsing Mid-Value
15111,3,1567.48,710,70,United Kingdom,29,372,522.4933333333333,True,171.0,4,3,4,11,Loyal,1,Lapsing Mid-Value
15113,3,3509.04,2343,76,United Kingdom,9,54,1169.68,True,21.5,5,3,5,13,Loyal,1,Lapsing Mid-Value
15114,10,2760.56,3096,136,United Kingdom,30,301,276.056,True,29.666666666666668,4,5,5,14,Champions,2,High-Value Loyal
15115,1,340.11,157,21,United Kingdom,18,18,340.11,False,,4,1,2,7,New / Promising,3,Active Mid-Value
15116,4,1352.75,648,37,United Kingdom,17,204,338.1875,True,62.333333333333336,4,4,4,12,Champions,1,Lapsing Mid-Value
15117,5,1551.78,1948,63,United Kingdom,14,215,310.356,True,49.5,5,4,4,13,Champions,1,Lapsing Mid-Value
15118,1,244.8,1440,1,United Kingdom,134,134,244.8,False,,2,1,1,4,Lost,0,Dormant Low-Value
15119,1,266.4,88,14,United Kingdom,245,245,266.4,False,,1,1,2,4,Lost,0,Dormant Low-Value
15120,1,358.82,296,21,United Kingdom,133,133,358.82,False,,2,1,2,5,Lost,0,Dormant Low-Value
15121,2,457.72,199,28,United Kingdom,50,288,228.86,True,238.0,3,3,2,8,Loyal,3,Active Mid-Value
15122,3,1633.78,800,65,United Kingdom,114,297,544.5933333333334,True,91.0,2,3,4,9,Hibernating,1,Lapsing Mid-Value
15123,2,2199.31,1195,93,United Kingdom,7,206,1099.655,True,198.0,5,3,5,13,Loyal,3,Active Mid-Value
15124,2,184.19,233,14,United Kingdom,22,191,92.095,True,169.0,4,3,1,8,Loyal,3,Active Mid-Value
15125,15,11528.48,6193,102,United Kingdom,25,270,768.5653333333333,True,17.357142857142858,4,5,5,14,Champions,2,High-Value Loyal
15127,1,406.53000000000003,251,16,United Kingdom,65,65,406.53000000000003,False,,3,1,2,6,Needs Attention,0,Dormant Low-Value
15128,4,1471.0,1343,74,United Kingdom,60,219,367.75,True,52.333333333333336,3,4,4,11,Loyal,1,Lapsing Mid-Value
15129,11,3447.4,1794,54,United Kingdom,50,291,313.40000000000003,True,23.6,3,5,5,13,Loyal,2,High-Value Loyal
15130,1,330.11,197,22,United Kingdom,169,169,330.11,False,,2,1,2,5,Lost,0,Dormant Low-Value
15132,5,977.9300000000001,679,49,United Kingdom,18,262,195.586,True,60.75,4,4,4,12,Champions,1,Lapsing Mid-Value
15133,3,982.42,680,27,United Kingdom,127,301,327.4733333333333,True,86.5,2,3,4,9,Hibernating,1,Lapsing Mid-Value
15134,8,1387.99,887,44,United Kingdom,14,240,173.49875,True,31.714285714285715,5,5,4,14,Champions,2,High-Value Loyal
15135,1,139.05,43,9,United Kingdom,239,239,139.05,False,,1,1,1,3,Lost,0,Dormant Low-Value
15136,4,1286.7,776,61,United Kingdom,2,96,321.675,True,31.0,5,4,4,13,Champions,3,Active Mid-Value
15139,2,178.96,208,13,United Kingdom,239,336,89.48,True,96.0,1,3,1,5,Hibernating,0,Dormant Low-Value
15140,7,2354.25,1572,74,United Kingdom,52,264,336.32142857142856,True,35.0,3,5,5,13,Loyal,1,Lapsing Mid-Value
15142,1,498.74,365,26,United Kingdom,46,46,498.74,False,,3,1,3,7,Needs Attention,0,Dormant Low-Value
15143,1,259.45,150,14,United Kingdom,225,225,259.45,False,,1,1,2,4,Lost,0,Dormant Low-Value
15144,17,6580.4400000000005,3050,132,United Kingdom,8,312,387.084705882353,True,18.5,5,5,5,15,Champions,2,High-Value Loyal
15145,4,1194.73,756,54,United Kingdom,4,248,298.6825,True,81.0,5,4,4,13,Champions,3,Active Mid-Value
15146,2,1327.16,1473,90,United Kingdom,164,291,663.58,True,126.0,2,3,4,9,Hibernating,1,Lapsing Mid-Value
15147,1,623.5,366,28,United Kingdom,240,240,623.5,False,,1,1,3,5,Lost,0,Dormant Low-Value
15148,1,301.29,187,20,United Kingdom,10,10,301.29,False,,5,1,2,8,New / Promising,3,Active Mid-Value
15149,1,520.8000000000001,128,23,United Kingdom,133,133,520.8000000000001,False,,2,1,3,6,Lost,0,Dormant Low-Value
15150,10,5291.33,3642,282,United Kingdom,17,269,529.133,True,27.555555555555557,4,5,5,14,Champions,2,High-Value Loyal
15152,13,4745.69,2704,196,United Kingdom,9,187,365.0530769230769,True,14.25,5,5,5,15,Champions,2,High-Value Loyal
15153,1,329.25,198,22,United Kingdom,31,31,329.25,False,,4,1,2,7,New / Promising,3,Active Mid-Value
15154,1,254.28,89,66,United Kingdom,75,75,254.28,False,,2,1,2,5,Lost,0,Dormant Low-Value
15156,3,961.49,597,51,United Kingdom,1,33,320.49666666666667,True,15.5,5,3,4,12,Loyal,3,Active Mid-Value
15157,3,1936.07,2392,125,United Kingdom,3,358,645.3566666666667,True,176.5,5,3,4,12,Loyal,3,Active Mid-Value
15158,1,401.40000000000003,198,7,United Kingdom,45,45,401.40000000000003,False,,3,1,2,6,Needs Attention,0,Dormant Low-Value
15159,30,18641.010000000002,11441,363,United Kingdom,1,361,621.3670000000001,True,12.068965517241379,5,5,5,15,Champions,2,High-Value Loyal
15160,1,158.16,84,4,United Kingdom,357,357,158.16,False,,1,1,1,3,Lost,0,Dormant Low-Value
15163,2,304.47,186,29,United Kingdom,18,192,152.235,True,173.0,4,3,2,9,Loyal,3,Active Mid-Value
15164,3,824.58,351,79,United Kingdom,68,339,274.86,True,134.5,3,3,3,9,Loyal,1,Lapsing Mid-Value
15165,1,487.75,160,27,United Kingdom,373,373,487.75,False,,1,1,3,5,Lost,0,Dormant Low-Value
15167,1,158.8,65,39,United Kingdom,320,320,158.8,False,,1,1,1,3,Lost,0,Dormant Low-Value
15168,1,106.56,52,5,United Kingdom,25,25,106.56,False,,4,1,1,6,New / Promising,3,Active Mid-Value
15171,1,1289.5,290,5,United Kingdom,331,331,1289.5,False,,1,1,4,6,Lost,0,Dormant Low-Value
15172,5,1624.05,1611,106,United Kingdom,8,236,324.81,True,56.5,5,4,4,13,Champions,2,High-Value Loyal
15174,1,135.75,145,11,United Kingdom,322,322,135.75,False,,1,1,1,3,Lost,0,Dormant Low-Value
15175,1,224.14,454,23,United Kingdom,71,71,224.14,False,,3,1,1,5,Needs Attention,0,Dormant Low-Value
15178,1,40.5,30,3,United Kingdom,260,260,40.5,False,,1,1,1,3,Lost,0,Dormant Low-Value
15179,5,2206.9500000000003,1938,91,United Kingdom,18,319,441.39000000000004,True,75.0,4,4,5,13,Champions,1,Lapsing Mid-Value
15180,1,87.5,36,6,United Kingdom,367,367,87.5,False,,1,1,1,3,Lost,0,Dormant Low-Value
15181,3,689.48,544,11,United Kingdom,66,269,229.82666666666668,True,101.5,3,3,3,9,Loyal,1,Lapsing Mid-Value
15182,2,622.85,253,24,United Kingdom,154,268,311.425,True,114.0,2,3,3,8,Hibernating,0,Dormant Low-Value
15184,2,402.2,199,59,United Kingdom,29,190,201.1,True,161.0,4,3,2,9,Loyal,3,Active Mid-Value
15185,1,310.62,666,21,United Kingdom,70,70,310.62,False,,3,1,2,6,Needs Attention,0,Dormant Low-Value
15186,2,411.41,215,17,United Kingdom,14,168,205.705,True,154.0,5,3,2,10,Loyal,3,Active Mid-Value
15187,15,4762.18,1886,60,United Kingdom,1,212,317.4786666666667,True,14.642857142857142,5,5,5,15,Champions,2,High-Value Loyal
15189,41,16225.39,6149,80,United Kingdom,1,332,395.74121951219513,True,7.8,5,5,5,15,Champions,2,High-Value Loyal
15192,3,1044.32,918,36,United Kingdom,119,365,348.1066666666666,True,122.5,2,3,4,9,Hibernating,1,Lapsing Mid-Value
15193,1,499.32,144,19,United Kingdom,60,60,499.32,False,,3,1,3,7,Needs Attention,0,Dormant Low-Value
15194,15,7616.53,5703,209,United Kingdom,3,368,507.76866666666666,True,25.642857142857142,5,5,5,15,Champions,2,High-Value Loyal
15195,1,3861.0,1404,1,United Kingdom,2,2,3861.0,False,,5,1,5,11,New / Promising,3,Active Mid-Value
15197,3,1079.61,469,30,United Kingdom,10,358,359.86999999999995,True,173.0,5,3,4,12,Loyal,3,Active Mid-Value
15198,2,193.64,120,10,United Kingdom,92,124,96.82,True,31.0,2,3,1,6,Hibernating,0,Dormant Low-Value
15199,4,1268.7,396,5,United Kingdom,59,308,317.175,True,82.33333333333333,3,4,4,11,Loyal,1,Lapsing Mid-Value
15201,5,1236.54,1210,35,United Kingdom,87,247,247.308,True,39.75,2,4,4,10,At Risk,1,Lapsing Mid-Value
15203,6,1827.8,1753,82,United Kingdom,25,311,304.6333333333333,True,56.6,4,5,4,13,Champions,1,Lapsing Mid-Value
15204,1,316.58,258,9,United Kingdom,357,357,316.58,False,,1,1,2,4,Lost,0,Dormant Low-Value
15205,2,653.24,378,37,United Kingdom,85,127,326.62,True,42.0,2,3,3,8,Hibernating,0,Dormant Low-Value
15206,4,420.3,162,3,United Kingdom,10,275,105.075,True,88.33333333333333,5,4,2,11,Champions,3,Active Mid-Value
15208,5,870.12,316,25,United Kingdom,1,353,174.024,True,87.75,5,4,3,12,Champions,3,Active Mid-Value
15210,1,331.18,228,20,United Kingdom,225,225,331.18,False,,1,1,2,4,Lost,0,Dormant Low-Value
15211,2,894.4100000000001,240,52,United Kingdom,60,365,447.20500000000004,True,304.0,3,3,3,9,Loyal,1,Lapsing Mid-Value
15212,1,101.8,36,5,United Kingdom,241,241,101.8,False,,1,1,1,3,Lost,0,Dormant Low-Value
15213,2,328.35,272,22,United Kingdom,318,329,164.175,True,11.0,1,3,2,6,Hibernating,0,Dormant Low-Value
15214,8,1661.44,1254,109,United Kingdom,1,242,207.68,True,34.0,5,5,4,14,Champions,2,High-Value Loyal
15215,3,734.94,225,33,United Kingdom,46,96,244.98000000000002,True,24.5,3,3,3,9,Loyal,1,Lapsing Mid-Value
15216,1,96.6,28,2,United Kingdom,87,87,96.6,False,,2,1,1,4,Lost,0,Dormant Low-Value
15218,11,5756.89,3329,77,United Kingdom,10,318,523.3536363636364,True,30.5,5,5,5,15,Champions,2,High-Value Loyal
15219,1,305.75,45,9,United Kingdom,176,176,305.75,False,,2,1,2,5,Lost,0,Dormant Low-Value
15220,6,1778.96,1393,110,United Kingdom,51,280,296.49333333333334,True,45.2,3,5,4,12,Loyal,1,Lapsing Mid-Value
15221,1,403.25,43,5,United Kingdom,366,366,403.25,False,,1,1,2,4,Lost,0,Dormant Low-Value
15222,1,585.0,440,5,United Kingdom,318,318,585.0,False,,1,1,3,5,Lost,0,Dormant Low-Value
15223,2,755.75,213,14,United Kingdom,225,249,377.875,True,23.0,1,3,3,7,Hibernating,0,Dormant Low-Value
15224,2,322.08,152,13,United Kingdom,358,362,161.04,True,4.0,1,3,2,6,Hibernating,0,Dormant Low-Value
15225,1,409.40000000000003,226,23,United Kingdom,234,234,409.40000000000003,False,,1,1,2,4,Lost,0,Dormant Low-Value
15226,1,154.41,71,8,United Kingdom,310,310,154.41,False,,1,1,1,3,Lost,0,Dormant Low-Value
15227,5,1219.4,750,43,United Kingdom,36,317,243.88000000000002,True,69.75,3,4,4,11,Loyal,1,Lapsing Mid-Value
15228,4,3386.71,2255,110,United Kingdom,66,294,846.6775,True,75.66666666666667,3,4,5,12,Loyal,1,Lapsing Mid-Value
15230,2,429.6,351,23,United Kingdom,239,240,214.8,True,1.0,1,3,2,6,Hibernating,0,Dormant Low-Value
15232,2,612.06,686,26,United Kingdom,113,140,306.03,True,27.0,2,3,3,8,Hibernating,0,Dormant Low-Value
15234,1,197.0,196,14,United Kingdom,276,276,197.0,False,,1,1,1,3,Lost,0,Dormant Low-Value
15235,12,2247.51,1324,132,United Kingdom,217,373,187.29250000000002,True,13.727272727272727,1,5,5,11,At Risk,1,Lapsing Mid-Value
15236,1,321.05,269,15,United Kingdom,298,298,321.05,False,,1,1,2,4,Lost,0,Dormant Low-Value
15237,4,1412.32,1071,94,United Kingdom,1,227,353.08,True,74.66666666666667,5,4,4,13,Champions,3,Active Mid-Value
15238,3,1071.99,692,49,United Kingdom,29,184,357.33,True,76.5,4,3,4,11,Loyal,1,Lapsing Mid-Value
15239,2,780.59,594,48,United Kingdom,10,78,390.295,True,68.0,5,3,3,11,Loyal,3,Active Mid-Value
15240,5,1706.57,1369,58,United Kingdom,44,311,341.31399999999996,True,66.5,3,4,4,11,Loyal,1,Lapsing Mid-Value
15241,8,1756.44,1818,82,United Kingdom,66,283,219.555,True,30.428571428571427,3,5,4,12,Loyal,1,Lapsing Mid-Value
15243,1,316.68,185,22,United Kingdom,74,74,316.68,False,,2,1,2,5,Lost,0,Dormant Low-Value
15244,2,631.57,405,31,United Kingdom,65,248,315.785,True,182.0,3,3,3,9,Loyal,1,Lapsing Mid-Value
15245,3,2515.84,1784,55,United Kingdom,134,261,838.6133333333333,True,63.0,2,3,5,10,Hibernating,1,Lapsing Mid-Value
15246,2,514.15,247,32,United Kingdom,238,358,257.075,True,120.0,1,3,3,7,Hibernating,0,Dormant Low-Value
15247,1,356.0,160,6,United Kingdom,122,122,356.0,False,,2,1,2,5,Lost,0,Dormant Low-Value
15249,13,6688.46,3577,211,United Kingdom,31,256,514.496923076923,True,18.333333333333332,4,5,5,14,Champions,2,High-Value Loyal
15251,11,10484.99,6171,97,United Kingdom,9,241,953.180909090909,True,22.8,5,5,5,15,Champions,2,High-Value Loyal
15252,2,740.78,522,44,United Kingdom,36,183,370.39,True,146.0,3,3,3,9,Loyal,3,Active Mid-Value
15253,5,918.2,866,52,United Kingdom,16,169,183.64000000000001,True,38.25,4,4,3,11,Champions,1,Lapsing Mid-Value
15254,1,300.36,275,18,United Kingdom,127,127,300.36,False,,2,1,2,5,Lost,0,Dormant Low-Value
15255,1,890.85,489,47,United Kingdom,66,66,890.85,False,,3,1,3,7,Needs Attention,0,Dormant Low-Value
15256,1,98.45,55,6,United Kingdom,148,148,98.45,False,,2,1,1,4,Lost,0,Dormant Low-Value
15257,1,317.15,46,7,United Kingdom,283,283,317.15,False,,1,1,2,4,Lost,0,Dormant Low-Value
15258,2,623.16,142,32,United Kingdom,168,217,311.58,True,48.0,2,3,3,8,Hibernating,0,Dormant Low-Value
15260,7,1810.77,885,62,United Kingdom,100,372,258.68142857142857,True,44.833333333333336,2,5,4,11,At Risk,1,Lapsing Mid-Value
15261,1,254.82,270,19,United Kingdom,135,135,254.82,False,,2,1,2,5,Lost,0,Dormant Low-Value
15262,1,178.95000000000002,73,10,United Kingdom,323,323,178.95000000000002,False,,1,1,1,3,Lost,0,Dormant Low-Value
15263,1,156.51,89,12,United Kingdom,106,106,156.51,False,,2,1,1,4,Lost,0,Dormant Low-Value
15264,1,393.74,265,23,United Kingdom,64,64,393.74,False,,3,1,2,6,Needs Attention,0,Dormant Low-Value
15265,2,1506.1200000000001,612,76,United Kingdom,151,235,753.0600000000001,True,84.0,2,3,4,9,Hibernating,1,Lapsing Mid-Value
15266,1,119.3,18,6,United Kingdom,338,338,119.3,False,,1,1,1,3,Lost,0,Dormant Low-Value
15267,5,1717.36,944,8,United Kingdom,22,182,343.472,True,39.75,4,4,4,12,Champions,1,Lapsing Mid-Value
15269,1,408.8,26,2,United Kingdom,23,23,408.8,False,,4,1,2,7,New / Promising,3,Active Mid-Value
15270,7,2379.49,1521,22,United Kingdom,15,310,339.9271428571428,True,48.666666666666664,4,5,5,14,Champions,2,High-Value Loyal
15271,15,2493.34,1251,184,United Kingdom,7,365,166.22266666666667,True,25.0,5,5,5,15,Champions,2,High-Value Loyal
15272,2,721.94,310,63,United Kingdom,57,86,360.97,True,28.0,3,3,3,9,Loyal,1,Lapsing Mid-Value
15274,2,716.57,619,44,United Kingdom,4,18,358.285,True,14.0,5,3,3,11,Loyal,3,Active Mid-Value
15275,1,615.14,498,41,United Kingdom,37,37,615.14,False,,3,1,3,7,Needs Attention,3,Active Mid-Value
15276,1,128.63,61,49,United Kingdom,66,66,128.63,False,,3,1,1,5,Needs Attention,0,Dormant Low-Value
15277,1,255.89999999999998,205,12,United Kingdom,46,46,255.89999999999998,False,,3,1,2,6,Needs Attention,0,Dormant Low-Value
15279,1,290.51,189,19,United Kingdom,354,354,290.51,False,,1,1,2,4,Lost,0,Dormant Low-Value
15280,1,113.12,154,16,United Kingdom,172,172,113.12,False,,2,1,1,4,Lost,0,Dormant Low-Value
15281,9,2332.15,1211,121,United Kingdom,58,333,259.1277777777778,True,33.625,3,5,5,13,Loyal,1,Lapsing Mid-Value
15286,1,240.55,55,3,United Kingdom,49,49,240.55,False,,3,1,1,5,Needs Attention,0,Dormant Low-Value
15287,2,486.69,433,17,United Kingdom,22,70,243.345,True,48.0,4,3,3,10,Loyal,3,Active Mid-Value
15288,5,2306.52,775,80,United Kingdom,43,365,461.304,True,80.0,3,4,5,12,Loyal,1,Lapsing Mid-Value
15289,3,939.78,1008,43,United Kingdom,29,249,313.26,True,109.5,4,3,4,11,Loyal,1,Lapsing Mid-Value
15290,18,7943.22,4501,93,United Kingdom,4,359,441.29,True,20.352941176470587,5,5,5,15,Champions,2,High-Value Loyal
15291,14,4623.3,2102,61,United Kingdom,25,373,330.2357142857143,True,26.307692307692307,4,5,5,14,Champions,2,High-Value Loyal
15292,1,178.39,55,24,United Kingdom,201,201,178.39,False,,1,1,1,3,Lost,0,Dormant Low-Value
15296,6,3672.86,1766,137,United Kingdom,50,326,612.1433333333333,True,54.6,3,5,5,13,Loyal,1,Lapsing Mid-Value
15297,3,641.94,292,30,United Kingdom,10,63,213.98000000000002,True,26.5,5,3,3,11,Loyal,3,Active Mid-Value
15298,12,4799.9,3116,115,United Kingdom,2,366,399.9916666666666,True,32.72727272727273,5,5,5,15,Champions,2,High-Value Loyal
15299,6,3907.01,2947,6,United Kingdom,67,372,651.1683333333334,True,60.8,3,5,5,13,Loyal,1,Lapsing Mid-Value
15300,1,496.44,292,28,United Kingdom,64,64,496.44,False,,3,1,3,7,Needs Attention,0,Dormant Low-Value
15301,12,5049.95,2751,167,United Kingdom,50,368,420.82916666666665,True,28.454545454545453,3,5,5,13,Loyal,2,High-Value Loyal
15303,1,574.02,248,31,United Kingdom,290,290,574.02,False,,1,1,3,5,Lost,0,Dormant Low-Value
15304,8,694.4,104,8,United Kingdom,60,368,86.8,True,43.57142857142857,3,5,3,11,Loyal,1,Lapsing Mid-Value
15306,3,1174.3500000000001,810,57,United Kingdom,64,148,391.45000000000005,True,41.5,3,3,4,10,Loyal,1,Lapsing Mid-Value
15307,1,205.3,37,12,United Kingdom,95,95,205.3,False,,2,1,1,4,Lost,0,Dormant Low-Value
15308,1,310.47,175,19,United Kingdom,274,274,310.47,False,,1,1,2,4,Lost,0,Dormant Low-Value
15311,91,60632.75,38147,567,United Kingdom,0,373,666.2939560439561,True,3.588888888888889,5,5,5,15,Champions,2,High-Value Loyal
15312,4,924.85,516,42,United Kingdom,75,354,231.2125,True,92.33333333333333,2,4,4,10,At Risk,1,Lapsing Mid-Value
15313,1,52.0,25,1,United Kingdom,110,110,52.0,False,,2,1,1,4,Lost,0,Dormant Low-Value
15314,1,327.97,313,24,United Kingdom,199,199,327.97,False,,1,1,2,4,Lost,0,Dormant Low-Value
15315,2,570.5,862,35,United Kingdom,64,116,285.25,True,51.0,3,3,3,9,Loyal,0,Dormant Low-Value
15316,1,165.0,100,1,United Kingdom,326,326,165.0,False,,1,1,1,3,Lost,0,Dormant Low-Value
15318,1,312.62,642,33,United Kingdom,3,3,312.62,False,,5,1,2,8,New / Promising,3,Active Mid-Value
15319,1,204.5,175,16,United Kingdom,283,283,204.5,False,,1,1,1,3,Lost,0,Dormant Low-Value
15320,1,267.13,326,36,United Kingdom,44,44,267.13,False,,3,1,2,6,Needs Attention,0,Dormant Low-Value
15321,3,2748.31,1181,83,United Kingdom,70,291,916.1033333333334,True,110.0,3,3,5,11,Loyal,1,Lapsing Mid-Value
15322,1,679.68,416,42,United Kingdom,85,85,679.68,False,,2,1,3,6,Lost,0,Dormant Low-Value
15325,1,161.74,231,47,United Kingdom,103,103,161.74,False,,2,1,1,4,Lost,0,Dormant Low-Value
15326,1,311.71,386,29,United Kingdom,333,333,311.71,False,,1,1,2,4,Lost,0,Dormant Low-Value
15327,1,208.75,116,10,United Kingdom,52,52,208.75,False,,3,1,1,5,Needs Attention,0,Dormant Low-Value
15329,3,1049.7,486,51,United Kingdom,39,171,349.90000000000003,True,66.0,3,3,4,10,Loyal,1,Lapsing Mid-Value
15330,2,714.9599999999999,1312,10,United Kingdom,32,60,357.47999999999996,True,28.0,4,3,3,10,Loyal,3,Active Mid-Value
15332,4,1661.06,652,29,Lithuania,366,369,415.265,True,1.0,1,4,4,9,At Risk,1,Lapsing Mid-Value
15333,1,1028.56,344,16,United Kingdom,208,208,1028.56,False,,1,1,4,6,Lost,0,Dormant Low-Value
15334,3,347.87,272,66,United Kingdom,156,173,115.95666666666666,True,8.0,2,3,2,7,Hibernating,0,Dormant Low-Value
15335,1,170.22,79,34,United Kingdom,53,53,170.22,False,,3,1,1,5,Needs Attention,0,Dormant Low-Value
15339,2,574.07,416,77,United Kingdom,66,318,287.035,True,251.0,3,3,3,9,Loyal,0,Dormant Low-Value
15341,1,2020.52,812,17,United Kingdom,80,80,2020.52,False,,2,1,4,7,Lost,1,Lapsing Mid-Value
15342,1,406.09000000000003,283,24,United Kingdom,129,129,406.09000000000003,False,,2,1,2,5,Lost,0,Dormant Low-Value
15343,1,364.5,84,21,United Kingdom,87,87,364.5,False,,2,1,2,5,Lost,0,Dormant Low-Value
15344,3,563.94,116,21,United Kingdom,0,74,187.98000000000002,True,36.5,5,3,3,11,Loyal,3,Active Mid-Value
15345,1,393.54,81,20,United Kingdom,45,45,393.54,False,,3,1,2,6,Needs Attention,0,Dormant Low-Value
15346,1,252.42000000000002,144,17,United Kingdom,332,332,252.42000000000002,False,,1,1,2,4,Lost,0,Dormant Low-Value
15347,1,201.60000000000002,130,5,United Kingdom,366,366,201.60000000000002,False,,1,1,1,3,Lost,0,Dormant Low-Value
15348,1,158.04,84,9,United Kingdom,72,72,158.04,False,,2,1,1,4,Lost,0,Dormant Low-Value
15349,2,463.91,321,65,United Kingdom,158,187,231.955,True,29.0,2,3,2,7,Hibernating,0,Dormant Low-Value
15350,1,115.65,51,5,United Kingdom,373,373,115.65,False,,1,1,1,3,Lost,0,Dormant Low-Value
15351,7,1934.66,742,157,United Kingdom,12,369,276.38,True,58.833333333333336,5,5,4,14,Champions,2,High-Value Loyal
15353,2,770.12,341,59,United Kingdom,254,367,385.06,True,113.0,1,3,3,7,Hibernating,0,Dormant Low-Value
15355,2,277.05,45,9,United Kingdom,29,53,138.525,True,23.0,4,3,2,9,Loyal,3,Active Mid-Value
15356,10,2718.03,1643,215,United Kingdom,31,368,271.803,True,37.0,4,5,5,14,Champions,2,High-Value Loyal
15358,22,8347.2,7050,292,United Kingdom,4,365,379.41818181818184,True,16.952380952380953,5,5,5,15,Champions,2,High-Value Loyal
15360,1,427.93,223,13,United Kingdom,39,39,427.93,False,,3,1,2,6,Needs Attention,3,Active Mid-Value
15361,1,418.92,336,7,United Kingdom,361,361,418.92,False,,1,1,2,4,Lost,0,Dormant Low-Value
15363,1,326.0,144,16,United Kingdom,372,372,326.0,False,,1,1,2,4,Lost,0,Dormant Low-Value
15364,2,913.19,493,29,United Kingdom,95,254,456.595,True,158.0,2,3,3,8,Hibernating,1,Lapsing Mid-Value
15365,7,2314.32,1084,65,United Kingdom,25,315,330.6171428571429,True,48.0,4,5,5,14,Champions,1,Lapsing Mid-Value
15366,2,602.51,621,37,United Kingdom,75,358,301.255,True,282.0,2,3,3,8,Hibernating,0,Dormant Low-Value
15367,4,1877.5900000000001,1057,91,United Kingdom,57,275,469.39750000000004,True,72.33333333333333,3,4,4,11,Loyal,1,Lapsing Mid-Value
15368,1,446.94000000000005,230,4,United Kingdom,21,21,446.94000000000005,False,,4,1,2,7,New / Promising,3,Active Mid-Value
15370,7,2386.05,830,65,United Kingdom,40,332,340.86428571428576,True,48.166666666666664,3,5,5,13,Loyal,1,Lapsing Mid-Value
15372,1,2007.4,2924,27,United Kingdom,137,137,2007.4,False,,2,1,4,7,Lost,1,Lapsing Mid-Value
15373,12,2415.91,500,74,United Kingdom,8,371,201.32583333333332,True,32.63636363636363,5,5,5,15,Champions,2,High-Value Loyal
15374,1,168.0,126,3,United Kingdom,128,128,168.0,False,,2,1,1,4,Lost,0,Dormant Low-Value
15376,3,1221.56,615,100,United Kingdom,40,222,407.18666666666667,True,90.5,3,3,4,10,Loyal,1,Lapsing Mid-Value
15379,7,3703.29,2305,145,United Kingdom,169,358,529.0414285714286,True,30.833333333333332,2,5,5,12,At Risk,1,Lapsing Mid-Value
15380,5,1690.26,376,22,United Kingdom,8,365,338.052,True,88.75,5,4,4,13,Champions,2,High-Value Loyal
15381,2,596.85,171,8,United Kingdom,213,268,298.425,True,54.0,1,3,3,7,Hibernating,0,Dormant Low-Value
15382,6,5955.71,4012,193,United Kingdom,14,295,992.6183333333333,True,55.8,5,5,5,15,Champions,2,High-Value Loyal
15384,2,642.41,596,34,United Kingdom,169,359,321.205,True,189.0,2,3,3,8,Hibernating,0,Dormant Low-Value
15385,1,316.88,161,12,United Kingdom,40,40,316.88,False,,3,1,2,6,Needs Attention,0,Dormant Low-Value
15386,1,394.14,446,31,United Kingdom,186,186,394.14,False,,1,1,2,4,Lost,0,Dormant Low-Value
15388,1,140.54,88,10,Canada,270,270,140.54,False,,1,1,1,3,Lost,0,Dormant Low-Value
15389,1,500.0,400,1,United Kingdom,172,172,500.0,False,,2,1,3,6,Lost,0,Dormant Low-Value
15392,4,1535.53,1277,74,United Kingdom,4,360,383.8825,True,118.0,5,4,4,13,Champions,3,Active Mid-Value
15393,2,231.86,150,10,United Kingdom,16,281,115.93,True,264.0,4,3,1,8,Loyal,3,Active Mid-Value
15394,4,2183.54,910,54,United Kingdom,9,358,545.885,True,116.0,5,4,5,14,Champions,1,Lapsing Mid-Value
15395,1,107.45,17,7,United Kingdom,325,325,107.45,False,,1,1,1,3,Lost,0,Dormant Low-Value
15396,1,288.18,122,14,United Kingdom,112,112,288.18,False,,2,1,2,5,Lost,0,Dormant Low-Value
15397,1,94.0,20,6,United Kingdom,289,289,94.0,False,,1,1,1,3,Lost,0,Dormant Low-Value
15398,2,1345.53,769,60,United Kingdom,16,78,672.765,True,62.0,4,3,4,11,Loyal,3,Active Mid-Value
15399,3,815.77,611,45,United Kingdom,1,79,271.92333333333335,True,38.0,5,3,3,11,Loyal,3,Active Mid-Value
15400,5,716.2,390,10,United Kingdom,92,278,143.24,True,46.25,2,4,3,9,At Risk,1,Lapsing Mid-Value
15402,2,626.35,693,34,United Kingdom,148,196,313.175,True,47.0,2,3,3,8,Hibernating,0,Dormant Low-Value
15405,1,349.1,193,8,United Kingdom,189,189,349.1,False,,1,1,2,4,Lost,0,Dormant Low-Value
15406,2,510.71000000000004,254,51,United Kingdom,31,301,255.35500000000002,True,269.0,4,3,3,10,Loyal,3,Active Mid-Value
15407,4,1046.74,552,142,United Kingdom,33,305,261.685,True,90.33333333333333,3,4,4,11,Loyal,1,Lapsing Mid-Value
15408,1,267.18,106,34,United Kingdom,264,264,267.18,False,,1,1,2,4,Lost,0,Dormant Low-Value
15410,8,3450.84,1200,48,United Kingdom,84,261,431.355,True,24.714285714285715,2,5,5,12,At Risk,1,Lapsing Mid-Value
15411,4,1348.93,529,86,United Kingdom,26,182,337.2325,True,52.0,4,4,4,12,Champions,1,Lapsing Mid-Value
15412,1,190.53,108,10,United Kingdom,171,171,190.53,False,,2,1,1,4,Lost,0,Dormant Low-Value
15414,3,774.9000000000001,443,37,United Kingdom,9,242,258.3,True,116.0,5,3,3,11,Loyal,3,Active Mid-Value
15415,1,559.61,551,46,United Kingdom,313,313,559.61,False,,1,1,3,5,Lost,0,Dormant Low-Value
15416,4,3984.32,2090,165,United Kingdom,64,282,996.08,True,72.33333333333333,3,4,5,12,Loyal,1,Lapsing Mid-Value
15417,1,508.8,284,28,United Kingdom,85,85,508.8,False,,2,1,3,6,Lost,0,Dormant Low-Value
15419,1,135.86,230,8,United Kingdom,24,24,135.86,False,,4,1,1,6,New / Promising,3,Active Mid-Value
15421,4,950.36,500,40,United Kingdom,58,310,237.59,True,83.33333333333333,3,4,4,11,Loyal,1,Lapsing Mid-Value
15422,2,97.7,38,6,United Kingdom,323,323,48.85,True,0.0,1,3,1,5,Hibernating,0,Dormant Low-Value
15423,1,43.5,101,2,United Kingdom,38,38,43.5,False,,3,1,1,5,Needs Attention,0,Dormant Low-Value
15424,2,383.34,554,17,United Kingdom,254,254,191.67,True,0.0,1,3,2,6,Hibernating,0,Dormant Low-Value
15426,5,1404.07,656,217,United Kingdom,19,369,280.81399999999996,True,87.25,4,4,4,12,Champions,1,Lapsing Mid-Value
15427,3,1430.54,967,233,United Kingdom,33,47,476.84666666666664,True,6.5,3,3,4,10,Loyal,1,Lapsing Mid-Value
15428,1,93.78,102,6,United Kingdom,15,15,93.78,False,,4,1,1,6,New / Promising,3,Active Mid-Value
15429,2,397.35,380,77,United Kingdom,26,75,198.675,True,48.0,4,3,2,9,Loyal,3,Active Mid-Value
15432,1,171.19000000000003,65,10,United Kingdom,23,23,171.19000000000003,False,,4,1,1,6,New / Promising,3,Active Mid-Value
15433,2,533.3,534,40,United Kingdom,213,267,266.65,True,53.0,1,3,3,7,Hibernating,0,Dormant Low-Value
15434,5,1041.48,647,40,United Kingdom,8,200,208.296,True,47.75,5,4,4,13,Champions,3,Active Mid-Value
15435,1,149.29,54,29,United Kingdom,22,22,149.29,False,,4,1,1,6,New / Promising,3,Active Mid-Value
15436,3,1067.75,574,243,United Kingdom,12,234,355.9166666666667,True,110.0,5,3,4,12,Loyal,3,Active Mid-Value
15437,1,200.16,79,44,United Kingdom,262,262,200.16,False,,1,1,1,3,Lost,0,Dormant Low-Value
15438,1,156.57999999999998,59,25,United Kingdom,131,131,156.57999999999998,False,,2,1,1,4,Lost,0,Dormant Low-Value
15440,3,383.68,197,50,United Kingdom,54,208,127.89333333333333,True,76.5,3,3,2,8,Loyal,1,Lapsing Mid-Value
15442,1,594.0,120,2,United Kingdom,248,248,594.0,False,,1,1,3,5,Lost,0,Dormant Low-Value
15443,7,3213.59,1639,237,United Kingdom,1,320,459.0842857142857,True,52.5,5,5,5,15,Champions,2,High-Value Loyal
15444,2,1411.21,759,191,United Kingdom,9,40,705.605,True,31.0,5,3,4,12,Loyal,3,Active Mid-Value
15445,1,113.5,58,5,United Kingdom,264,264,113.5,False,,1,1,1,3,Lost,0,Dormant Low-Value
15447,1,155.17000000000002,85,9,United Kingdom,330,330,155.17000000000002,False,,1,1,1,3,Lost,0,Dormant Low-Value
15448,1,494.64,232,28,United Kingdom,312,312,494.64,False,,1,1,3,5,Lost,0,Dormant Low-Value
15449,3,974.52,812,47,United Kingdom,26,261,324.84,True,117.0,4,3,4,11,Loyal,1,Lapsing Mid-Value
15450,1,429.84,376,30,United Kingdom,30,30,429.84,False,,4,1,2,7,New / Promising,3,Active Mid-Value
15452,3,528.48,280,47,United Kingdom,29,264,176.16,True,116.5,4,3,3,10,Loyal,3,Active Mid-Value
15453,7,1371.77,837,169,United Kingdom,1,187,195.96714285714285,True,30.333333333333332,5,5,4,14,Champions,2,High-Value Loyal
15454,1,179.1,86,23,United Kingdom,362,362,179.1,False,,1,1,1,3,Lost,0,Dormant Low-Value
15456,3,434.59,633,48,United Kingdom,283,359,144.86333333333332,True,37.5,1,3,2,6,Hibernating,0,Dormant Low-Value
15457,1,237.07,132,56,United Kingdom,262,262,237.07,False,,1,1,1,3,Lost,0,Dormant Low-Value
15458,1,161.64,156,7,United Kingdom,25,25,161.64,False,,4,1,1,6,New / Promising,3,Active Mid-Value
15460,1,214.26,107,53,United Kingdom,354,354,214.26,False,,1,1,1,3,Lost,0,Dormant Low-Value
15462,3,234.6,172,9,United Kingdom,94,187,78.2,True,46.0,2,3,1,6,Hibernating,0,Dormant Low-Value
15463,1,126.14,106,7,United Kingdom,29,29,126.14,False,,4,1,1,6,New / Promising,3,Active Mid-Value
15464,1,1044.65,348,155,United Kingdom,338,338,1044.65,False,,1,1,4,6,Lost,0,Dormant Low-Value
15465,18,7354.62,1257,43,United Kingdom,19,369,408.59,True,20.058823529411764,4,5,5,14,Champions,2,High-Value Loyal
15466,1,334.53,246,56,United Kingdom,85,85,334.53,False,,2,1,2,5,Lost,0,Dormant Low-Value
15467,3,524.88,310,41,United Kingdom,9,152,174.96,True,71.0,5,3,3,11,Loyal,3,Active Mid-Value
15468,2,467.51,155,24,United Kingdom,51,51,233.755,True,0.0,3,3,2,8,Loyal,3,Active Mid-Value
15469,2,538.55,153,24,United Kingdom,50,120,269.275,True,69.0,3,3,3,9,Loyal,3,Active Mid-Value
15471,1,454.48,256,67,United Kingdom,2,2,454.48,False,,5,1,2,8,New / Promising,3,Active Mid-Value
15472,1,371.56,251,76,United Kingdom,113,113,371.56,False,,2,1,2,5,Lost,0,Dormant Low-Value
15473,7,1771.2,672,4,United Kingdom,14,60,253.02857142857144,True,7.333333333333333,5,5,4,14,Champions,2,High-Value Loyal
15475,1,454.11,319,29,United Kingdom,77,77,454.11,False,,2,1,2,5,Lost,0,Dormant Low-Value
15478,2,1399.92,575,34,United Kingdom,40,56,699.96,True,16.0,3,3,4,10,Loyal,1,Lapsing Mid-Value
15480,1,905.5,303,45,Malta,116,116,905.5,False,,2,1,3,6,Lost,0,Dormant Low-Value
15482,11,10839.76,5003,45,United Kingdom,15,358,985.4327272727273,True,34.0,4,5,5,14,Champions,2,High-Value Loyal
15483,4,225.26,291,74,United Kingdom,161,266,56.315,True,35.0,2,4,1,7,At Risk,0,Dormant Low-Value
15484,4,3590.41,3150,135,United Kingdom,1,78,897.6025,True,25.0,5,4,5,14,Champions,2,High-Value Loyal
15485,3,2564.5,1281,59,United Kingdom,30,373,854.8333333333334,True,171.0,4,3,5,12,Loyal,1,Lapsing Mid-Value
15488,1,91.32000000000001,73,2,United Kingdom,92,92,91.32000000000001,False,,2,1,1,4,Lost,0,Dormant Low-Value
15489,3,1134.28,608,47,United Kingdom,22,211,378.0933333333333,True,93.5,4,3,4,11,Loyal,1,Lapsing Mid-Value
15491,6,3100.09,1646,108,United Kingdom,95,235,516.6816666666667,True,27.6,2,5,5,12,At Risk,1,Lapsing Mid-Value
15492,2,659.46,483,32,United Kingdom,28,74,329.73,True,46.0,4,3,3,10,Loyal,3,Active Mid-Value
15493,5,1953.41,551,177,United Kingdom,32,270,390.682,True,59.0,4,4,4,12,Champions,1,Lapsing Mid-Value
15494,2,1280.58,1139,120,United Kingdom,21,121,640.29,True,99.0,4,3,4,11,Loyal,3,Active Mid-Value
15497,2,1262.2,624,13,United Kingdom,17,319,631.1,True,302.0,4,3,4,11,Loyal,3,Active Mid-Value
15498,27,13316.4,6105,360,United Kingdom,2,366,493.2,True,13.692307692307692,5,5,5,15,Champions,2,High-Value Loyal
15500,4,1131.56,572,64,United Kingdom,8,81,282.89,True,23.666666666666668,5,4,4,13,Champions,3,Active Mid-Value
15502,10,6923.98,4232,163,United Kingdom,15,369,692.3979999999999,True,38.888888888888886,4,5,5,14,Champions,2,High-Value Loyal
15503,1,141.04,70,66,United Kingdom,362,362,141.04,False,,1,1,1,3,Lost,0,Dormant Low-Value
15504,1,52.83,33,13,United Kingdom,81,81,52.83,False,,2,1,1,4,Lost,0,Dormant Low-Value
15505,5,3610.96,2390,90,United Kingdom,52,155,722.192,True,25.25,3,4,5,12,Loyal,1,Lapsing Mid-Value
15506,3,972.08,842,121,United Kingdom,22,138,324.0266666666667,True,58.0,4,3,4,11,Loyal,1,Lapsing Mid-Value
15507,1,475.86,160,41,United Kingdom,171,171,475.86,False,,2,1,2,5,Lost,0,Dormant Low-Value
15508,6,1000.27,440,78,United Kingdom,189,235,166.71166666666667,True,8.8,1,5,4,10,At Risk,1,Lapsing Mid-Value
15510,1,250.0,2,1,United Kingdom,330,330,250.0,False,,1,1,2,4,Lost,0,Dormant Low-Value
15511,5,900.53,269,117,United Kingdom,11,85,180.106,True,18.0,5,4,3,12,Champions,3,Active Mid-Value
15512,2,121.0,68,7,United Kingdom,155,359,60.5,True,203.0,2,3,1,6,Hibernating,0,Dormant Low-Value
15513,19,14758.22,5709,183,United Kingdom,33,373,776.7484210526316,True,18.555555555555557,3,5,5,13,Loyal,2,High-Value Loyal
15514,11,4023.7200000000003,2098,96,United Kingdom,12,364,365.7927272727273,True,34.8,5,5,5,15,Champions,2,High-Value Loyal
15516,3,62.43,27,15,United Kingdom,44,46,20.81,True,0.5,3,3,1,7,Loyal,0,Dormant Low-Value
15517,1,267.03,293,27,United Kingdom,233,233,267.03,False,,1,1,2,4,Lost,0,Dormant Low-Value
15518,8,1921.55,1263,135,United Kingdom,64,332,240.19375,True,37.714285714285715,3,5,4,12,Loyal,1,Lapsing Mid-Value
15520,1,343.5,314,18,United Kingdom,1,1,343.5,False,,5,1,2,8,New / Promising,3,Active Mid-Value
15521,8,3000.2,1836,116,United Kingdom,40,254,375.025,True,30.285714285714285,3,5,5,13,Loyal,1,Lapsing Mid-Value
15522,2,397.99,572,47,United Kingdom,32,87,198.995,True,54.0,4,3,2,9,Loyal,3,Active Mid-Value
15523,1,412.01000000000005,132,10,United Kingdom,84,84,412.01000000000005,False,,2,1,2,5,Lost,0,Dormant Low-Value
15524,1,440.0,4,1,United Kingdom,24,24,440.0,False,,4,1,2,7,New / Promising,3,Active Mid-Value
15525,3,731.87,385,132,United Kingdom,2,373,243.95666666666668,True,185.0,5,3,3,11,Loyal,3,Active Mid-Value
15526,2,148.44,24,4,United Kingdom,33,33,74.22,True,0.0,3,3,1,7,Loyal,3,Active Mid-Value
15527,8,2428.53,991,127,United Kingdom,18,354,303.56625,True,47.42857142857143,4,5,5,14,Champions,2,High-Value Loyal
15528,1,229.33,123,26,United Kingdom,254,254,229.33,False,,1,1,1,3,Lost,0,Dormant Low-Value
15529,11,3960.05,3454,414,United Kingdom,22,366,360.00454545454545,True,33.8,4,5,5,14,Champions,2,High-Value Loyal
15530,4,1497.31,938,90,United Kingdom,21,246,374.3275,True,74.66666666666667,4,4,4,12,Champions,1,Lapsing Mid-Value
15531,2,1972.39,1085,196,United Kingdom,8,30,986.195,True,22.0,5,3,4,12,Loyal,3,Active Mid-Value
15532,4,1554.83,513,204,United Kingdom,25,358,388.7075,True,110.33333333333333,4,4,4,12,Champions,1,Lapsing Mid-Value
15533,3,807.57,289,73,United Kingdom,19,89,269.19,True,34.5,4,3,3,10,Loyal,3,Active Mid-Value
15535,4,502.9,135,55,United Kingdom,173,327,125.725,True,51.333333333333336,2,4,3,9,At Risk,1,Lapsing Mid-Value
15537,1,110.92,29,24,United Kingdom,163,163,110.92,False,,2,1,1,4,Lost,0,Dormant Low-Value
15539,1,538.46,410,41,United Kingdom,7,7,538.46,False,,5,1,3,9,New / Promising,3,Active Mid-Value
15540,1,213.3,200,15,United Kingdom,11,11,213.3,False,,5,1,1,7,New / Promising,3,Active Mid-Value
15541,1,85.13000000000001,49,29,United Kingdom,114,114,85.13000000000001,False,,2,1,1,4,Lost,0,Dormant Low-Value
15543,1,127.86,86,26,United Kingdom,288,288,127.86,False,,1,1,1,3,Lost,0,Dormant Low-Value
15544,9,3546.71,3109,122,United Kingdom,9,372,394.0788888888889,True,45.0,5,5,5,15,Champions,2,High-Value Loyal
15545,2,288.96999999999997,162,78,United Kingdom,54,371,144.48499999999999,True,316.0,3,3,2,8,Loyal,0,Dormant Low-Value
15547,14,4910.6,3999,441,United Kingdom,7,362,350.75714285714287,True,26.923076923076923,5,5,5,15,Champions,2,High-Value Loyal
15549,3,1677.71,691,103,United Kingdom,77,316,559.2366666666667,True,119.0,2,3,4,9,Hibernating,1,Lapsing Mid-Value
15550,4,575.63,295,43,United Kingdom,4,301,143.9075,True,98.66666666666667,5,4,3,12,Champions,3,Active Mid-Value
15551,1,436.06,218,29,United Kingdom,36,36,436.06,False,,3,1,2,6,Needs Attention,3,Active Mid-Value
15552,1,90.12,60,17,United Kingdom,217,217,90.12,False,,1,1,1,3,Lost,0,Dormant Low-Value
15553,1,428.93,449,51,United Kingdom,60,60,428.93,False,,3,1,2,6,Needs Attention,0,Dormant Low-Value
15554,1,217.2,74,14,United Kingdom,277,277,217.2,False,,1,1,1,3,Lost,0,Dormant Low-Value
15555,16,4791.87,4397,400,United Kingdom,12,369,299.491875,True,23.466666666666665,5,5,5,15,Champions,2,High-Value Loyal
15556,1,279.77,236,31,United Kingdom,24,24,279.77,False,,4,1,2,7,New / Promising,3,Active Mid-Value
15557,1,468.91,213,16,United Kingdom,28,28,468.91,False,,4,1,2,7,New / Promising,3,Active Mid-Value
15561,4,800.5899999999999,267,27,United Kingdom,11,215,200.14749999999998,True,67.33333333333333,5,4,3,12,Champions,3,Active Mid-Value
15562,1,134.55,39,1,United Kingdom,351,351,134.55,False,,1,1,1,3,Lost,0,Dormant Low-Value
15563,3,1361.44,1441,87,United Kingdom,22,358,453.81333333333333,True,168.0,4,3,4,11,Loyal,1,Lapsing Mid-Value
15565,2,173.16000000000003,60,8,United Kingdom,50,70,86.58000000000001,True,20.0,3,3,1,7,Loyal,0,Dormant Low-Value
15567,1,186.01,223,7,United Kingdom,18,18,186.01,False,,4,1,1,6,New / Promising,3,Active Mid-Value
15568,3,758.29,461,27,United Kingdom,2,73,252.76333333333332,True,34.5,5,3,3,11,Loyal,3,Active Mid-Value
15569,5,1375.71,666,27,United Kingdom,103,332,275.142,True,56.75,2,4,4,10,At Risk,1,Lapsing Mid-Value
15570,12,4148.82,2063,231,United Kingdom,7,369,345.73499999999996,True,32.36363636363637,5,5,5,15,Champions,2,High-Value Loyal
15571,4,650.4300000000001,264,47,United Kingdom,11,78,162.60750000000002,True,21.666666666666668,5,4,3,12,Champions,3,Active Mid-Value
15572,7,2533.42,1213,166,United Kingdom,4,278,361.9171428571429,True,45.166666666666664,5,5,5,15,Champions,2,High-Value Loyal
15573,2,583.24,354,87,United Kingdom,31,85,291.62,True,53.0,4,3,3,10,Loyal,3,Active Mid-Value
15574,4,675.64,332,131,United Kingdom,177,372,168.91,True,64.33333333333333,2,4,3,9,At Risk,1,Lapsing Mid-Value
15576,1,921.37,394,43,United Kingdom,37,37,921.37,False,,3,1,3,7,Needs Attention,3,Active Mid-Value
15577,3,258.88,89,39,United Kingdom,151,305,86.29333333333334,True,77.0,2,3,2,7,Hibernating,0,Dormant Low-Value
15578,1,127.1,52,13,United Kingdom,162,162,127.1,False,,2,1,1,4,Lost,0,Dormant Low-Value
15579,2,327.6,117,45,United Kingdom,68,313,163.8,True,245.0,3,3,2,8,Loyal,0,Dormant Low-Value
15581,10,717.4300000000001,280,133,United Kingdom,156,366,71.74300000000001,True,22.77777777777778,2,5,3,10,At Risk,1,Lapsing Mid-Value
15582,3,682.9100000000001,453,39,United Kingdom,24,220,227.63666666666668,True,97.5,4,3,3,10,Loyal,3,Active Mid-Value
15584,4,720.86,313,89,United Kingdom,23,162,180.215,True,45.666666666666664,4,4,3,11,Champions,1,Lapsing Mid-Value
15585,1,455.3,320,31,United Kingdom,176,176,455.3,False,,2,1,2,5,Lost,0,Dormant Low-Value
15587,4,913.68,312,3,United Kingdom,50,351,228.42,True,100.33333333333333,3,4,3,10,Loyal,1,Lapsing Mid-Value
15589,3,478.53,243,28,United Kingdom,255,310,159.51,True,27.0,1,3,2,6,Hibernating,0,Dormant Low-Value
15592,1,388.58,354,24,United Kingdom,46,46,388.58,False,,3,1,2,6,Needs Attention,0,Dormant Low-Value
15593,1,199.8,60,5,United Kingdom,70,70,199.8,False,,3,1,1,5,Needs Attention,0,Dormant Low-Value
15594,5,1771.78,983,85,United Kingdom,15,234,354.356,True,54.5,4,4,4,12,Champions,1,Lapsing Mid-Value
15596,5,1406.59,561,51,United Kingdom,100,365,281.318,True,65.5,2,4,4,10,At Risk,1,Lapsing Mid-Value
15597,1,324.57,279,22,United Kingdom,35,35,324.57,False,,3,1,2,6,Needs Attention,3,Active Mid-Value
15598,1,240.68,160,14,United Kingdom,53,53,240.68,False,,3,1,1,5,Needs Attention,0,Dormant Low-Value
15599,2,761.74,718,50,United Kingdom,26,204,380.87,True,177.0,4,3,3,10,Loyal,3,Active Mid-Value
15601,14,6776.56,4983,230,United Kingdom,11,372,484.04,True,27.23076923076923,5,5,5,15,Champions,2,High-Value Loyal
15602,9,1297.8700000000001,1137,30,United Kingdom,8,368,144.20777777777778,True,44.375,5,5,4,14,Champions,2,High-Value Loyal
15603,1,48.480000000000004,96,2,United Kingdom,78,78,48.480000000000004,False,,2,1,1,4,Lost,0,Dormant Low-Value
15604,1,216.39000000000001,159,17,United Kingdom,52,52,216.39000000000001,False,,3,1,1,5,Needs Attention,0,Dormant Low-Value
15605,5,1198.23,441,61,United Kingdom,36,373,239.64600000000002,True,83.75,3,4,4,11,Loyal,1,Lapsing Mid-Value
15606,9,2920.16,892,48,United Kingdom,61,324,324.4622222222222,True,32.5,3,5,5,13,Loyal,1,Lapsing Mid-Value
15607,1,104.76,202,13,United Kingdom,336,336,104.76,False,,1,1,1,3,Lost,0,Dormant Low-Value
15608,4,1093.68,714,59,United Kingdom,28,120,273.42,True,30.333333333333332,4,4,4,12,Champions,1,Lapsing Mid-Value
15609,1,298.48,148,16,United Kingdom,184,184,298.48,False,,1,1,2,4,Lost,0,Dormant Low-Value
15610,1,112.46000000000001,66,6,United Kingdom,51,51,112.46000000000001,False,,3,1,1,5,Needs Attention,0,Dormant Low-Value
15611,11,1570.45,502,22,United Kingdom,9,334,142.76818181818183,True,32.0,5,5,4,14,Champions,2,High-Value Loyal
15612,2,195.15,52,4,United Kingdom,36,61,97.575,True,25.0,3,3,1,7,Loyal,3,Active Mid-Value
15615,23,10399.74,5508,184,United Kingdom,10,359,452.1626086956522,True,15.454545454545455,5,5,5,15,Champions,2,High-Value Loyal
15618,4,776.851,454,39,United Kingdom,32,136,194.21275,True,34.333333333333336,4,4,3,11,Champions,1,Lapsing Mid-Value
15619,1,336.4,136,3,United Kingdom,10,10,336.4,False,,5,1,2,8,New / Promising,3,Active Mid-Value
15620,3,1553.18,915,92,United Kingdom,56,358,517.7266666666667,True,150.5,3,3,4,10,Loyal,1,Lapsing Mid-Value
15621,4,1293.03,501,11,United Kingdom,4,21,323.2575,True,5.333333333333333,5,4,4,13,Champions,3,Active Mid-Value
15622,9,3709.56,1674,169,United Kingdom,43,282,412.17333333333335,True,29.625,3,5,5,13,Loyal,2,High-Value Loyal
15623,1,301.03000000000003,125,19,United Kingdom,141,141,301.03000000000003,False,,2,1,2,5,Lost,0,Dormant Low-Value
15624,4,588.13,357,26,United Kingdom,116,256,147.0325,True,46.0,2,4,3,9,At Risk,1,Lapsing Mid-Value
15625,4,1534.26,1188,44,United Kingdom,103,235,383.565,True,43.0,2,4,4,10,At Risk,1,Lapsing Mid-Value
15626,2,675.8,766,49,United Kingdom,74,329,337.9,True,254.0,2,3,3,8,Hibernating,1,Lapsing Mid-Value
15628,9,2870.2400000000002,1894,85,United Kingdom,4,366,318.91555555555556,True,44.75,5,5,5,15,Champions,2,High-Value Loyal
15630,2,1186.35,800,57,United Kingdom,45,204,593.175,True,159.0,3,3,4,10,Loyal,1,Lapsing Mid-Value
15632,8,3285.31,2109,107,United Kingdom,15,274,410.66375,True,36.57142857142857,4,5,5,14,Champions,2,High-Value Loyal
15634,1,243.55,99,15,United Kingdom,17,17,243.55,False,,4,1,1,6,New / Promising,3,Active Mid-Value
15636,2,724.76,284,20,United Kingdom,89,282,362.38,True,192.0,2,3,3,8,Hibernating,1,Lapsing Mid-Value
15637,1,223.36,128,15,United Kingdom,52,52,223.36,False,,3,1,1,5,Needs Attention,0,Dormant Low-Value
15639,1,425.32,323,25,United Kingdom,134,134,425.32,False,,2,1,2,5,Lost,0,Dormant Low-Value
15640,15,12416.11,6572,240,United Kingdom,4,372,827.7406666666667,True,25.714285714285715,5,5,5,15,Champions,2,High-Value Loyal
15641,4,1887.2,1562,102,United Kingdom,105,359,471.8,True,84.0,2,4,4,10,At Risk,1,Lapsing Mid-Value
15643,3,664.0,246,31,United Kingdom,191,282,221.33333333333334,True,45.0,1,3,3,7,Hibernating,0,Dormant Low-Value
15644,4,803.54,550,166,United Kingdom,166,261,200.885,True,31.0,2,4,3,9,At Risk,1,Lapsing Mid-Value
15645,1,611.59,255,49,United Kingdom,18,18,611.59,False,,4,1,3,8,New / Promising,3,Active Mid-Value
15646,3,447.64000000000004,394,35,United Kingdom,157,372,149.21333333333334,True,107.0,2,3,2,7,Hibernating,0,Dormant Low-Value
15648,2,639.5,218,23,United Kingdom,204,267,319.75,True,62.0,1,3,3,7,Hibernating,0,Dormant Low-Value
15649,2,816.0,192,1,United Kingdom,336,367,408.0,True,31.0,1,3,3,7,Hibernating,0,Dormant Low-Value
15651,3,646.3,479,27,United Kingdom,36,260,215.4333333333333,True,111.5,3,3,3,9,Loyal,1,Lapsing Mid-Value
15652,1,337.74,208,21,United Kingdom,91,91,337.74,False,,2,1,2,5,Lost,0,Dormant Low-Value
15653,2,877.44,1200,4,United Kingdom,92,115,438.72,True,23.0,2,3,3,8,Hibernating,1,Lapsing Mid-Value
15654,2,922.53,475,15,United Kingdom,9,26,461.265,True,16.0,5,3,4,12,Loyal,3,Active Mid-Value
15655,1,560.6700000000001,324,34,United Kingdom,243,243,560.6700000000001,False,,1,1,3,5,Lost,0,Dormant Low-Value
15656,4,748.5,343,46,United Kingdom,45,284,187.125,True,79.33333333333333,3,4,3,10,Loyal,1,Lapsing Mid-Value
15657,1,30.0,24,1,United Kingdom,22,22,30.0,False,,4,1,1,6,New / Promising,0,Dormant Low-Value
15658,5,1024.1000000000001,242,40,United Kingdom,190,372,204.82000000000002,True,45.25,1,4,4,9,At Risk,1,Lapsing Mid-Value
15659,1,306.45,111,11,United Kingdom,43,43,306.45,False,,3,1,2,6,Needs Attention,0,Dormant Low-Value
15660,9,1600.86,1050,55,United Kingdom,25,365,177.87333333333333,True,42.25,4,5,4,13,Champions,1,Lapsing Mid-Value
15661,2,309.8,236,4,United Kingdom,317,338,154.9,True,21.0,1,3,2,6,Hibernating,0,Dormant Low-Value
15663,1,138.14,106,9,United Kingdom,106,106,138.14,False,,2,1,1,4,Lost,0,Dormant Low-Value
15664,1,386.43,157,17,United Kingdom,50,50,386.43,False,,3,1,2,6,Needs Attention,0,Dormant Low-Value
15665,2,2222.21,1654,92,United Kingdom,168,243,1111.105,True,74.0,2,3,5,10,Hibernating,1,Lapsing Mid-Value
15667,1,301.32000000000005,240,13,United Kingdom,39,39,301.32000000000005,False,,3,1,2,6,Needs Attention,0,Dormant Low-Value
15668,1,76.32000000000001,72,1,United Kingdom,217,217,76.32000000000001,False,,1,1,1,3,Lost,0,Dormant Low-Value
15669,4,684.34,342,31,United Kingdom,40,263,171.085,True,74.0,3,4,3,10,Loyal,1,Lapsing Mid-Value
15670,1,173.05,91,12,United Kingdom,296,296,173.05,False,,1,1,1,3,Lost,0,Dormant Low-Value
15671,7,2657.13,1699,52,United Kingdom,18,270,379.59000000000003,True,41.5,4,5,5,14,Champions,2,High-Value Loyal
15673,4,2726.23,1451,107,United Kingdom,88,327,681.5575,True,79.0,2,4,5,11,At Risk,1,Lapsing Mid-Value
15674,4,2111.89,1274,87,United Kingdom,73,254,527.9725,True,60.0,2,4,5,11,At Risk,1,Lapsing Mid-Value
15675,3,323.69,527,20,United Kingdom,81,280,107.89666666666666,True,99.0,2,3,2,7,Hibernating,0,Dormant Low-Value
15676,3,3435.76,2252,191,United Kingdom,18,283,1145.2533333333333,True,132.0,4,4,5,13,Champions,1,Lapsing Mid-Value
15677,1,657.23,319,33,United Kingdom,49,49,657.23,False,,3,1,3,7,Needs Attention,0,Dormant Low-Value
15678,1,352.7,184,12,United Kingdom,52,52,352.7,False,,3,1,2,6,Needs Attention,0,Dormant Low-Value
15679,4,781.28,1170,98,United Kingdom,24,182,195.32,True,52.333333333333336,4,4,3,11,Champions,1,Lapsing Mid-Value
15680,3,1333.68,952,61,United Kingdom,9,366,444.56,True,177.5,5,4,4,13,Champions,3,Active Mid-Value
15681,5,1426.16,816,32,United Kingdom,25,280,285.232,True,63.5,4,4,4,12,Champions,1,Lapsing Mid-Value
15683,1,193.75,131,10,United Kingdom,117,117,193.75,False,,2,1,1,4,Lost,0,Dormant Low-Value
15687,9,2993.1,1310,119,United Kingdom,8,330,332.56666666666666,True,39.625,5,5,5,15,Champions,2,High-Value Loyal
15689,2,254.1,84,8,United Kingdom,119,361,127.05,True,241.0,2,3,2,7,Hibernating,0,Dormant Low-Value
15690,2,239.76,408,19,United Kingdom,4,100,119.88,True,96.0,5,3,1,9,Loyal,3,Active Mid-Value
15691,1,136.8,72,2,United Kingdom,252,252,136.8,False,,1,1,1,3,Lost,0,Dormant Low-Value
15692,1,191.04,138,12,United Kingdom,28,28,191.04,False,,4,1,1,6,New / Promising,3,Active Mid-Value
15694,13,6464.4,1676,41,United Kingdom,0,372,497.2615384615384,True,30.583333333333332,5,5,5,15,Champions,2,High-Value Loyal
15695,2,409.98,212,22,United Kingdom,266,266,204.99,True,0.0,1,3,2,6,Hibernating,0,Dormant Low-Value
15696,8,2711.11,1015,140,United Kingdom,33,326,338.88875,True,41.285714285714285,3,5,5,13,Loyal,1,Lapsing Mid-Value
15699,1,309.65,113,18,United Kingdom,17,17,309.65,False,,4,1,2,7,New / Promising,3,Active Mid-Value
15700,2,696.68,357,85,United Kingdom,172,173,348.34,True,1.0,2,3,3,8,Hibernating,0,Dormant Low-Value
15701,4,1529.0,912,193,United Kingdom,2,110,382.25,True,35.666666666666664,5,4,4,13,Champions,3,Active Mid-Value
15703,1,211.5,66,5,United Kingdom,264,264,211.5,False,,1,1,1,3,Lost,0,Dormant Low-Value
15704,4,2293.62,1028,79,United Kingdom,140,215,573.405,True,24.666666666666668,2,4,5,11,At Risk,1,Lapsing Mid-Value
15705,1,143.1,62,6,United Kingdom,201,201,143.1,False,,1,1,1,3,Lost,0,Dormant Low-Value
15706,4,1060.56,321,50,United Kingdom,63,116,265.14,True,16.666666666666668,3,4,4,11,Loyal,1,Lapsing Mid-Value
15707,4,916.98,594,126,United Kingdom,35,86,229.245,True,16.333333333333332,3,4,3,10,Loyal,1,Lapsing Mid-Value
15708,7,3235.25,1217,124,United Kingdom,40,369,462.17857142857144,True,54.333333333333336,3,5,5,13,Loyal,1,Lapsing Mid-Value
15709,1,133.25,121,6,United Kingdom,283,283,133.25,False,,1,1,1,3,Lost,0,Dormant Low-Value
15712,5,1072.3600000000001,486,41,United Kingdom,9,287,214.47200000000004,True,69.25,5,4,4,13,Champions,3,Active Mid-Value
15713,2,356.7,150,18,United Kingdom,143,366,178.35,True,222.0,2,3,2,7,Hibernating,0,Dormant Low-Value
15714,2,330.03000000000003,186,34,United Kingdom,11,77,165.01500000000001,True,66.0,5,3,2,10,Loyal,3,Active Mid-Value
15716,4,1101.11,738,101,United Kingdom,145,369,275.2775,True,74.0,2,4,4,10,At Risk,1,Lapsing Mid-Value
15717,1,150.3,70,7,United Kingdom,234,234,150.3,False,,1,1,1,3,Lost,0,Dormant Low-Value
15719,13,5028.42,2717,298,United Kingdom,32,337,386.8015384615385,True,25.0,4,5,5,14,Champions,2,High-Value Loyal
15720,1,598.73,281,128,United Kingdom,24,24,598.73,False,,4,1,3,8,New / Promising,3,Active Mid-Value
15721,1,471.40000000000003,388,80,United Kingdom,11,11,471.40000000000003,False,,5,1,2,8,New / Promising,3,Active Mid-Value
15722,5,2211.21,1023,45,United Kingdom,35,290,442.242,True,63.25,3,4,5,12,Loyal,1,Lapsing Mid-Value
15723,1,190.70000000000002,73,37,United Kingdom,364,364,190.70000000000002,False,,1,2,1,4,Lost,0,Dormant Low-Value
15724,2,218.25,73,11,United Kingdom,201,284,109.125,True,83.0,1,3,1,5,Hibernating,0,Dormant Low-Value
15725,1,415.25,221,32,United Kingdom,15,15,415.25,False,,4,2,2,8,New / Promising,3,Active Mid-Value
15727,7,5159.06,3063,213,United Kingdom,16,359,737.0085714285715,True,56.5,4,5,5,14,Champions,2,High-Value Loyal
15729,1,85.0,28,5,United Kingdom,212,212,85.0,False,,1,2,1,4,Lost,0,Dormant Low-Value
15730,3,1120.88,689,68,United Kingdom,65,206,373.6266666666667,True,70.0,3,4,4,11,Loyal,1,Lapsing Mid-Value
15732,2,294.12,215,13,United Kingdom,212,372,147.06,True,159.0,1,3,2,6,Hibernating,0,Dormant Low-Value
15733,1,162.3,62,10,United Kingdom,282,282,162.3,False,,1,2,1,4,Lost,0,Dormant Low-Value
15734,2,1339.45,346,25,United Kingdom,114,200,669.725,True,85.0,2,3,4,9,Hibernating,1,Lapsing Mid-Value
15737,8,1188.1200000000001,597,60,United Kingdom,14,242,148.51500000000001,True,32.285714285714285,5,5,4,14,Champions,2,High-Value Loyal
15738,16,4812.42,2982,46,United Kingdom,18,372,300.77625,True,23.0,4,5,5,14,Champions,2,High-Value Loyal
15739,1,449.12,472,8,United Kingdom,66,66,449.12,False,,3,2,2,7,Needs Attention,0,Dormant Low-Value
15740,1,154.88,152,9,United Kingdom,49,49,154.88,False,,3,2,1,6,Needs Attention,0,Dormant Low-Value
15743,4,775.96,214,59,United Kingdom,16,184,193.99,True,56.0,4,4,3,11,Champions,3,Active Mid-Value
15744,1,34.8,120,3,United Kingdom,77,77,34.8,False,,2,2,1,5,Lost,0,Dormant Low-Value
15745,4,1094.5900000000001,421,57,United Kingdom,19,236,273.64750000000004,True,72.0,4,4,4,12,Champions,1,Lapsing Mid-Value
15746,1,196.88,178,28,United Kingdom,134,134,196.88,False,,2,2,1,5,Lost,0,Dormant Low-Value
15747,3,946.64,466,52,United Kingdom,12,172,315.5466666666667,True,79.5,5,4,4,13,Champions,3,Active Mid-Value
15748,1,144.36,50,19,United Kingdom,40,40,144.36,False,,3,2,1,6,Needs Attention,0,Dormant Low-Value
15749,2,14822.0,3940,2,United Kingdom,235,332,7411.0,True,97.0,1,3,5,9,Hibernating,1,Lapsing Mid-Value
15750,8,2463.05,1783,214,United Kingdom,2,366,307.88125,True,51.57142857142857,5,5,5,15,Champions,2,High-Value Loyal
15752,7,2626.6,1960,236,United Kingdom,39,372,375.2285714285714,True,54.833333333333336,3,5,5,13,Loyal,1,Lapsing Mid-Value
15753,1,79.2,144,1,United Kingdom,304,304,79.2,False,,1,2,1,4,Lost,0,Dormant Low-Value
15754,3,458.57,199,24,United Kingdom,51,246,152.85666666666665,True,97.0,3,4,2,9,Loyal,1,Lapsing Mid-Value
15755,6,2364.25,1427,127,United Kingdom,10,294,394.0416666666667,True,56.4,5,5,5,15,Champions,2,High-Value Loyal
15756,4,528.01,241,160,United Kingdom,61,249,132.0025,True,62.333333333333336,3,4,3,10,Loyal,1,Lapsing Mid-Value
15757,2,714.42,491,43,United Kingdom,65,217,357.21,True,152.0,3,3,3,9,Loyal,1,Lapsing Mid-Value
15758,1,205.25,47,9,United Kingdom,24,24,205.25,False,,4,2,1,7,New / Promising,3,Active Mid-Value
15759,3,253.04000000000002,60,5,United Kingdom,218,358,84.34666666666668,True,69.5,1,4,2,7,At Risk,0,Dormant Low-Value
15762,2,583.75,251,37,United Kingdom,65,77,291.875,True,12.0,3,3,3,9,Loyal,0,Dormant Low-Value
15763,2,1086.92,271,58,United Kingdom,31,77,543.46,True,45.0,4,3,4,11,Loyal,1,Lapsing Mid-Value
15764,6,3279.9700000000003,2050,150,United Kingdom,88,276,546.6616666666667,True,37.6,2,5,5,12,At Risk,1,Lapsing Mid-Value
15766,1,315.06,170,11,United Kingdom,64,64,315.06,False,,3,2,2,7,Needs Attention,0,Dormant Low-Value
15768,3,621.83,244,23,United Kingdom,115,225,207.27666666666667,True,55.0,2,4,3,9,At Risk,1,Lapsing Mid-Value
15769,26,56252.72,29672,26,United Kingdom,7,371,2163.566153846154,True,14.16,5,5,5,15,Champions,2,High-Value Loyal
15773,1,635.6800000000001,311,10,United Kingdom,5,5,635.6800000000001,False,,5,2,3,10,New / Promising,3,Active Mid-Value
15774,1,270.8,87,25,United Kingdom,68,68,270.8,False,,3,2,2,7,Needs Attention,0,Dormant Low-Value
15775,1,104.9,68,7,United Kingdom,245,245,104.9,False,,1,2,1,4,Lost,0,Dormant Low-Value
15776,1,241.62,138,18,United Kingdom,133,133,241.62,False,,2,2,1,5,Lost,0,Dormant Low-Value
15777,4,1047.1100000000001,378,18,United Kingdom,241,361,261.77750000000003,True,39.666666666666664,1,4,4,9,At Risk,1,Lapsing Mid-Value
15780,3,475.28000000000003,220,26,United Kingdom,183,357,158.42666666666668,True,86.5,1,4,2,7,At Risk,0,Dormant Low-Value
15781,3,345.46000000000004,180,20,United Kingdom,25,305,115.15333333333335,True,140.0,4,4,2,10,Champions,3,Active Mid-Value
15782,3,2614.74,864,34,United Kingdom,9,89,871.5799999999999,True,39.5,5,4,5,14,Champions,1,Lapsing Mid-Value
15783,1,246.3,212,14,United Kingdom,10,10,246.3,False,,5,2,2,9,New / Promising,3,Active Mid-Value
15785,5,2328.9700000000003,1612,58,United Kingdom,32,295,465.79400000000004,True,65.5,4,4,5,13,Champions,1,Lapsing Mid-Value
15786,3,4919.0,3340,257,United Kingdom,46,114,1639.6666666666667,True,34.0,3,4,5,12,Loyal,1,Lapsing Mid-Value
15787,3,933.26,534,156,United Kingdom,26,61,311.08666666666664,True,17.5,4,4,4,12,Champions,1,Lapsing Mid-Value
15789,1,351.3,438,25,United Kingdom,358,358,351.3,False,,1,2,2,5,Lost,0,Dormant Low-Value
15790,1,218.75,113,34,United Kingdom,10,10,218.75,False,,5,2,1,8,New / Promising,3,Active Mid-Value
15791,2,1612.69,731,66,United Kingdom,43,204,806.345,True,160.0,3,3,4,10,Loyal,1,Lapsing Mid-Value
15793,3,965.61,553,6,United Kingdom,14,268,321.87,True,126.5,5,4,4,13,Champions,3,Active Mid-Value
15795,1,610.01,581,42,United Kingdom,149,149,610.01,False,,2,2,3,7,Lost,0,Dormant Low-Value
15796,8,2707.61,859,69,United Kingdom,1,302,338.45125,True,42.57142857142857,5,5,5,15,Champions,2,High-Value Loyal
15797,3,2192.4,872,7,United Kingdom,113,304,730.8000000000001,True,95.5,2,4,5,11,At Risk,1,Lapsing Mid-Value
15799,3,884.14,955,94,United Kingdom,75,334,294.7133333333333,True,129.0,2,4,3,9,At Risk,1,Lapsing Mid-Value
15800,2,696.89,332,116,United Kingdom,107,246,348.445,True,139.0,2,3,3,8,Hibernating,0,Dormant Low-Value
15801,3,1063.95,570,61,United Kingdom,46,109,354.65000000000003,True,31.0,3,4,4,11,Loyal,1,Lapsing Mid-Value
15803,1,415.82000000000005,290,8,United Kingdom,51,51,415.82000000000005,False,,3,2,2,7,Needs Attention,0,Dormant Low-Value
15804,13,4206.39,2565,170,United Kingdom,0,198,323.5684615384616,True,16.083333333333332,5,5,5,15,Champions,2,High-Value Loyal
15805,17,5488.18,3367,220,United Kingdom,23,364,322.83411764705886,True,21.0625,4,5,5,14,Champions,2,High-Value Loyal
15806,3,784.58,602,24,United Kingdom,46,276,261.5266666666667,True,115.0,3,4,3,10,Loyal,1,Lapsing Mid-Value
15807,3,903.9,430,48,United Kingdom,50,77,301.3,True,13.0,3,4,3,10,Loyal,1,Lapsing Mid-Value
15808,4,3651.27,1305,142,United Kingdom,306,369,912.8175,True,20.666666666666668,1,4,5,10,At Risk,1,Lapsing Mid-Value
15809,5,515.77,301,31,United Kingdom,36,302,103.154,True,66.25,3,4,3,10,Loyal,1,Lapsing Mid-Value
15810,4,1391.98,861,66,United Kingdom,78,296,347.995,True,72.0,2,4,4,10,At Risk,1,Lapsing Mid-Value
15811,6,2218.62,1071,117,United Kingdom,22,365,369.77,True,68.0,4,5,5,14,Champions,1,Lapsing Mid-Value
15812,5,1801.14,922,36,United Kingdom,107,317,360.228,True,52.25,2,4,4,10,At Risk,1,Lapsing Mid-Value
15813,2,1303.9099999999999,603,40,United Kingdom,207,239,651.9549999999999,True,31.0,1,3,4,8,Hibernating,1,Lapsing Mid-Value
15814,4,1945.3300000000002,1271,63,United Kingdom,16,50,486.33250000000004,True,10.666666666666666,4,4,4,12,Champions,1,Lapsing Mid-Value
15815,5,2100.6,1856,33,United Kingdom,63,259,420.12,True,48.75,3,4,5,12,Loyal,1,Lapsing Mid-Value
15819,4,1905.45,1357,96,United Kingdom,49,276,476.3625,True,75.33333333333333,3,4,4,11,Loyal,1,Lapsing Mid-Value
15820,1,206.98,128,17,United Kingdom,319,319,206.98,False,,1,2,1,4,Lost,0,Dormant Low-Value
15821,2,570.96,202,57,United Kingdom,44,61,285.48,True,17.0,3,3,3,9,Loyal,3,Active Mid-Value
15822,2,885.47,375,28,United Kingdom,3,359,442.735,True,356.0,5,3,3,11,Loyal,3,Active Mid-Value
15825,1,532.94,220,20,United Kingdom,172,172,532.94,False,,2,2,3,7,Lost,0,Dormant Low-Value
15826,3,1654.31,963,64,United Kingdom,56,210,551.4366666666666,True,77.0,3,4,4,11,Loyal,1,Lapsing Mid-Value
15827,14,1836.09,882,72,United Kingdom,73,372,131.1492857142857,True,22.692307692307693,2,5,4,11,At Risk,1,Lapsing Mid-Value
15829,2,636.14,996,44,United Kingdom,99,140,318.07,True,41.0,2,3,3,8,Hibernating,0,Dormant Low-Value
15830,1,576.0,415,39,United Kingdom,37,37,576.0,False,,3,2,3,8,Needs Attention,3,Active Mid-Value
15831,3,794.64,1092,63,United Kingdom,58,324,264.88,True,132.0,3,4,3,10,Loyal,1,Lapsing Mid-Value
15832,1,836.79,465,54,United Kingdom,254,254,836.79,False,,1,2,3,6,Lost,0,Dormant Low-Value
15834,4,2222.65,959,241,United Kingdom,70,277,555.6625,True,68.66666666666667,3,4,5,12,Loyal,1,Lapsing Mid-Value
15835,4,954.09,439,47,United Kingdom,44,330,238.5225,True,95.0,3,4,4,11,Loyal,1,Lapsing Mid-Value
15836,1,137.37,26,10,United Kingdom,50,50,137.37,False,,3,2,1,6,Needs Attention,0,Dormant Low-Value
15837,1,391.98,189,24,United Kingdom,64,64,391.98,False,,3,2,2,7,Needs Attention,0,Dormant Low-Value
15838,19,33643.08,18368,54,United Kingdom,11,367,1770.6884210526316,True,19.5,5,5,5,15,Champions,2,High-Value Loyal
15839,3,1048.49,675,56,United Kingdom,33,148,349.49666666666667,True,57.0,3,4,4,11,Loyal,1,Lapsing Mid-Value
15840,2,355.56,396,26,United Kingdom,58,172,177.78,True,113.0,3,3,2,8,Loyal,0,Dormant Low-Value
15841,4,1224.06,942,36,United Kingdom,72,338,306.015,True,88.0,2,4,4,10,At Risk,1,Lapsing Mid-Value
15843,1,118.95,27,8,United Kingdom,303,303,118.95,False,,1,2,1,4,Lost,0,Dormant Low-Value
15844,1,130.73999999999998,134,11,United Kingdom,46,46,130.73999999999998,False,,3,2,1,6,Needs Attention,0,Dormant Low-Value
15845,8,3711.77,1926,97,United Kingdom,17,337,463.97125,True,45.0,4,5,5,14,Champions,2,High-Value Loyal
15847,2,389.27,449,22,United Kingdom,38,288,194.635,True,249.0,3,3,2,8,Loyal,3,Active Mid-Value
15850,2,234.88,298,87,United Kingdom,19,168,117.44,True,148.0,4,3,1,8,Loyal,3,Active Mid-Value
15852,2,160.71,48,22,United Kingdom,186,197,80.355,True,10.0,1,3,1,5,Hibernating,0,Dormant Low-Value
15853,1,110.8,135,29,United Kingdom,51,51,110.8,False,,3,2,1,6,Needs Attention,0,Dormant Low-Value
15854,12,2969.12,926,105,United Kingdom,4,361,247.42666666666665,True,32.0,5,5,5,15,Champions,2,High-Value Loyal
15855,5,712.24,470,59,United Kingdom,136,263,142.448,True,31.5,2,4,3,9,At Risk,1,Lapsing Mid-Value
15856,27,16142.380000000001,10863,294,United Kingdom,4,365,597.8659259259259,True,13.461538461538462,5,5,5,15,Champions,2,High-Value Loyal
15857,1,297.0,308,14,United Kingdom,18,18,297.0,False,,4,2,2,8,New / Promising,3,Active Mid-Value
15858,5,1427.57,1163,145,United Kingdom,15,367,285.514,True,87.25,4,4,4,12,Champions,1,Lapsing Mid-Value
15860,8,965.16,437,105,United Kingdom,40,368,120.645,True,46.142857142857146,3,5,4,12,Loyal,1,Lapsing Mid-Value
15861,8,3146.92,2528,339,United Kingdom,12,267,393.365,True,36.142857142857146,5,5,5,15,Champions,2,High-Value Loyal
15862,4,832.88,585,142,United Kingdom,8,373,208.22,True,121.33333333333333,5,4,3,12,Champions,3,Active Mid-Value
15863,2,68.84,19,18,United Kingdom,25,192,34.42,True,167.0,4,3,1,8,Loyal,3,Active Mid-Value
15864,6,1936.32,1192,16,United Kingdom,22,316,322.71999999999997,True,58.4,4,5,4,13,Champions,1,Lapsing Mid-Value
15865,3,895.13,368,37,United Kingdom,40,213,298.37666666666667,True,86.0,3,4,3,10,Loyal,1,Lapsing Mid-Value
15866,1,211.89,124,43,United Kingdom,101,101,211.89,False,,2,2,1,5,Lost,0,Dormant Low-Value
15867,15,3803.6,2039,301,United Kingdom,5,369,253.57333333333332,True,25.571428571428573,5,5,5,15,Champions,2,High-Value Loyal
15869,2,149.64,175,13,United Kingdom,277,277,74.82,True,0.0,1,3,1,5,Hibernating,0,Dormant Low-Value
15870,1,351.44,333,68,United Kingdom,32,32,351.44,False,,4,2,2,8,New / Promising,3,Active Mid-Value
15872,2,316.25,187,101,United Kingdom,14,14,158.125,True,0.0,5,3,2,10,Loyal,3,Active Mid-Value
15874,7,4405.88,2534,110,United Kingdom,63,284,629.4114285714286,True,36.333333333333336,3,5,5,13,Loyal,1,Lapsing Mid-Value
15877,2,490.33,368,122,United Kingdom,1,17,245.165,True,16.0,5,3,3,11,Loyal,3,Active Mid-Value
15880,1,329.03,202,95,United Kingdom,369,369,329.03,False,,1,2,2,5,Lost,0,Dormant Low-Value
15881,5,501.39,260,26,United Kingdom,312,364,100.27799999999999,True,12.75,1,4,3,8,At Risk,1,Lapsing Mid-Value
15882,4,514.08,264,22,United Kingdom,198,368,128.52,True,56.333333333333336,1,4,3,8,At Risk,1,Lapsing Mid-Value
15883,2,396.48,223,42,United Kingdom,2,33,198.24,True,31.0,5,3,2,10,Loyal,3,Active Mid-Value
15885,1,349.35,109,16,United Kingdom,93,93,349.35,False,,2,2,2,6,Lost,0,Dormant Low-Value
15886,1,181.09,147,12,United Kingdom,60,60,181.09,False,,3,2,1,6,Needs Attention,0,Dormant Low-Value
15888,1,162.64,67,10,United Kingdom,80,80,162.64,False,,2,2,1,5,Lost,0,Dormant Low-Value
15889,2,400.77,200,78,United Kingdom,156,369,200.385,True,212.0,2,3,2,7,Hibernating,0,Dormant Low-Value
15891,1,509.13,417,59,United Kingdom,226,226,509.13,False,,1,2,3,6,Lost,0,Dormant Low-Value
15894,2,257.6,163,34,United Kingdom,253,369,128.8,True,115.0,1,3,2,6,Hibernating,0,Dormant Low-Value
15895,1,179.17,94,11,United Kingdom,149,149,179.17,False,,2,2,1,5,Lost,0,Dormant Low-Value
15897,2,208.59,223,17,United Kingdom,194,194,104.295,True,0.0,1,3,1,5,Hibernating,0,Dormant Low-Value
15898,5,1383.83,567,70,United Kingdom,1,368,276.76599999999996,True,91.25,5,4,4,13,Champions,2,High-Value Loyal
15899,1,56.25,39,4,United Kingdom,368,368,56.25,False,,1,2,1,4,Lost,0,Dormant Low-Value
15900,1,337.28000000000003,216,44,United Kingdom,23,23,337.28000000000003,False,,4,2,2,8,New / Promising,3,Active Mid-Value
15901,3,349.75,372,101,United Kingdom,16,154,116.58333333333333,True,69.0,4,4,2,10,Champions,3,Active Mid-Value
15903,7,5126.76,2410,46,United Kingdom,9,295,732.3942857142857,True,47.0,5,5,5,15,Champions,2,High-Value Loyal
15904,1,164.68,84,30,United Kingdom,8,8,164.68,False,,5,2,1,8,New / Promising,3,Active Mid-Value
15906,7,1567.69,544,113,United Kingdom,19,255,223.9557142857143,True,38.833333333333336,4,5,4,13,Champions,1,Lapsing Mid-Value
15907,3,881.87,477,174,United Kingdom,3,210,293.95666666666665,True,102.5,5,4,3,12,Champions,3,Active Mid-Value
15909,1,191.94,98,7,United Kingdom,173,173,191.94,False,,2,2,1,5,Lost,0,Dormant Low-Value
15910,8,1228.88,1013,215,United Kingdom,0,316,153.61,True,44.714285714285715,5,5,4,14,Champions,2,High-Value Loyal
15912,2,264.62,185,19,United Kingdom,178,233,132.31,True,54.0,2,3,2,7,Hibernating,0,Dormant Low-Value
15916,8,1502.8600000000001,752,124,United Kingdom,16,366,187.85750000000002,True,49.57142857142857,4,5,4,13,Champions,2,High-Value Loyal
15917,1,123.1,42,12,United Kingdom,247,247,123.1,False,,1,2,1,4,Lost,0,Dormant Low-Value
15918,2,334.23,153,33,United Kingdom,190,271,167.115,True,80.0,1,3,2,6,Hibernating,0,Dormant Low-Value
15919,2,525.69,385,103,United Kingdom,19,368,262.845,True,349.0,4,3,3,10,Loyal,3,Active Mid-Value
15920,3,163.55,94,52,United Kingdom,154,154,54.51666666666667,True,0.0,2,4,1,7,At Risk,0,Dormant Low-Value
15921,1,323.03000000000003,162,24,United Kingdom,172,172,323.03000000000003,False,,2,2,2,6,Lost,0,Dormant Low-Value
15922,1,369.5,138,11,United Kingdom,373,373,369.5,False,,1,2,2,5,Lost,0,Dormant Low-Value
15923,1,127.08,122,21,United Kingdom,372,372,127.08,False,,1,2,1,4,Lost,0,Dormant Low-Value
15925,1,207.15,93,12,United Kingdom,194,194,207.15,False,,1,2,1,4,Lost,0,Dormant Low-Value
15930,1,426.63,139,21,United Kingdom,67,67,426.63,False,,3,2,2,7,Needs Attention,0,Dormant Low-Value
15932,8,2495.87,2325,93,United Kingdom,4,289,311.98375,True,40.285714285714285,5,5,5,15,Champions,2,High-Value Loyal
15933,3,1107.46,885,63,United Kingdom,21,86,369.15333333333336,True,32.0,4,4,4,12,Champions,1,Lapsing Mid-Value
15935,1,108.03999999999999,114,11,United Kingdom,239,239,108.03999999999999,False,,1,2,1,4,Lost,0,Dormant Low-Value
15937,1,145.35000000000002,73,7,United Kingdom,64,64,145.35000000000002,False,,3,2,1,6,Needs Attention,0,Dormant Low-Value
15938,5,404.58000000000004,240,13,United Kingdom,112,323,80.91600000000001,True,52.25,2,4,2,8,At Risk,1,Lapsing Mid-Value
15939,14,6100.01,4727,27,United Kingdom,89,331,435.71500000000003,True,18.153846153846153,2,5,5,12,At Risk,2,High-Value Loyal
15940,1,35.8,4,1,United Kingdom,311,311,35.8,False,,1,2,1,4,Lost,0,Dormant Low-Value
15942,1,337.44,232,14,United Kingdom,133,133,337.44,False,,2,2,2,6,Lost,0,Dormant Low-Value
15944,1,325.1,50,6,United Kingdom,276,276,325.1,False,,1,2,2,5,Lost,0,Dormant Low-Value
15945,1,181.0,52,2,United Kingdom,365,365,181.0,False,,1,2,1,4,Lost,0,Dormant Low-Value
15947,1,1708.24,898,29,United Kingdom,82,82,1708.24,False,,2,2,4,8,Lost,1,Lapsing Mid-Value
15948,2,955.24,567,51,United Kingdom,8,43,477.62,True,35.0,5,3,4,12,Loyal,3,Active Mid-Value
15949,2,364.72,284,12,United Kingdom,16,71,182.36,True,54.0,4,3,2,9,Loyal,3,Active Mid-Value
15950,4,1744.71,719,86,United Kingdom,31,359,436.1775,True,108.66666666666667,4,4,4,12,Champions,1,Lapsing Mid-Value
15951,2,708.22,313,36,United Kingdom,8,285,354.11,True,276.0,5,3,3,11,Loyal,3,Active Mid-Value
15952,4,781.91,391,65,United Kingdom,33,225,195.4775,True,63.333333333333336,3,4,3,10,Loyal,1,Lapsing Mid-Value
15953,8,1657.28,891,63,United Kingdom,15,369,207.16,True,50.0,4,5,4,13,Champions,2,High-Value Loyal
15955,14,4416.26,2135,137,United Kingdom,24,372,315.44714285714286,True,26.46153846153846,4,5,5,14,Champions,2,High-Value Loyal
15957,1,428.89,211,40,United Kingdom,31,31,428.89,False,,4,2,2,8,New / Promising,3,Active Mid-Value
15958,1,104.35,33,7,United Kingdom,74,74,104.35,False,,2,2,1,5,Lost,0,Dormant Low-Value
15963,2,470.76,298,26,United Kingdom,19,45,235.38,True,25.0,4,3,2,9,Loyal,3,Active Mid-Value
15965,4,808.87,434,88,United Kingdom,17,367,202.2175,True,116.33333333333333,4,4,3,11,Champions,1,Lapsing Mid-Value
15967,2,397.68,205,73,United Kingdom,23,318,198.84,True,295.0,4,3,2,9,Loyal,3,Active Mid-Value
15969,3,666.1,124,20,United Kingdom,2,185,222.03333333333333,True,91.0,5,4,3,12,Champions,3,Active Mid-Value
15970,1,314.09999999999997,116,11,United Kingdom,303,303,314.09999999999997,False,,1,2,2,5,Lost,0,Dormant Low-Value
15971,12,4194.9,1716,9,United Kingdom,17,311,349.575,True,26.363636363636363,4,5,5,14,Champions,2,High-Value Loyal
15973,1,307.82000000000005,106,4,United Kingdom,366,366,307.82000000000005,False,,1,2,2,5,Lost,0,Dormant Low-Value
15974,7,3442.15,2262,141,United Kingdom,39,288,491.7357142857143,True,41.0,3,5,5,13,Loyal,1,Lapsing Mid-Value
15975,1,371.01,243,24,United Kingdom,84,84,371.01,False,,2,2,2,6,Lost,0,Dormant Low-Value
15976,2,427.64,275,83,United Kingdom,165,220,213.82,True,54.0,2,3,2,7,Hibernating,0,Dormant Low-Value
15977,2,1054.73,1016,48,United Kingdom,17,39,527.365,True,21.0,4,3,4,11,Loyal,3,Active Mid-Value
15978,1,1098.78,888,49,United Kingdom,77,77,1098.78,False,,2,2,4,8,Lost,0,Dormant Low-Value
15980,3,2398.86,1560,40,United Kingdom,88,254,799.62,True,82.5,2,4,5,11,At Risk,1,Lapsing Mid-Value
15981,8,3408.48,1866,53,United Kingdom,24,311,426.06,True,40.57142857142857,4,5,5,14,Champions,2,High-Value Loyal
15983,4,1465.12,886,82,United Kingdom,22,373,366.28,True,116.66666666666667,4,4,4,12,Champions,1,Lapsing Mid-Value
15984,10,2780.63,1815,217,United Kingdom,2,368,278.063,True,40.111111111111114,5,5,5,15,Champions,2,High-Value Loyal
15985,2,1142.42,1086,29,United Kingdom,123,236,571.21,True,113.0,2,3,4,9,Hibernating,1,Lapsing Mid-Value
15986,1,168.12,268,14,United Kingdom,30,30,168.12,False,,4,2,1,7,New / Promising,3,Active Mid-Value
15987,7,1432.77,1533,110,United Kingdom,12,368,204.68142857142857,True,59.0,5,5,4,14,Champions,2,High-Value Loyal
15988,1,156.78,180,26,United Kingdom,19,19,156.78,False,,4,2,1,7,New / Promising,3,Active Mid-Value
15990,2,792.11,443,52,United Kingdom,44,287,396.055,True,243.0,3,3,3,9,Loyal,1,Lapsing Mid-Value
15992,1,41.989999999999995,17,3,United Kingdom,3,3,41.989999999999995,False,,5,2,1,8,New / Promising,3,Active Mid-Value
15993,7,2768.97,2031,334,United Kingdom,8,44,395.5671428571428,True,5.333333333333333,5,5,5,15,Champions,2,High-Value Loyal
15994,1,414.27,173,31,United Kingdom,54,54,414.27,False,,3,2,2,7,Needs Attention,0,Dormant Low-Value
15996,6,1032.58,380,103,United Kingdom,88,366,172.09666666666666,True,55.4,2,5,4,11,At Risk,1,Lapsing Mid-Value
15998,5,3080.22,2032,370,United Kingdom,36,362,616.044,True,80.75,3,4,5,12,Loyal,1,Lapsing Mid-Value
16000,3,12393.7,5110,9,United Kingdom,2,2,4131.233333333334,True,0.0,5,4,5,14,Champions,2,High-Value Loyal
16003,5,2735.37,1185,82,United Kingdom,29,359,547.074,True,82.0,4,4,5,13,Champions,1,Lapsing Mid-Value
16005,4,578.71,280,173,United Kingdom,12,270,144.6775,True,86.0,5,4,3,12,Champions,3,Active Mid-Value
16006,1,101.4,84,8,United Kingdom,211,211,101.4,False,,1,2,1,4,Lost,0,Dormant Low-Value
16007,4,1693.81,1388,221,United Kingdom,47,215,423.4525,True,55.333333333333336,3,4,4,11,Loyal,1,Lapsing Mid-Value
16008,3,478.78,323,29,United Kingdom,23,204,159.59333333333333,True,90.0,4,4,2,10,Champions,3,Active Mid-Value
16009,4,972.11,366,68,United Kingdom,22,159,243.0275,True,45.666666666666664,4,4,4,12,Champions,1,Lapsing Mid-Value
16010,3,392.4,202,62,United Kingdom,245,362,130.79999999999998,True,57.5,1,4,2,7,At Risk,0,Dormant Low-Value
16011,16,3352.96,2035,99,United Kingdom,8,366,209.56,True,23.4,5,5,5,15,Champions,2,High-Value Loyal
16012,3,1415.29,799,87,United Kingdom,35,155,471.7633333333333,True,59.5,3,4,4,11,Loyal,1,Lapsing Mid-Value
16013,47,37130.6,15536,30,United Kingdom,3,371,790.0127659574467,True,7.673913043478261,5,5,5,15,Champions,2,High-Value Loyal
16014,3,646.83,258,123,United Kingdom,37,291,215.61,True,126.0,3,4,3,10,Loyal,1,Lapsing Mid-Value
16015,3,704.26,906,145,United Kingdom,3,49,234.75333333333333,True,22.0,5,4,3,12,Champions,3,Active Mid-Value
16016,8,1465.51,602,156,United Kingdom,3,366,183.18875,True,51.42857142857143,5,5,4,14,Champions,2,High-Value Loyal
16017,1,211.88,102,26,United Kingdom,47,47,211.88,False,,3,2,1,6,Needs Attention,0,Dormant Low-Value
16018,2,408.9,190,26,United Kingdom,39,180,204.45,True,141.0,3,3,2,8,Loyal,3,Active Mid-Value
16019,9,3786.24,1733,133,United Kingdom,46,364,420.6933333333333,True,39.25,3,5,5,13,Loyal,1,Lapsing Mid-Value
16020,3,851.01,487,42,United Kingdom,16,65,283.67,True,24.0,4,4,3,11,Champions,3,Active Mid-Value
16022,1,602.63,255,68,United Kingdom,260,260,602.63,False,,1,2,3,6,Lost,0,Dormant Low-Value
16023,3,719.81,358,90,United Kingdom,46,266,239.93666666666664,True,110.0,3,4,3,10,Loyal,1,Lapsing Mid-Value
16024,1,245.75,377,60,United Kingdom,12,12,245.75,False,,5,2,1,8,New / Promising,3,Active Mid-Value
16025,1,439.65999999999997,338,28,United Kingdom,29,29,439.65999999999997,False,,4,2,2,8,New / Promising,3,Active Mid-Value
16026,1,236.09,243,30,United Kingdom,43,43,236.09,False,,3,2,1,6,Needs Attention,0,Dormant Low-Value
16027,6,934.62,1147,11,United Kingdom,91,302,155.77,True,41.6,2,5,4,11,At Risk,1,Lapsing Mid-Value
16029,62,68586.81,36219,43,United Kingdom,38,373,1106.2388709677418,True,5.19672131147541,3,5,5,13,Loyal,2,High-Value Loyal
16030,1,331.24,283,28,United Kingdom,309,309,331.24,False,,1,2,2,5,Lost,0,Dormant Low-Value
16031,2,547.9,421,91,United Kingdom,92,247,273.95,True,154.0,2,3,3,8,Hibernating,0,Dormant Low-Value
16033,20,8778.82,3529,538,United Kingdom,5,369,438.941,True,18.68421052631579,5,5,5,15,Champions,2,High-Value Loyal
16034,3,437.70000000000005,242,18,United Kingdom,196,332,145.9,True,68.0,1,4,2,7,At Risk,0,Dormant Low-Value
16036,2,758.9200000000001,716,55,United Kingdom,87,263,379.46000000000004,True,176.0,2,3,3,8,Hibernating,1,Lapsing Mid-Value
16037,3,855.02,428,37,United Kingdom,269,358,285.00666666666666,True,44.0,1,4,3,8,At Risk,1,Lapsing Mid-Value
16038,3,471.78,244,24,United Kingdom,7,201,157.26,True,96.5,5,4,2,11,Champions,3,Active Mid-Value
16040,3,1313.55,684,57,United Kingdom,65,268,437.84999999999997,True,101.0,3,4,4,11,Loyal,1,Lapsing Mid-Value
16041,3,3166.4,1584,6,United Kingdom,30,141,1055.4666666666667,True,55.0,4,4,5,13,Champions,1,Lapsing Mid-Value
16042,5,1177.47,743,68,United Kingdom,22,332,235.494,True,77.25,4,4,4,12,Champions,1,Lapsing Mid-Value
16043,4,773.99,503,30,United Kingdom,37,317,193.4975,True,93.0,3,4,3,10,Loyal,1,Lapsing Mid-Value
16045,4,1340.7,897,71,United Kingdom,119,290,335.175,True,56.333333333333336,2,4,4,10,At Risk,1,Lapsing Mid-Value
16048,2,256.44,144,8,United Kingdom,373,373,128.22,True,0.0,1,3,2,6,Hibernating,0,Dormant Low-Value
16049,3,1074.81,763,248,United Kingdom,40,75,358.27,True,17.0,3,4,4,11,Loyal,1,Lapsing Mid-Value
16050,1,137.9,278,10,United Kingdom,173,173,137.9,False,,2,2,1,5,Lost,0,Dormant Low-Value
16052,1,362.06,282,34,United Kingdom,54,54,362.06,False,,3,2,2,7,Needs Attention,0,Dormant Low-Value
16053,2,1511.95,1793,81,United Kingdom,32,122,755.975,True,89.0,4,3,4,11,Loyal,1,Lapsing Mid-Value
16054,1,783.9,380,70,United Kingdom,145,145,783.9,False,,2,2,3,7,Lost,0,Dormant Low-Value
16055,1,134.8,22,8,United Kingdom,220,220,134.8,False,,1,2,1,4,Lost,0,Dormant Low-Value
16056,1,650.75,345,66,United Kingdom,45,45,650.75,False,,3,2,3,8,Needs Attention,3,Active Mid-Value
16057,7,2263.12,863,109,United Kingdom,16,284,323.30285714285714,True,44.666666666666664,4,5,5,14,Champions,2,High-Value Loyal
16059,6,1453.16,641,126,United Kingdom,65,367,242.19333333333336,True,59.8,3,5,4,12,Loyal,1,Lapsing Mid-Value
16062,4,1153.62,800,50,United Kingdom,9,364,288.405,True,117.66666666666667,5,4,4,13,Champions,3,Active Mid-Value
16063,1,335.32,262,23,United Kingdom,260,260,335.32,False,,1,2,2,5,Lost,0,Dormant Low-Value
16065,1,367.14,228,71,United Kingdom,365,365,367.14,False,,1,2,2,5,Lost,0,Dormant Low-Value
16066,5,1521.04,935,77,United Kingdom,16,124,304.20799999999997,True,26.5,4,4,4,12,Champions,1,Lapsing Mid-Value
16070,2,852.15,457,32,United Kingdom,22,32,426.075,True,9.0,4,3,3,10,Loyal,3,Active Mid-Value
16071,1,326.24,180,21,United Kingdom,44,44,326.24,False,,3,2,2,7,Needs Attention,0,Dormant Low-Value
16072,1,584.3199999999999,140,23,United Kingdom,288,288,584.3199999999999,False,,1,2,3,6,Lost,0,Dormant Low-Value
16073,1,122.4,48,1,United Kingdom,297,297,122.4,False,,1,2,1,4,Lost,0,Dormant Low-Value
16076,10,2234.73,1435,71,United Kingdom,3,208,223.473,True,22.333333333333332,5,5,5,15,Champions,2,High-Value Loyal
16078,1,79.2,16,1,United Kingdom,283,283,79.2,False,,1,2,1,4,Lost,0,Dormant Low-Value
16079,3,1352.0,864,18,United Kingdom,16,40,450.6666666666667,True,11.5,4,4,4,12,Champions,1,Lapsing Mid-Value
16080,2,217.16,128,10,United Kingdom,81,274,108.58,True,192.0,2,3,1,6,Hibernating,0,Dormant Low-Value
16081,5,2799.42,1473,175,United Kingdom,56,366,559.884,True,77.0,3,4,5,12,Loyal,1,Lapsing Mid-Value
16083,2,1317.62,908,31,United Kingdom,100,360,658.81,True,259.0,2,3,4,9,Hibernating,1,Lapsing Mid-Value
16084,1,436.18,216,38,United Kingdom,299,299,436.18,False,,1,2,2,5,Lost,0,Dormant Low-Value
16085,5,981.51,636,123,United Kingdom,23,320,196.302,True,74.0,4,4,4,12,Champions,1,Lapsing Mid-Value
16086,5,1121.39,511,24,United Kingdom,59,367,224.27800000000002,True,76.25,3,4,4,11,Loyal,1,Lapsing Mid-Value
16091,2,315.06,154,16,United Kingdom,154,198,157.53,True,43.0,2,3,2,7,Hibernating,0,Dormant Low-Value
16092,3,817.86,628,37,United Kingdom,114,254,272.62,True,69.0,2,4,3,9,At Risk,1,Lapsing Mid-Value
16093,1,17.0,20,1,United Kingdom,106,106,17.0,False,,2,2,1,5,Lost,0,Dormant Low-Value
16094,4,1078.23,647,48,United Kingdom,11,219,269.5575,True,69.0,5,4,4,13,Champions,3,Active Mid-Value
16096,1,320.62,155,12,United Kingdom,264,264,320.62,False,,1,2,2,5,Lost,0,Dormant Low-Value
16097,1,185.04999999999998,87,10,United Kingdom,240,240,185.04999999999998,False,,1,2,1,4,Lost,0,Dormant Low-Value
16098,7,2005.63,613,34,United Kingdom,87,373,286.5185714285714,True,47.0,2,5,4,11,At Risk,1,Lapsing Mid-Value
16099,3,731.9,434,29,United Kingdom,50,225,243.96666666666667,True,87.5,3,4,3,10,Loyal,1,Lapsing Mid-Value
16101,1,1290.7,757,76,United Kingdom,70,70,1290.7,False,,3,2,4,9,Needs Attention,1,Lapsing Mid-Value
16102,3,1842.14,942,41,United Kingdom,42,128,614.0466666666667,True,42.5,3,4,4,11,Loyal,1,Lapsing Mid-Value
16103,6,1429.64,558,30,United Kingdom,7,233,238.27333333333334,True,44.8,5,5,4,14,Champions,2,High-Value Loyal
16104,1,298.21,122,28,United Kingdom,61,61,298.21,False,,3,2,2,7,Needs Attention,0,Dormant Low-Value
16105,1,336.96,330,13,United Kingdom,248,248,336.96,False,,1,2,2,5,Lost,0,Dormant Low-Value
16106,1,108.38,74,6,United Kingdom,65,65,108.38,False,,3,2,1,6,Needs Attention,0,Dormant Low-Value
16107,7,3204.1600000000003,1176,16,United Kingdom,17,183,457.7371428571429,True,27.0,4,5,5,14,Champions,2,High-Value Loyal
16108,1,842.5,615,48,United Kingdom,84,84,842.5,False,,2,2,3,7,Lost,0,Dormant Low-Value
16109,2,611.88,612,18,United Kingdom,218,308,305.94,True,89.0,1,3,3,7,Hibernating,0,Dormant Low-Value
16110,3,1320.95,720,283,United Kingdom,45,311,440.31666666666666,True,132.5,3,4,4,11,Loyal,1,Lapsing Mid-Value
16112,4,195.74,574,15,United Kingdom,143,338,48.935,True,64.33333333333333,2,4,1,7,At Risk,0,Dormant Low-Value
16113,1,161.38,176,30,United Kingdom,183,183,161.38,False,,1,2,1,4,Lost,0,Dormant Low-Value
16114,1,135.75000000000003,43,8,United Kingdom,170,170,135.75000000000003,False,,2,2,1,5,Lost,0,Dormant Low-Value
16115,8,1660.8799999999999,994,169,United Kingdom,9,292,207.60999999999999,True,39.857142857142854,5,5,4,14,Champions,2,High-Value Loyal
16116,1,612.78,248,34,United Kingdom,211,211,612.78,False,,1,2,3,6,Lost,0,Dormant Low-Value
16117,1,232.21,130,30,United Kingdom,189,189,232.21,False,,1,2,1,4,Lost,0,Dormant Low-Value
16119,2,423.36,240,14,United Kingdom,8,72,211.68,True,64.0,5,3,2,10,Loyal,3,Active Mid-Value
16120,4,1309.14,878,26,United Kingdom,59,59,327.285,True,0.0,3,4,4,11,Loyal,1,Lapsing Mid-Value
16121,2,854.66,576,170,United Kingdom,57,215,427.33,True,158.0,3,3,3,9,Loyal,1,Lapsing Mid-Value
16122,4,684.42,1128,26,United Kingdom,73,366,171.105,True,97.0,2,4,3,9,At Risk,1,Lapsing Mid-Value
16123,1,307.78000000000003,170,16,United Kingdom,51,51,307.78000000000003,False,,3,2,2,7,Needs Attention,0,Dormant Low-Value
16124,1,249.0,48,11,United Kingdom,317,317,249.0,False,,1,2,2,5,Lost,0,Dormant Low-Value
16125,1,289.35,124,13,United Kingdom,367,367,289.35,False,,1,2,2,5,Lost,0,Dormant Low-Value
16126,4,6287.77,2125,57,United Kingdom,29,296,1571.9425,True,88.66666666666667,4,4,5,13,Champions,1,Lapsing Mid-Value
16127,1,656.25,323,40,United Kingdom,39,39,656.25,False,,3,2,3,8,Needs Attention,3,Active Mid-Value
16128,5,1880.22,988,76,United Kingdom,17,282,376.044,True,65.75,4,4,4,12,Champions,1,Lapsing Mid-Value
16131,6,3506.54,1802,55,United Kingdom,51,239,584.4233333333333,True,37.2,3,5,5,13,Loyal,1,Lapsing Mid-Value
16133,33,14589.04,8887,219,United Kingdom,3,318,442.09212121212124,True,9.375,5,5,5,15,Champions,2,High-Value Loyal
16134,2,618.09,371,34,United Kingdom,21,359,309.045,True,337.0,4,3,3,10,Loyal,3,Active Mid-Value
16135,1,517.55,209,21,United Kingdom,262,262,517.55,False,,1,2,3,6,Lost,0,Dormant Low-Value
16136,3,709.38,440,35,United Kingdom,59,277,236.46,True,108.5,3,4,3,10,Loyal,1,Lapsing Mid-Value
16139,3,635.4100000000001,330,25,United Kingdom,18,206,211.80333333333337,True,93.5,4,4,3,11,Champions,3,Active Mid-Value
16140,2,725.1800000000001,730,32,United Kingdom,65,371,362.59000000000003,True,305.0,3,3,3,9,Loyal,1,Lapsing Mid-Value
16141,1,620.4,238,30,United Kingdom,88,88,620.4,False,,2,2,3,7,Lost,0,Dormant Low-Value
16142,1,535.34,422,37,United Kingdom,249,249,535.34,False,,1,2,3,6,Lost,0,Dormant Low-Value
16143,6,2424.94,919,75,United Kingdom,3,369,404.1566666666667,True,72.6,5,5,5,15,Champions,2,High-Value Loyal
16144,1,175.2,16,1,United Kingdom,246,246,175.2,False,,1,2,1,4,Lost,0,Dormant Low-Value
16145,11,3799.4900000000002,3123,134,United Kingdom,8,359,345.40818181818184,True,34.8,5,5,5,15,Champions,2,High-Value Loyal
16146,3,734.13,427,26,United Kingdom,157,232,244.71,True,37.0,2,4,3,9,At Risk,1,Lapsing Mid-Value
16147,1,375.0,246,22,United Kingdom,133,133,375.0,False,,2,2,2,6,Lost,0,Dormant Low-Value
16148,1,76.32000000000001,72,1,United Kingdom,296,296,76.32000000000001,False,,1,2,1,4,Lost,0,Dormant Low-Value
16149,2,280.52,308,18,United Kingdom,4,142,140.26,True,137.0,5,3,2,10,Loyal,3,Active Mid-Value
16150,5,2053.02,1047,91,United Kingdom,42,372,410.604,True,82.0,3,4,5,12,Loyal,1,Lapsing Mid-Value
16152,1,1829.04,642,29,United Kingdom,268,268,1829.04,False,,1,2,4,7,Lost,0,Dormant Low-Value
16153,5,1824.23,1073,78,United Kingdom,49,354,364.846,True,76.0,3,4,4,11,Loyal,1,Lapsing Mid-Value
16156,9,3092.04,1273,108,United Kingdom,8,310,343.56,True,37.125,5,5,5,15,Champions,2,High-Value Loyal
16157,3,656.69,347,12,United Kingdom,15,72,218.89666666666668,True,28.0,4,4,3,11,Champions,3,Active Mid-Value
16159,1,348.2,236,14,United Kingdom,281,281,348.2,False,,1,2,2,5,Lost,0,Dormant Low-Value
16160,2,1025.44,1162,20,United Kingdom,65,85,512.72,True,20.0,3,3,4,10,Loyal,1,Lapsing Mid-Value
16161,19,5533.67,2583,286,United Kingdom,1,368,291.2457894736842,True,19.833333333333332,5,5,5,15,Champions,2,High-Value Loyal
16162,1,37.4,4,2,United Kingdom,252,252,37.4,False,,1,2,1,4,Lost,0,Dormant Low-Value
16163,2,856.6,192,5,United Kingdom,232,365,428.3,True,132.0,1,3,3,7,Hibernating,0,Dormant Low-Value
16164,3,822.48,433,27,United Kingdom,17,42,274.16,True,12.5,4,4,3,11,Champions,3,Active Mid-Value
16168,27,3787.6,1892,57,United Kingdom,10,369,140.28148148148148,True,13.384615384615385,5,5,5,15,Champions,2,High-Value Loyal
16169,4,1822.97,1325,71,United Kingdom,8,75,455.7425,True,22.333333333333332,5,4,4,13,Champions,1,Lapsing Mid-Value
16170,6,1885.05,1770,106,United Kingdom,50,248,314.175,True,38.8,3,5,4,12,Loyal,1,Lapsing Mid-Value
16171,1,73.19999999999999,24,3,United Kingdom,59,59,73.19999999999999,False,,3,2,1,6,Needs Attention,0,Dormant Low-Value
16172,5,1140.21,787,52,United Kingdom,95,241,228.042,True,36.0,2,4,4,10,At Risk,1,Lapsing Mid-Value
16173,6,1418.32,575,70,United Kingdom,15,98,236.38666666666666,True,16.0,4,5,4,13,Champions,1,Lapsing Mid-Value
16174,3,1009.55,651,19,United Kingdom,126,151,336.51666666666665,True,12.0,2,4,4,10,At Risk,1,Lapsing Mid-Value
16175,4,1037.5900000000001,533,45,United Kingdom,94,240,259.39750000000004,True,48.0,2,4,4,10,At Risk,1,Lapsing Mid-Value
16177,1,331.95,95,15,United Kingdom,50,50,331.95,False,,3,2,2,7,Needs Attention,0,Dormant Low-Value
16178,1,197.9,94,8,United Kingdom,138,138,197.9,False,,2,2,1,5,Lost,0,Dormant Low-Value
16179,1,215.83,99,11,United Kingdom,60,60,215.83,False,,3,2,1,6,Needs Attention,0,Dormant Low-Value
16180,8,10254.18,5867,90,United Kingdom,100,252,1281.7725,True,21.428571428571427,2,5,5,12,At Risk,1,Lapsing Mid-Value
16181,1,305.54,152,11,United Kingdom,73,73,305.54,False,,2,2,2,6,Lost,0,Dormant Low-Value
16182,4,6617.65,3791,17,United Kingdom,72,294,1654.4125,True,73.66666666666667,2,4,5,11,At Risk,1,Lapsing Mid-Value
16183,1,338.71000000000004,113,15,United Kingdom,67,67,338.71000000000004,False,,3,2,2,7,Needs Attention,0,Dormant Low-Value
16184,6,1158.79,561,26,United Kingdom,64,211,193.13166666666666,True,29.0,3,5,4,12,Loyal,1,Lapsing Mid-Value
16185,2,529.41,260,31,United Kingdom,16,232,264.705,True,215.0,4,3,3,10,Loyal,3,Active Mid-Value
16186,12,4006.94,3020,87,United Kingdom,22,372,333.9116666666667,True,31.363636363636363,4,5,5,14,Champions,2,High-Value Loyal
16187,15,6911.4400000000005,5048,160,United Kingdom,31,284,460.7626666666667,True,17.5,4,5,5,14,Champions,2,High-Value Loyal
16188,4,981.86,782,65,United Kingdom,44,242,245.465,True,65.66666666666667,3,4,4,11,Loyal,1,Lapsing Mid-Value
16189,2,215.48,134,9,United Kingdom,15,85,107.74,True,69.0,4,3,1,8,Loyal,3,Active Mid-Value
16190,1,215.08,88,6,United Kingdom,40,40,215.08,False,,3,2,1,6,Needs Attention,0,Dormant Low-Value
16191,13,5180.52,3351,65,United Kingdom,2,360,398.5015384615385,True,29.416666666666668,5,5,5,15,Champions,2,High-Value Loyal
16193,1,314.45,219,19,United Kingdom,236,236,314.45,False,,1,2,2,5,Lost,0,Dormant Low-Value
16198,1,400.68100000000004,129,15,United Kingdom,75,75,400.68100000000004,False,,2,2,2,6,Lost,0,Dormant Low-Value
16200,2,1068.8700000000001,516,149,United Kingdom,4,164,534.4350000000001,True,159.0,5,3,4,12,Loyal,3,Active Mid-Value
16201,4,1863.47,1286,74,United Kingdom,3,109,465.8675,True,35.0,5,4,4,13,Champions,2,High-Value Loyal
16202,1,365.27,191,18,United Kingdom,360,360,365.27,False,,1,2,2,5,Lost,0,Dormant Low-Value
16203,4,592.9,262,27,United Kingdom,58,372,148.225,True,103.66666666666667,3,4,3,10,Loyal,1,Lapsing Mid-Value
16204,1,384.18,218,45,United Kingdom,23,23,384.18,False,,4,2,2,8,New / Promising,3,Active Mid-Value
16205,4,751.03,512,72,United Kingdom,30,179,187.7575,True,49.333333333333336,4,4,3,11,Champions,1,Lapsing Mid-Value
16206,4,537.0600000000001,272,52,United Kingdom,54,327,134.26500000000001,True,90.0,3,4,3,10,Loyal,1,Lapsing Mid-Value
16207,1,394.38,140,19,United Kingdom,25,25,394.38,False,,4,2,2,8,New / Promising,3,Active Mid-Value
16208,2,664.26,333,61,United Kingdom,44,289,332.13,True,244.0,3,3,3,9,Loyal,1,Lapsing Mid-Value
16209,5,2262.62,1179,37,United Kingdom,88,246,452.524,True,39.0,2,4,5,11,At Risk,1,Lapsing Mid-Value
16210,17,21076.3,7558,73,United Kingdom,1,373,1239.7823529411764,True,22.75,5,5,5,15,Champions,2,High-Value Loyal
16211,1,547.02,154,23,United Kingdom,88,88,547.02,False,,2,2,3,7,Lost,0,Dormant Low-Value
16212,2,690.34,244,40,United Kingdom,19,283,345.17,True,264.0,4,3,3,10,Loyal,3,Active Mid-Value
16213,1,159.0,48,6,United Kingdom,78,78,159.0,False,,2,2,1,5,Lost,0,Dormant Low-Value
16214,3,1062.75,420,36,United Kingdom,170,269,354.25,True,49.0,2,4,4,10,At Risk,1,Lapsing Mid-Value
16215,1,242.35,104,14,United Kingdom,80,80,242.35,False,,2,2,1,5,Lost,0,Dormant Low-Value
16216,1,914.9300000000001,254,37,United Kingdom,267,267,914.9300000000001,False,,1,2,3,6,Lost,0,Dormant Low-Value
16217,2,304.25,91,13,United Kingdom,235,282,152.125,True,46.0,1,3,2,6,Hibernating,0,Dormant Low-Value
16218,7,3084.68,2088,56,United Kingdom,29,373,440.6685714285714,True,57.0,4,5,5,14,Champions,1,Lapsing Mid-Value
16221,3,860.86,714,90,United Kingdom,36,367,286.9533333333333,True,165.0,3,4,3,10,Loyal,1,Lapsing Mid-Value
16222,1,773.55,325,120,United Kingdom,318,318,773.55,False,,1,2,3,6,Lost,0,Dormant Low-Value
16224,4,1295.3,1116,90,United Kingdom,57,249,323.825,True,63.666666666666664,3,4,4,11,Loyal,1,Lapsing Mid-Value
16225,5,1096.32,493,109,United Kingdom,44,277,219.26399999999998,True,57.5,3,4,4,11,Loyal,1,Lapsing Mid-Value
16226,3,255.12,192,6,United Kingdom,203,235,85.04,True,15.5,1,4,2,7,At Risk,0,Dormant Low-Value
16227,1,314.22,90,6,United Kingdom,225,225,314.22,False,,1,2,2,5,Lost,0,Dormant Low-Value
16229,2,1010.6,318,46,United Kingdom,87,212,505.3,True,125.0,2,3,4,9,Hibernating,1,Lapsing Mid-Value
16230,2,542.03,365,32,United Kingdom,189,220,271.015,True,30.0,1,3,3,7,Hibernating,0,Dormant Low-Value
16232,4,990.88,550,24,United Kingdom,43,215,247.72,True,56.666666666666664,3,4,4,11,Loyal,1,Lapsing Mid-Value
16233,3,536.6800000000001,174,22,United Kingdom,71,366,178.89333333333335,True,147.0,3,4,3,10,Loyal,1,Lapsing Mid-Value
16235,4,857.3100000000001,329,41,United Kingdom,40,332,214.32750000000001,True,96.66666666666667,3,4,3,10,Loyal,1,Lapsing Mid-Value
16236,1,432.2,184,20,United Kingdom,78,78,432.2,False,,2,2,2,6,Lost,0,Dormant Low-Value
16239,2,414.2,228,18,United Kingdom,56,189,207.1,True,132.0,3,3,2,8,Loyal,0,Dormant Low-Value
16240,2,3718.8,1641,126,United Kingdom,24,77,1859.4,True,53.0,4,3,5,12,Loyal,1,Lapsing Mid-Value
16241,13,2590.31,1443,347,United Kingdom,9,369,199.2546153846154,True,29.666666666666668,5,5,5,15,Champions,2,High-Value Loyal
16242,7,3579.86,1969,184,United Kingdom,8,277,511.40857142857146,True,44.333333333333336,5,5,5,15,Champions,2,High-Value Loyal
16243,2,409.1,110,49,United Kingdom,33,54,204.55,True,21.0,3,3,2,8,Loyal,3,Active Mid-Value
16244,2,1522.75,855,88,United Kingdom,211,372,761.375,True,160.0,1,3,4,8,Hibernating,1,Lapsing Mid-Value
16245,3,1413.66,1014,80,United Kingdom,23,256,471.22,True,116.5,4,4,4,12,Champions,1,Lapsing Mid-Value
16247,1,114.56,182,16,United Kingdom,170,170,114.56,False,,2,2,1,5,Lost,0,Dormant Low-Value
16248,1,152.94,78,7,United Kingdom,61,61,152.94,False,,3,2,1,6,Needs Attention,0,Dormant Low-Value
16249,5,1800.07,950,67,United Kingdom,52,239,360.014,True,46.0,3,4,4,11,Loyal,1,Lapsing Mid-Value
16250,2,389.44,208,22,United Kingdom,261,373,194.72,True,112.0,1,3,2,6,Hibernating,0,Dormant Low-Value
16253,2,3683.86,3233,114,United Kingdom,66,255,1841.93,True,188.0,3,3,5,11,Loyal,1,Lapsing Mid-Value
16255,8,2619.91,1767,146,United Kingdom,16,365,327.48875,True,49.142857142857146,4,5,5,14,Champions,2,High-Value Loyal
16256,1,752.4300000000001,581,13,United Kingdom,266,266,752.4300000000001,False,,1,2,3,6,Lost,0,Dormant Low-Value
16257,1,21.95,1,1,United Kingdom,176,176,21.95,False,,2,2,1,5,Lost,0,Dormant Low-Value
16258,5,5203.51,2994,111,United Kingdom,45,219,1040.702,True,43.0,3,4,5,12,Loyal,1,Lapsing Mid-Value
16260,1,1035.45,311,18,United Kingdom,50,50,1035.45,False,,3,2,4,9,Needs Attention,1,Lapsing Mid-Value
16261,4,728.54,301,98,United Kingdom,17,246,182.135,True,75.66666666666667,4,4,3,11,Champions,3,Active Mid-Value
16265,9,5347.0,2644,163,United Kingdom,9,364,594.1111111111111,True,44.25,5,5,5,15,Champions,2,High-Value Loyal
16266,7,861.89,398,44,United Kingdom,73,206,123.12714285714286,True,21.666666666666668,2,5,3,10,At Risk,1,Lapsing Mid-Value
16268,2,617.65,532,44,United Kingdom,71,71,308.825,True,0.0,3,3,3,9,Loyal,0,Dormant Low-Value
16270,1,1141.24,688,54,United Kingdom,353,353,1141.24,False,,1,2,4,7,Lost,0,Dormant Low-Value
16271,4,1389.64,1023,88,United Kingdom,15,358,347.41,True,113.66666666666667,4,4,4,12,Champions,1,Lapsing Mid-Value
16272,1,411.7,224,25,United Kingdom,116,116,411.7,False,,2,2,2,6,Lost,0,Dormant Low-Value
16274,1,331.55,151,63,United Kingdom,373,373,331.55,False,,1,2,2,5,Lost,0,Dormant Low-Value
16275,1,559.87,336,33,United Kingdom,196,196,559.87,False,,1,2,3,6,Lost,0,Dormant Low-Value
16276,1,810.6,420,6,United Kingdom,176,176,810.6,False,,2,2,3,7,Lost,0,Dormant Low-Value
16278,1,566.38,114,23,United Kingdom,100,100,566.38,False,,2,2,3,7,Lost,0,Dormant Low-Value
16279,3,1502.78,1046,102,United Kingdom,21,176,500.9266666666667,True,77.0,4,4,4,12,Champions,1,Lapsing Mid-Value
16281,1,2062.06,934,17,United Kingdom,72,72,2062.06,False,,2,2,5,9,Lost,1,Lapsing Mid-Value
16282,1,168.3,114,11,United Kingdom,339,339,168.3,False,,1,2,1,4,Lost,0,Dormant Low-Value
16283,5,1569.11,1234,116,United Kingdom,5,208,313.822,True,50.0,5,4,4,13,Champions,2,High-Value Loyal
16284,2,812.68,535,87,United Kingdom,31,50,406.34,True,19.0,4,3,3,10,Loyal,3,Active Mid-Value
16287,1,142.5,298,8,United Kingdom,169,169,142.5,False,,2,2,1,5,Lost,0,Dormant Low-Value
16292,1,302.25,191,17,United Kingdom,121,121,302.25,False,,2,2,2,6,Lost,0,Dormant Low-Value
16293,10,2248.9900000000002,982,102,United Kingdom,21,367,224.89900000000003,True,38.111111111111114,4,5,5,14,Champions,2,High-Value Loyal
16295,4,1328.55,841,70,United Kingdom,9,64,332.1375,True,18.0,5,4,4,13,Champions,3,Active Mid-Value
16297,1,301.9,206,20,United Kingdom,268,268,301.9,False,,1,2,2,5,Lost,0,Dormant Low-Value
16298,3,598.2,198,22,United Kingdom,22,186,199.4,True,81.5,4,4,3,11,Champions,3,Active Mid-Value
16302,1,233.22,158,11,United Kingdom,126,126,233.22,False,,2,2,1,5,Lost,0,Dormant Low-Value
16303,3,5360.63,2659,119,United Kingdom,25,333,1786.8766666666668,True,153.0,4,4,5,13,Champions,1,Lapsing Mid-Value
16305,1,361.22,256,22,United Kingdom,138,138,361.22,False,,2,2,2,6,Lost,0,Dormant Low-Value
16306,6,632.27,487,36,United Kingdom,213,367,105.37833333333333,True,30.4,1,5,3,9,At Risk,1,Lapsing Mid-Value
16308,4,2560.0,8000,1,United Kingdom,37,261,640.0,True,74.0,3,4,5,12,Loyal,1,Lapsing Mid-Value
16309,2,706.57,467,39,United Kingdom,106,240,353.285,True,134.0,2,3,3,8,Hibernating,0,Dormant Low-Value
16311,2,616.26,394,35,United Kingdom,17,49,308.13,True,31.0,4,3,3,10,Loyal,3,Active Mid-Value
16313,2,274.15000000000003,165,16,United Kingdom,3,49,137.07500000000002,True,46.0,5,3,2,10,Loyal,3,Active Mid-Value
16315,1,226.37,75,14,United Kingdom,330,330,226.37,False,,1,2,1,4,Lost,0,Dormant Low-Value
16316,8,2938.91,1484,120,United Kingdom,64,358,367.36375,True,41.57142857142857,3,5,5,13,Loyal,1,Lapsing Mid-Value
16317,3,1341.65,890,64,United Kingdom,119,297,447.2166666666667,True,88.5,2,4,4,10,At Risk,1,Lapsing Mid-Value
16318,1,328.15000000000003,199,19,United Kingdom,35,35,328.15000000000003,False,,3,2,2,7,Needs Attention,3,Active Mid-Value
16319,1,404.40000000000003,72,3,United Kingdom,217,217,404.40000000000003,False,,1,2,2,5,Lost,0,Dormant Low-Value
16320,2,1038.46,732,56,Unspecified,172,213,519.23,True,40.0,2,3,4,9,Hibernating,1,Lapsing Mid-Value
16321,5,373.65000000000003,135,7,Australia,72,323,74.73,True,62.5,2,4,2,8,At Risk,1,Lapsing Mid-Value
16322,2,326.75,231,28,United Kingdom,1,36,163.375,True,35.0,5,3,2,10,Loyal,3,Active Mid-Value
16323,1,207.50000000000003,50,1,United Kingdom,196,196,207.50000000000003,False,,1,2,1,4,Lost,0,Dormant Low-Value
16324,3,408.59000000000003,270,100,United Kingdom,128,177,136.1966666666667,True,24.0,2,4,2,8,At Risk,0,Dormant Low-Value
16325,3,594.24,194,14,United Kingdom,46,245,198.08,True,99.0,3,4,3,10,Loyal,1,Lapsing Mid-Value
16326,14,3039.2200000000003,682,158,United Kingdom,5,334,217.08714285714288,True,24.923076923076923,5,5,5,15,Champions,2,High-Value Loyal
16327,6,3789.67,2524,141,United Kingdom,14,369,631.6116666666667,True,70.4,5,5,5,15,Champions,2,High-Value Loyal
16330,3,251.91,147,39,United Kingdom,17,112,83.97,True,47.0,4,4,2,10,Champions,3,Active Mid-Value
16332,7,1582.8,797,125,United Kingdom,28,305,226.1142857142857,True,45.5,4,5,4,13,Champions,1,Lapsing Mid-Value
16333,22,26626.8,32184,9,United Kingdom,7,309,1210.3090909090909,True,14.047619047619047,5,5,5,15,Champions,2,High-Value Loyal
16337,1,151.05,87,10,United Kingdom,36,36,151.05,False,,3,2,1,6,Needs Attention,0,Dormant Low-Value
16338,1,214.8,94,11,United Kingdom,157,157,214.8,False,,2,2,1,5,Lost,0,Dormant Low-Value
16339,1,94.05,21,17,United Kingdom,284,284,94.05,False,,1,2,1,4,Lost,0,Dormant Low-Value
16340,1,534.31,486,124,United Kingdom,107,107,534.31,False,,2,2,3,7,Lost,0,Dormant Low-Value
16341,4,1971.8700000000001,1398,60,United Kingdom,24,201,492.96750000000003,True,58.333333333333336,4,4,4,12,Champions,1,Lapsing Mid-Value
16342,4,322.41,157,10,United Kingdom,75,179,80.6025,True,34.333333333333336,2,4,2,8,At Risk,1,Lapsing Mid-Value
16343,2,328.58,175,29,United Kingdom,16,16,164.29,True,0.0,4,3,2,9,Loyal,3,Active Mid-Value
16344,1,101.10000000000001,18,1,United Kingdom,158,158,101.10000000000001,False,,2,2,1,5,Lost,0,Dormant Low-Value
16345,1,565.46,288,35,United Kingdom,44,44,565.46,False,,3,2,3,8,Needs Attention,0,Dormant Low-Value
16347,2,847.45,341,61,United Kingdom,11,36,423.725,True,25.0,5,3,3,11,Loyal,3,Active Mid-Value
16348,7,1413.31,799,156,United Kingdom,32,240,201.90142857142857,True,34.166666666666664,4,5,4,13,Champions,1,Lapsing Mid-Value
16349,1,53.5,9,9,United Kingdom,290,290,53.5,False,,1,2,1,4,Lost,0,Dormant Low-Value
16350,4,1116.47,545,40,United Kingdom,21,333,279.1175,True,103.66666666666667,4,4,4,12,Champions,1,Lapsing Mid-Value
16351,1,153.9,90,8,United Kingdom,332,332,153.9,False,,1,2,1,4,Lost,0,Dormant Low-Value
16352,2,494.44,300,28,United Kingdom,17,37,247.22,True,20.0,4,3,3,10,Loyal,3,Active Mid-Value
16353,23,6675.71,2006,51,United Kingdom,3,369,290.24826086956523,True,16.227272727272727,5,5,5,15,Champions,2,High-Value Loyal
16354,2,395.8,150,38,United Kingdom,63,73,197.9,True,9.0,3,3,2,8,Loyal,0,Dormant Low-Value
16356,3,211.77,93,20,United Kingdom,197,277,70.59,True,39.0,1,4,1,6,At Risk,0,Dormant Low-Value
16357,3,658.88,246,31,United Kingdom,33,213,219.62666666666667,True,89.5,3,4,3,10,Loyal,1,Lapsing Mid-Value
16358,4,2027.5,1302,82,United Kingdom,1,184,506.875,True,60.333333333333336,5,4,5,14,Champions,2,High-Value Loyal
16359,9,1750.92,1183,39,United Kingdom,7,331,194.54666666666668,True,40.25,5,5,4,14,Champions,2,High-Value Loyal
16360,6,3450.41,2110,365,United Kingdom,4,88,575.0683333333333,True,16.2,5,5,5,15,Champions,2,High-Value Loyal
16361,4,891.21,418,87,United Kingdom,9,71,222.8025,True,20.333333333333332,5,4,3,12,Champions,3,Active Mid-Value
16362,5,709.99,340,58,United Kingdom,32,91,141.998,True,14.25,4,4,3,11,Champions,1,Lapsing Mid-Value
16363,1,109.36000000000001,52,5,United Kingdom,53,53,109.36000000000001,False,,3,2,1,6,Needs Attention,0,Dormant Low-Value
16364,2,705.79,279,48,United Kingdom,11,137,352.895,True,125.0,5,3,3,11,Loyal,3,Active Mid-Value
16365,9,1540.42,504,45,United Kingdom,17,367,171.1577777777778,True,43.125,4,5,4,13,Champions,2,High-Value Loyal
16366,1,327.3,256,18,United Kingdom,18,18,327.3,False,,4,2,2,8,New / Promising,3,Active Mid-Value
16367,2,800.67,643,123,United Kingdom,37,362,400.335,True,325.0,3,3,3,9,Loyal,1,Lapsing Mid-Value
16368,2,479.91,251,58,United Kingdom,2,28,239.955,True,25.0,5,3,2,10,Loyal,3,Active Mid-Value
16369,3,1543.33,1026,90,United Kingdom,18,196,514.4433333333333,True,89.0,4,4,4,12,Champions,1,Lapsing Mid-Value
16370,4,1301.91,640,143,United Kingdom,82,225,325.4775,True,47.333333333333336,2,4,4,10,At Risk,1,Lapsing Mid-Value
16372,2,355.73,158,86,United Kingdom,33,33,177.865,True,0.0,3,3,2,8,Loyal,3,Active Mid-Value
16374,2,458.78,236,100,United Kingdom,66,262,229.39,True,196.0,3,3,2,8,Loyal,0,Dormant Low-Value
16376,2,974.96,691,104,United Kingdom,8,17,487.48,True,8.0,5,3,4,12,Loyal,3,Active Mid-Value
16377,1,676.2,1500,5,United Kingdom,267,267,676.2,False,,1,2,3,6,Lost,0,Dormant Low-Value
16378,3,362.95,267,22,United Kingdom,247,310,120.98333333333333,True,31.0,1,4,2,7,At Risk,0,Dormant Low-Value
16379,4,2157.4,1410,87,United Kingdom,4,78,539.35,True,24.666666666666668,5,4,5,14,Champions,2,High-Value Loyal
16380,1,1743.1499999999999,1428,28,United Kingdom,61,61,1743.1499999999999,False,,3,2,4,9,Needs Attention,1,Lapsing Mid-Value
16383,2,643.76,467,80,United Kingdom,74,268,321.88,True,193.0,2,3,3,8,Hibernating,0,Dormant Low-Value
16384,2,584.5,260,33,United Kingdom,89,263,292.25,True,174.0,2,3,3,8,Hibernating,0,Dormant Low-Value
16385,3,554.86,258,52,United Kingdom,60,366,184.95333333333335,True,152.5,3,4,3,10,Loyal,1,Lapsing Mid-Value
16386,2,302.57,205,76,United Kingdom,28,253,151.285,True,225.0,4,3,2,9,Loyal,3,Active Mid-Value
16387,1,94.36,44,4,United Kingdom,322,322,94.36,False,,1,2,1,4,Lost,0,Dormant Low-Value
16389,4,1382.0700000000002,1242,33,United Kingdom,53,283,345.51750000000004,True,76.0,3,4,4,11,Loyal,1,Lapsing Mid-Value
16392,1,217.89000000000001,201,41,United Kingdom,269,269,217.89000000000001,False,,1,2,1,4,Lost,0,Dormant Low-Value
16393,13,3040.96,1573,120,United Kingdom,2,369,233.92000000000002,True,30.0,5,5,5,15,Champions,2,High-Value Loyal
16394,5,1555.34,2604,61,United Kingdom,56,289,311.068,True,57.75,3,4,4,11,Loyal,1,Lapsing Mid-Value
16395,5,1482.06,1472,150,United Kingdom,60,330,296.412,True,67.0,3,4,4,11,Loyal,1,Lapsing Mid-Value
16398,2,1705.8,758,75,United Kingdom,154,253,852.9,True,99.0,2,3,4,9,Hibernating,1,Lapsing Mid-Value
16399,2,406.22,245,67,United Kingdom,19,235,203.11,True,216.0,4,3,2,9,Loyal,3,Active Mid-Value
16400,1,303.93,172,28,United Kingdom,94,94,303.93,False,,2,2,2,6,Lost,0,Dormant Low-Value
16401,12,4098.32,3882,66,United Kingdom,1,327,341.52666666666664,True,29.272727272727273,5,5,5,15,Champions,2,High-Value Loyal
16402,2,293.45,146,55,United Kingdom,264,369,146.725,True,104.0,1,3,2,6,Hibernating,0,Dormant Low-Value
16403,1,177.5,114,10,United Kingdom,312,312,177.5,False,,1,2,1,4,Lost,0,Dormant Low-Value
16404,1,443.05,157,23,United Kingdom,70,70,443.05,False,,3,2,2,7,Needs Attention,0,Dormant Low-Value
16405,2,167.25,187,3,United Kingdom,302,310,83.625,True,7.0,1,3,1,5,Hibernating,0,Dormant Low-Value
16406,1,154.35,116,54,United Kingdom,18,18,154.35,False,,4,2,1,7,New / Promising,3,Active Mid-Value
16407,10,2079.68,1093,99,United Kingdom,12,312,207.968,True,32.888888888888886,5,5,5,15,Champions,2,High-Value Loyal
16409,5,2022.98,1304,145,United Kingdom,36,317,404.596,True,69.75,3,4,5,12,Loyal,1,Lapsing Mid-Value
16411,2,211.7,131,41,United Kingdom,19,369,105.85,True,349.0,4,3,1,8,Loyal,3,Active Mid-Value
16412,1,135.99,63,25,United Kingdom,53,53,135.99,False,,3,2,1,6,Needs Attention,0,Dormant Low-Value
16413,1,262.2,148,30,United Kingdom,56,56,262.2,False,,3,2,2,7,Needs Attention,0,Dormant Low-Value
16414,2,126.25,27,5,United Kingdom,21,280,63.125,True,258.0,4,3,1,8,Loyal,3,Active Mid-Value
16415,1,200.27,178,45,United Kingdom,44,44,200.27,False,,3,2,1,6,Needs Attention,0,Dormant Low-Value
16416,3,1051.4,672,59,United Kingdom,26,56,350.4666666666667,True,14.5,4,4,4,12,Champions,1,Lapsing Mid-Value
16418,3,631.12,280,76,United Kingdom,44,226,210.37333333333333,True,90.5,3,4,3,10,Loyal,1,Lapsing Mid-Value
16419,6,958.71,428,36,United Kingdom,112,311,159.785,True,39.4,2,5,4,11,At Risk,1,Lapsing Mid-Value
16422,51,34684.4,33704,68,United Kingdom,17,369,680.086274509804,True,6.54,4,5,5,14,Champions,2,High-Value Loyal
16423,1,346.12,230,18,United Kingdom,24,24,346.12,False,,4,2,2,8,New / Promising,3,Active Mid-Value
16424,1,133.56,88,5,United Kingdom,191,191,133.56,False,,1,2,1,4,Lost,0,Dormant Low-Value
16425,1,302.7,199,21,United Kingdom,302,302,302.7,False,,1,2,2,5,Lost,0,Dormant Low-Value
16426,10,1863.76,1215,211,United Kingdom,2,276,186.376,True,30.0,5,5,4,14,Champions,2,High-Value Loyal
16427,2,241.06,156,8,United Kingdom,263,284,120.53,True,21.0,1,3,1,5,Hibernating,0,Dormant Low-Value
16429,1,284.55,9,2,United Kingdom,106,106,284.55,False,,2,2,2,6,Lost,0,Dormant Low-Value
16430,1,300.85,103,6,United Kingdom,57,57,300.85,False,,3,2,2,7,Needs Attention,0,Dormant Low-Value
16431,3,623.28,442,51,United Kingdom,213,297,207.76,True,42.0,1,4,3,8,At Risk,0,Dormant Low-Value
16432,1,287.40000000000003,276,8,United Kingdom,64,64,287.40000000000003,False,,3,2,2,7,Needs Attention,0,Dormant Low-Value
16433,1,184.26,106,17,United Kingdom,28,28,184.26,False,,4,2,1,7,New / Promising,3,Active Mid-Value
16434,7,1511.8,760,88,United Kingdom,29,299,215.97142857142856,True,44.333333333333336,4,5,4,13,Champions,1,Lapsing Mid-Value
16438,5,798.35,463,74,United Kingdom,5,82,159.67000000000002,True,18.5,5,4,3,12,Champions,3,Active Mid-Value
16440,5,3640.67,2018,186,United Kingdom,7,214,728.134,True,51.25,5,4,5,14,Champions,2,High-Value Loyal
16441,2,381.2,173,22,United Kingdom,67,291,190.6,True,224.0,3,3,2,8,Loyal,0,Dormant Low-Value
16442,3,609.3,443,161,United Kingdom,1,360,203.1,True,179.0,5,4,3,12,Champions,3,Active Mid-Value
16444,4,654.67,407,68,United Kingdom,46,264,163.6675,True,72.0,3,4,3,10,Loyal,1,Lapsing Mid-Value
16445,1,230.51,111,62,United Kingdom,33,33,230.51,False,,3,2,1,6,Needs Attention,3,Active Mid-Value
16446,1,2.9,2,2,United Kingdom,205,205,2.9,False,,1,2,1,4,Lost,0,Dormant Low-Value
16447,1,255.91,221,34,United Kingdom,135,135,255.91,False,,2,2,2,6,Lost,0,Dormant Low-Value
16448,1,182.99,76,19,United Kingdom,198,198,182.99,False,,1,2,1,4,Lost,0,Dormant Low-Value
16449,2,707.69,367,40,United Kingdom,197,280,353.845,True,82.0,1,3,3,7,Hibernating,0,Dormant Low-Value
16450,1,311.92,200,11,United Kingdom,149,149,311.92,False,,2,2,2,6,Lost,0,Dormant Low-Value
16451,1,266.97,120,14,United Kingdom,87,87,266.97,False,,2,2,2,6,Lost,0,Dormant Low-Value
16454,1,5.9,2,1,United Kingdom,64,64,5.9,False,,3,2,1,6,Needs Attention,0,Dormant Low-Value
16455,7,1841.18,988,69,United Kingdom,63,371,263.0257142857143,True,51.0,3,5,4,12,Loyal,1,Lapsing Mid-Value
16456,5,2158.18,1147,80,United Kingdom,99,373,431.63599999999997,True,68.0,2,4,5,11,At Risk,1,Lapsing Mid-Value
16457,1,208.36,140,9,United Kingdom,218,218,208.36,False,,1,2,1,4,Lost,0,Dormant Low-Value
16458,18,3482.7400000000002,2154,52,United Kingdom,2,360,193.48555555555558,True,20.529411764705884,5,5,5,15,Champions,2,High-Value Loyal
16460,3,811.23,876,128,United Kingdom,28,81,270.41,True,26.5,4,4,3,11,Champions,1,Lapsing Mid-Value
16461,1,142.92,48,31,United Kingdom,177,177,142.92,False,,2,2,1,5,Lost,0,Dormant Low-Value
16462,3,136.0,16,1,United Kingdom,73,283,45.333333333333336,True,104.5,2,4,1,7,At Risk,0,Dormant Low-Value
16463,4,1422.4,1163,74,United Kingdom,21,204,355.6,True,60.333333333333336,4,4,4,12,Champions,1,Lapsing Mid-Value
16464,3,1298.66,952,152,United Kingdom,19,142,432.8866666666667,True,60.5,4,4,4,12,Champions,1,Lapsing Mid-Value
16466,7,1595.96,785,103,United Kingdom,33,292,227.99428571428572,True,42.666666666666664,3,5,4,12,Loyal,1,Lapsing Mid-Value
16468,1,74.9,31,2,United Kingdom,74,74,74.9,False,,2,2,1,5,Lost,0,Dormant Low-Value
16469,4,625.42,260,148,United Kingdom,23,246,156.355,True,74.0,4,4,3,11,Champions,1,Lapsing Mid-Value
16470,4,752.77,522,120,United Kingdom,51,358,188.1925,True,102.0,3,4,3,10,Loyal,1,Lapsing Mid-Value
16471,1,223.95000000000002,141,13,United Kingdom,274,274,223.95000000000002,False,,1,2,1,4,Lost,0,Dormant Low-Value
16473,3,316.11,196,18,United Kingdom,164,336,105.37,True,85.5,2,4,2,8,At Risk,0,Dormant Low-Value
16474,7,1810.49,907,236,United Kingdom,7,145,258.64142857142855,True,22.5,5,5,4,14,Champions,2,High-Value Loyal
16475,4,544.3,319,23,United Kingdom,88,273,136.075,True,61.333333333333336,2,4,3,9,At Risk,1,Lapsing Mid-Value
16477,7,2494.46,1415,111,United Kingdom,63,371,356.3514285714286,True,50.833333333333336,3,5,5,13,Loyal,1,Lapsing Mid-Value
16478,3,331.0,224,15,United Kingdom,25,65,110.33333333333333,True,19.5,4,4,2,10,Champions,3,Active Mid-Value
16479,2,300.83,102,35,United Kingdom,10,10,150.415,True,0.0,5,3,2,10,Loyal,3,Active Mid-Value
16480,1,769.29,455,51,United Kingdom,75,75,769.29,False,,2,2,3,7,Lost,0,Dormant Low-Value
16482,1,220.62,346,18,United Kingdom,15,15,220.62,False,,4,2,1,7,New / Promising,3,Active Mid-Value
16483,1,139.35,44,19,United Kingdom,192,192,139.35,False,,1,2,1,4,Lost,0,Dormant Low-Value
16484,2,404.3,200,25,United Kingdom,173,190,202.15,True,17.0,2,3,2,7,Hibernating,0,Dormant Low-Value
16485,1,363.65,235,41,United Kingdom,77,77,363.65,False,,2,2,2,6,Lost,0,Dormant Low-Value
16488,3,498.8,728,28,United Kingdom,33,148,166.26666666666668,True,57.0,3,4,3,10,Loyal,3,Active Mid-Value
16491,1,731.5,478,39,United Kingdom,46,46,731.5,False,,3,2,3,8,Needs Attention,3,Active Mid-Value
16493,4,1351.63,1164,40,United Kingdom,79,329,337.9075,True,82.66666666666667,2,4,4,10,At Risk,1,Lapsing Mid-Value
16494,1,826.53,675,47,United Kingdom,296,296,826.53,False,,1,2,3,6,Lost,0,Dormant Low-Value
16495,3,648.26,328,78,United Kingdom,3,276,216.08666666666667,True,136.0,5,4,3,12,Champions,3,Active Mid-Value
16496,3,1599.52,1111,92,United Kingdom,8,316,533.1733333333333,True,153.5,5,4,4,13,Champions,3,Active Mid-Value
16497,6,2965.69,1396,128,United Kingdom,49,333,494.2816666666667,True,56.4,3,5,5,13,Loyal,1,Lapsing Mid-Value
16498,2,100.97,45,15,United Kingdom,161,162,50.485,True,0.0,2,3,1,6,Hibernating,0,Dormant Low-Value
16499,2,365.45,127,18,United Kingdom,360,364,182.725,True,4.0,1,3,2,6,Hibernating,0,Dormant Low-Value
16500,6,400.86,123,8,United Kingdom,4,330,66.81,True,64.8,5,5,2,12,Champions,3,Active Mid-Value
16503,4,1431.93,569,71,United Kingdom,106,360,357.9825,True,84.0,2,4,4,10,At Risk,1,Lapsing Mid-Value
16504,1,465.88,510,76,United Kingdom,25,25,465.88,False,,4,2,2,8,New / Promising,3,Active Mid-Value
16505,1,777.6,576,4,United Kingdom,31,31,777.6,False,,4,2,3,9,New / Promising,3,Active Mid-Value
16506,2,90.30000000000001,42,3,United Kingdom,19,40,45.150000000000006,True,20.0,4,3,1,8,Loyal,3,Active Mid-Value
16509,1,363.70000000000005,64,13,United Kingdom,296,296,363.70000000000005,False,,1,2,2,5,Lost,0,Dormant Low-Value
16510,1,248.1,92,13,United Kingdom,372,372,248.1,False,,1,2,2,5,Lost,0,Dormant Low-Value
16511,3,916.33,401,134,United Kingdom,21,266,305.4433333333333,True,121.5,4,4,3,11,Champions,1,Lapsing Mid-Value
16513,4,874.59,407,33,United Kingdom,4,43,218.6475,True,12.0,5,4,3,12,Champions,3,Active Mid-Value
16515,5,1624.14,826,89,United Kingdom,52,311,324.82800000000003,True,64.25,3,4,4,11,Loyal,1,Lapsing Mid-Value
16516,1,101.69999999999999,58,6,United Kingdom,30,30,101.69999999999999,False,,4,2,1,7,New / Promising,0,Dormant Low-Value
16517,1,162.70000000000002,96,17,United Kingdom,277,277,162.70000000000002,False,,1,2,1,4,Lost,0,Dormant Low-Value
16518,2,484.32,327,36,United Kingdom,61,284,242.16,True,222.0,3,3,3,9,Loyal,0,Dormant Low-Value
16519,2,212.98,53,12,United Kingdom,25,365,106.49,True,340.0,4,3,1,8,Loyal,3,Active Mid-Value
16520,3,1046.57,558,129,United Kingdom,186,365,348.8566666666666,True,89.0,1,4,4,9,At Risk,1,Lapsing Mid-Value
16523,21,9418.470000000001,4265,151,United Kingdom,1,315,448.4985714285715,True,15.25,5,5,5,15,Champions,2,High-Value Loyal
16525,26,13027.45,7397,75,United Kingdom,2,366,501.0557692307693,True,14.08,5,5,5,15,Champions,2,High-Value Loyal
16526,1,290.36,106,15,United Kingdom,171,171,290.36,False,,2,2,2,6,Lost,0,Dormant Low-Value
16527,1,228.06,106,14,United Kingdom,81,81,228.06,False,,2,2,1,5,Lost,0,Dormant Low-Value
16528,1,244.41,171,17,United Kingdom,3,3,244.41,False,,5,2,1,8,New / Promising,3,Active Mid-Value
16529,1,455.25,198,30,United Kingdom,190,190,455.25,False,,1,2,2,5,Lost,0,Dormant Low-Value
16531,7,1244.59,915,68,United Kingdom,22,360,177.79857142857142,True,55.833333333333336,4,5,4,13,Champions,1,Lapsing Mid-Value
16532,3,6748.8,2016,2,United Kingdom,17,338,2249.6,True,160.0,4,4,5,13,Champions,1,Lapsing Mid-Value
16533,3,1082.81,611,112,United Kingdom,19,68,360.93666666666667,True,23.5,4,4,4,12,Champions,1,Lapsing Mid-Value
16535,1,593.75,356,31,United Kingdom,5,5,593.75,False,,5,2,3,10,New / Promising,3,Active Mid-Value
16536,1,548.12,250,49,United Kingdom,110,110,548.12,False,,2,2,3,7,Lost,0,Dormant Low-Value
16539,4,1388.81,477,36,United Kingdom,2,373,347.2025,True,123.0,5,4,4,13,Champions,3,Active Mid-Value
16542,1,119.62,46,5,United Kingdom,53,53,119.62,False,,3,2,1,6,Needs Attention,0,Dormant Low-Value
16545,1,339.3,78,3,United Kingdom,164,164,339.3,False,,2,2,2,6,Lost,0,Dormant Low-Value
16546,2,787.15,549,25,United Kingdom,290,372,393.575,True,81.0,1,3,3,7,Hibernating,0,Dormant Low-Value
16549,10,4034.9,2294,445,United Kingdom,10,334,403.49,True,35.666666666666664,5,5,5,15,Champions,2,High-Value Loyal
16550,5,2298.97,1540,162,United Kingdom,108,368,459.794,True,64.5,2,4,5,11,At Risk,1,Lapsing Mid-Value
16551,3,922.12,970,26,United Kingdom,95,336,307.37333333333333,True,120.0,2,4,4,10,At Risk,1,Lapsing Mid-Value
16552,2,379.73,219,17,United Kingdom,242,373,189.865,True,130.0,1,3,2,6,Hibernating,0,Dormant Low-Value
16553,12,5719.82,4600,62,United Kingdom,163,360,476.65166666666664,True,17.545454545454547,2,5,5,12,At Risk,1,Lapsing Mid-Value
16554,3,837.1,402,51,United Kingdom,42,331,279.03333333333336,True,144.5,3,4,3,10,Loyal,1,Lapsing Mid-Value
16555,2,285.89,175,15,United Kingdom,35,109,142.945,True,74.0,3,3,2,8,Loyal,3,Active Mid-Value
16556,7,3313.79,1890,144,United Kingdom,66,360,473.3985714285714,True,48.333333333333336,3,5,5,13,Loyal,1,Lapsing Mid-Value
16557,2,281.85,111,11,United Kingdom,24,137,140.925,True,113.0,4,3,2,9,Loyal,3,Active Mid-Value
16558,20,8338.49,5377,264,United Kingdom,0,366,416.92449999999997,True,18.789473684210527,5,5,5,15,Champions,2,High-Value Loyal
16560,2,841.41,500,52,United Kingdom,26,358,420.705,True,331.0,4,3,3,10,Loyal,3,Active Mid-Value
16561,2,511.12,244,29,United Kingdom,5,59,255.56,True,54.0,5,3,3,11,Loyal,3,Active Mid-Value
16563,1,1077.74,486,19,United Kingdom,53,53,1077.74,False,,3,2,4,9,Needs Attention,1,Lapsing Mid-Value
16565,1,173.7,46,3,United Kingdom,364,364,173.7,False,,1,2,1,4,Lost,0,Dormant Low-Value
16566,5,614.66,362,14,United Kingdom,15,292,122.93199999999999,True,68.75,4,4,3,11,Champions,3,Active Mid-Value
16567,2,865.6,996,34,United Kingdom,194,336,432.8,True,142.0,1,3,3,7,Hibernating,0,Dormant Low-Value
16569,1,124.2,93,5,United Kingdom,3,3,124.2,False,,5,2,1,8,New / Promising,3,Active Mid-Value
16570,10,3738.4,2112,68,United Kingdom,15,311,373.84000000000003,True,32.666666666666664,4,5,5,14,Champions,2,High-Value Loyal
16571,3,1421.69,1239,73,United Kingdom,26,281,473.8966666666667,True,127.0,4,4,4,12,Champions,1,Lapsing Mid-Value
16572,3,1009.6,532,40,United Kingdom,127,275,336.53333333333336,True,74.0,2,4,4,10,At Risk,1,Lapsing Mid-Value
16573,2,663.61,360,40,United Kingdom,84,290,331.805,True,205.0,2,3,3,8,Hibernating,0,Dormant Low-Value
16574,1,451.44,416,28,United Kingdom,71,71,451.44,False,,3,2,2,7,Needs Attention,0,Dormant Low-Value
16581,1,105.84,134,9,United Kingdom,182,182,105.84,False,,1,2,1,4,Lost,0,Dormant Low-Value
16582,1,313.62,164,6,United Kingdom,113,113,313.62,False,,2,2,2,6,Lost,0,Dormant Low-Value
16583,1,233.45,111,14,United Kingdom,373,373,233.45,False,,1,2,1,4,Lost,0,Dormant Low-Value
16584,2,936.08,646,25,United Kingdom,80,254,468.04,True,174.0,2,3,4,9,Hibernating,1,Lapsing Mid-Value
16586,1,463.95,95,8,United Kingdom,248,248,463.95,False,,1,2,2,5,Lost,0,Dormant Low-Value
16587,1,225.15,71,13,United Kingdom,232,232,225.15,False,,1,2,1,4,Lost,0,Dormant Low-Value
16589,3,459.24,368,31,United Kingdom,71,161,153.08,True,44.5,3,4,2,9,Loyal,1,Lapsing Mid-Value
16591,1,213.5,41,10,United Kingdom,68,68,213.5,False,,3,2,1,6,Needs Attention,0,Dormant Low-Value
16592,16,4113.68,2927,142,United Kingdom,4,287,257.105,True,18.666666666666668,5,5,5,15,Champions,2,High-Value Loyal
16593,3,330.03,116,24,United Kingdom,50,327,110.00999999999999,True,138.5,3,4,2,9,Loyal,3,Active Mid-Value
16594,1,181.09,64,53,United Kingdom,75,75,181.09,False,,2,2,1,5,Lost,0,Dormant Low-Value
16595,1,360.16,335,83,United Kingdom,61,61,360.16,False,,3,2,2,7,Needs Attention,0,Dormant Low-Value
16596,2,250.15,97,12,United Kingdom,15,366,125.075,True,350.0,4,3,2,9,Loyal,3,Active Mid-Value
16597,1,90.04,184,7,United Kingdom,4,4,90.04,False,,5,2,1,8,New / Promising,3,Active Mid-Value
16598,1,145.05,73,10,United Kingdom,285,285,145.05,False,,1,2,1,4,Lost,0,Dormant Low-Value
16600,6,813.52,1145,50,United Kingdom,4,338,135.58666666666667,True,66.2,5,5,3,13,Champions,3,Active Mid-Value
16601,1,241.53,130,28,United Kingdom,40,40,241.53,False,,3,2,1,6,Needs Attention,0,Dormant Low-Value
16602,1,528.08,336,29,United Kingdom,36,36,528.08,False,,3,2,3,8,Needs Attention,3,Active Mid-Value
16603,2,482.47,480,34,United Kingdom,74,91,241.235,True,16.0,2,3,3,8,Hibernating,0,Dormant Low-Value
16607,14,3347.71,2859,140,United Kingdom,17,358,239.12214285714285,True,25.76923076923077,4,5,5,14,Champions,2,High-Value Loyal
16609,7,5493.46,2420,155,United Kingdom,15,252,784.78,True,39.166666666666664,4,5,5,14,Champions,2,High-Value Loyal
16610,1,75.66,66,6,United Kingdom,219,219,75.66,False,,1,2,1,4,Lost,0,Dormant Low-Value
16611,1,129.49,47,9,United Kingdom,186,186,129.49,False,,1,2,1,4,Lost,0,Dormant Low-Value
16612,4,1187.66,506,48,United Kingdom,32,311,296.915,True,92.66666666666667,4,4,4,12,Champions,1,Lapsing Mid-Value
16613,1,618.59,293,30,United Kingdom,70,70,618.59,False,,3,2,3,8,Needs Attention,0,Dormant Low-Value
16614,1,506.19,223,26,United Kingdom,182,182,506.19,False,,1,2,3,6,Lost,0,Dormant Low-Value
16616,2,500.42,370,31,United Kingdom,15,157,250.21,True,142.0,4,3,3,10,Loyal,3,Active Mid-Value
16617,1,151.85,91,5,United Kingdom,235,235,151.85,False,,1,2,1,4,Lost,0,Dormant Low-Value
16618,5,2647.59,1363,79,United Kingdom,31,322,529.518,True,72.5,4,4,5,13,Champions,1,Lapsing Mid-Value
16619,1,226.21,133,14,United Kingdom,263,263,226.21,False,,1,2,1,4,Lost,0,Dormant Low-Value
16620,2,178.96,88,9,United Kingdom,3,260,89.48,True,257.0,5,3,1,9,Loyal,3,Active Mid-Value
16621,4,813.48,302,22,United Kingdom,51,277,203.37,True,74.66666666666667,3,4,3,10,Loyal,1,Lapsing Mid-Value
16623,1,129.45000000000002,39,5,United Kingdom,245,245,129.45000000000002,False,,1,2,1,4,Lost,0,Dormant Low-Value
16624,2,810.57,488,44,United Kingdom,80,197,405.285,True,116.0,2,3,3,8,Hibernating,1,Lapsing Mid-Value
16625,1,333.08,164,23,United Kingdom,274,274,333.08,False,,1,2,2,5,Lost,0,Dormant Low-Value
16626,17,4413.1,2690,86,United Kingdom,0,266,259.59411764705885,True,16.125,5,5,5,15,Champions,2,High-Value Loyal
16627,1,322.8,162,20,United Kingdom,79,79,322.8,False,,2,2,2,6,Lost,0,Dormant Low-Value
16628,5,2188.05,1205,79,United Kingdom,29,234,437.61,True,51.0,4,4,5,13,Champions,1,Lapsing Mid-Value
16629,2,408.63,489,58,United Kingdom,73,96,204.315,True,22.0,2,3,2,7,Hibernating,0,Dormant Low-Value
16633,6,2883.1,1138,115,United Kingdom,17,234,480.51666666666665,True,42.8,4,5,5,14,Champions,2,High-Value Loyal
16634,2,217.9,82,9,United Kingdom,222,372,108.95,True,149.0,1,3,1,5,Hibernating,0,Dormant Low-Value
16637,4,1154.47,927,66,United Kingdom,32,225,288.6175,True,64.0,4,4,4,12,Champions,1,Lapsing Mid-Value
16638,10,1680.72,1255,92,United Kingdom,22,368,168.072,True,37.888888888888886,4,5,4,13,Champions,2,High-Value Loyal
16639,3,1257.51,510,48,United Kingdom,31,235,419.17,True,102.0,4,4,4,12,Champions,1,Lapsing Mid-Value
16641,1,231.1,256,12,United Kingdom,105,105,231.1,False,,2,2,1,5,Lost,0,Dormant Low-Value
16642,2,688.33,479,32,United Kingdom,4,207,344.165,True,202.0,5,3,3,11,Loyal,3,Active Mid-Value
16643,1,487.51,269,27,United Kingdom,245,245,487.51,False,,1,2,3,6,Lost,0,Dormant Low-Value
16644,2,833.78,826,62,United Kingdom,177,212,416.89,True,34.0,2,3,3,8,Hibernating,0,Dormant Low-Value
16647,2,214.06,146,12,United Kingdom,169,204,107.03,True,35.0,2,3,1,6,Hibernating,0,Dormant Low-Value
16648,1,290.66,281,19,United Kingdom,42,42,290.66,False,,3,2,2,7,Needs Attention,0,Dormant Low-Value
16650,1,518.42,372,24,United Kingdom,71,71,518.42,False,,3,2,3,8,Needs Attention,0,Dormant Low-Value
16652,7,6773.97,3283,74,United Kingdom,58,273,967.71,True,35.333333333333336,3,5,5,13,Loyal,1,Lapsing Mid-Value
16653,2,1212.66,733,67,United Kingdom,16,71,606.33,True,55.0,4,3,4,11,Loyal,3,Active Mid-Value
16654,4,601.27,282,29,United Kingdom,141,368,150.3175,True,75.33333333333333,2,4,3,9,At Risk,1,Lapsing Mid-Value
16655,6,3789.52,2363,208,United Kingdom,17,331,631.5866666666667,True,62.2,4,5,5,14,Champions,2,High-Value Loyal
16656,15,8625.8,8894,14,United Kingdom,22,364,575.0533333333333,True,23.928571428571427,4,5,5,14,Champions,2,High-Value Loyal
16657,4,874.43,1130,158,United Kingdom,9,254,218.6075,True,81.0,5,4,3,12,Champions,3,Active Mid-Value
16658,1,123.24,40,8,United Kingdom,368,368,123.24,False,,1,2,1,4,Lost,0,Dormant Low-Value
16659,1,39.12,72,2,United Kingdom,189,189,39.12,False,,1,2,1,4,Lost,0,Dormant Low-Value
16660,4,1267.65,571,16,United Kingdom,16,319,316.9125,True,100.66666666666667,4,4,4,12,Champions,1,Lapsing Mid-Value
16665,1,135.4,59,9,United Kingdom,362,362,135.4,False,,1,2,1,4,Lost,0,Dormant Low-Value
16666,1,118.98,233,32,United Kingdom,19,19,118.98,False,,4,2,1,7,New / Promising,3,Active Mid-Value
16667,2,567.1800000000001,236,52,United Kingdom,68,284,283.59000000000003,True,216.0,3,3,3,9,Loyal,0,Dormant Low-Value
16668,6,306.72,318,9,United Kingdom,15,284,51.120000000000005,True,53.4,4,5,2,11,Champions,3,Active Mid-Value
16669,2,1344.48,871,140,United Kingdom,23,78,672.24,True,54.0,4,3,4,11,Loyal,1,Lapsing Mid-Value
16670,11,4095.9,2556,179,United Kingdom,16,358,372.3545454545455,True,33.7,4,5,5,14,Champions,2,High-Value Loyal
16671,3,1692.27,875,3,United Kingdom,28,164,564.09,True,67.5,4,4,4,12,Champions,1,Lapsing Mid-Value
16672,20,8134.9400000000005,2832,22,United Kingdom,2,266,406.747,True,13.421052631578947,5,5,5,15,Champions,2,High-Value Loyal
16674,2,304.24,181,89,United Kingdom,54,98,152.12,True,43.0,3,3,2,8,Loyal,0,Dormant Low-Value
16676,4,1592.12,636,75,United Kingdom,33,337,398.03,True,100.66666666666667,3,4,4,11,Loyal,1,Lapsing Mid-Value
16678,12,3109.99,2397,92,United Kingdom,2,282,259.1658333333333,True,25.0,5,5,5,15,Champions,2,High-Value Loyal
16679,1,129.75,29,3,United Kingdom,366,366,129.75,False,,1,2,1,4,Lost,0,Dormant Low-Value
16680,1,183.7,94,10,United Kingdom,43,43,183.7,False,,3,2,1,6,Needs Attention,0,Dormant Low-Value
16681,6,1770.3400000000001,1407,18,United Kingdom,72,253,295.0566666666667,True,35.6,2,5,4,11,At Risk,1,Lapsing Mid-Value
16682,5,1028.0,1040,15,United Kingdom,4,187,205.6,True,45.25,5,4,4,13,Champions,3,Active Mid-Value
16684,28,66653.56,50255,119,United Kingdom,4,358,2380.4842857142858,True,12.814814814814815,5,5,5,15,Champions,2,High-Value Loyal
16685,2,324.24,396,60,United Kingdom,61,61,162.12,True,0.0,3,3,2,8,Loyal,0,Dormant Low-Value
16686,7,2959.88,1977,406,United Kingdom,47,355,422.84000000000003,True,50.833333333333336,3,5,5,13,Loyal,1,Lapsing Mid-Value
16688,4,1260.8600000000001,804,52,United Kingdom,1,60,315.21500000000003,True,19.333333333333332,5,4,4,13,Champions,3,Active Mid-Value
16689,2,422.6,330,12,United Kingdom,75,82,211.3,True,6.0,2,3,2,7,Hibernating,0,Dormant Low-Value
16690,2,225.58,138,10,United Kingdom,72,201,112.79,True,129.0,2,3,1,6,Hibernating,0,Dormant Low-Value
16692,2,1126.0,151,1,United Kingdom,256,289,563.0,True,32.0,1,3,4,8,Hibernating,0,Dormant Low-Value
16693,2,477.86,203,58,United Kingdom,68,271,238.93,True,203.0,3,3,2,8,Loyal,0,Dormant Low-Value
16696,4,657.9,146,7,United Kingdom,135,248,164.475,True,37.0,2,4,3,9,At Risk,1,Lapsing Mid-Value
16697,1,112.75,27,20,United Kingdom,241,241,112.75,False,,1,2,1,4,Lost,0,Dormant Low-Value
16698,2,1998.0,840,4,United Kingdom,226,253,999.0,True,26.0,1,3,4,8,Hibernating,1,Lapsing Mid-Value
16700,13,5076.55,4024,159,United Kingdom,8,366,390.50384615384615,True,29.416666666666668,5,5,5,15,Champions,2,High-Value Loyal
16701,13,5398.3,6393,99,United Kingdom,8,361,415.25384615384615,True,29.0,5,5,5,15,Champions,2,High-Value Loyal
16705,20,14034.99,5476,133,United Kingdom,0,358,701.7495,True,18.57894736842105,5,5,5,15,Champions,2,High-Value Loyal
16706,3,531.35,249,108,United Kingdom,37,114,177.11666666666667,True,38.0,3,4,3,10,Loyal,1,Lapsing Mid-Value
16708,1,656.63,285,27,United Kingdom,45,45,656.63,False,,3,2,3,8,Needs Attention,3,Active Mid-Value
16709,5,3029.87,851,64,United Kingdom,84,281,605.9739999999999,True,48.75,2,4,5,11,At Risk,1,Lapsing Mid-Value
16710,10,2467.9900000000002,1823,268,United Kingdom,19,368,246.79900000000004,True,38.44444444444444,4,5,5,14,Champions,2,High-Value Loyal
16711,5,1651.03,833,18,United Kingdom,3,357,330.206,True,88.0,5,4,4,13,Champions,2,High-Value Loyal
16712,11,3603.66,1727,258,United Kingdom,9,276,327.6054545454545,True,26.2,5,5,5,15,Champions,2,High-Value Loyal
16713,15,6910.78,4271,338,United Kingdom,18,366,460.71866666666665,True,24.285714285714285,4,5,5,14,Champions,2,High-Value Loyal
16714,2,1114.06,588,76,United Kingdom,317,317,557.03,True,0.0,1,3,4,8,Hibernating,0,Dormant Low-Value
16715,1,301.71999999999997,642,19,United Kingdom,78,78,301.71999999999997,False,,2,2,2,6,Lost,0,Dormant Low-Value
16716,2,901.2,120,1,United Kingdom,266,311,450.6,True,44.0,1,3,3,7,Hibernating,0,Dormant Low-Value
16717,6,3843.08,1860,176,United Kingdom,23,366,640.5133333333333,True,68.0,4,5,5,14,Champions,1,Lapsing Mid-Value
16718,1,606.0500000000001,407,41,United Kingdom,369,369,606.0500000000001,False,,1,2,3,6,Lost,0,Dormant Low-Value
16719,7,1770.22,1175,107,United Kingdom,14,368,252.88857142857142,True,58.166666666666664,5,5,4,14,Champions,2,High-Value Loyal
16720,1,152.95,180,25,United Kingdom,26,26,152.95,False,,4,2,1,7,New / Promising,3,Active Mid-Value
16721,1,292.47,172,37,United Kingdom,262,262,292.47,False,,1,2,2,5,Lost,0,Dormant Low-Value
16722,13,4730.81,5001,96,United Kingdom,17,368,363.90846153846155,True,28.75,4,5,5,14,Champions,2,High-Value Loyal
16723,2,576.4,398,37,United Kingdom,91,107,288.2,True,16.0,2,3,3,8,Hibernating,0,Dormant Low-Value
16725,6,756.82,287,109,United Kingdom,302,371,126.13666666666667,True,13.4,1,5,3,9,At Risk,1,Lapsing Mid-Value
16726,5,1358.74,945,121,United Kingdom,26,361,271.748,True,83.25,4,4,4,12,Champions,1,Lapsing Mid-Value
16727,1,256.32,167,41,United Kingdom,364,364,256.32,False,,1,2,2,5,Lost,0,Dormant Low-Value
16728,4,1048.28,671,218,United Kingdom,46,264,262.07,True,72.33333333333333,3,4,4,11,Loyal,1,Lapsing Mid-Value
16729,21,7202.01,5718,233,United Kingdom,38,241,342.95285714285717,True,9.7,3,5,5,13,Loyal,2,High-Value Loyal
16730,3,743.11,994,75,United Kingdom,52,319,247.70333333333335,True,133.0,3,4,3,10,Loyal,1,Lapsing Mid-Value
16732,1,603.75,317,28,United Kingdom,31,31,603.75,False,,4,2,3,9,New / Promising,3,Active Mid-Value
16734,3,646.76,345,44,United Kingdom,52,114,215.58666666666667,True,30.5,3,4,3,10,Loyal,1,Lapsing Mid-Value
16735,5,2247.41,1532,88,United Kingdom,78,334,449.48199999999997,True,63.5,2,4,5,11,At Risk,1,Lapsing Mid-Value
16737,1,417.6,288,1,United Kingdom,53,53,417.6,False,,3,2,2,7,Needs Attention,0,Dormant Low-Value
16738,1,3.75,3,1,United Kingdom,297,297,3.75,False,,1,2,1,4,Lost,0,Dormant Low-Value
16739,1,323.0,172,13,United Kingdom,176,176,323.0,False,,2,2,2,6,Lost,0,Dormant Low-Value
16743,7,2213.13,2035,89,United Kingdom,29,358,316.1614285714286,True,54.333333333333336,4,5,5,14,Champions,1,Lapsing Mid-Value
16744,7,1291.91,798,198,United Kingdom,11,173,184.55857142857144,True,26.5,5,5,4,14,Champions,2,High-Value Loyal
16745,17,7180.7,6719,148,United Kingdom,86,311,422.3941176470588,True,13.625,2,5,5,12,At Risk,2,High-Value Loyal
16746,18,6680.11,4660,234,United Kingdom,4,358,371.1172222222222,True,20.294117647058822,5,5,5,15,Champions,2,High-Value Loyal
16747,2,836.0600000000001,583,34,United Kingdom,37,67,418.03000000000003,True,30.0,3,3,3,9,Loyal,1,Lapsing Mid-Value
16748,5,1515.9,880,42,United Kingdom,17,334,303.18,True,78.75,4,4,4,12,Champions,1,Lapsing Mid-Value
16750,5,623.93,214,74,United Kingdom,44,232,124.78599999999999,True,46.25,3,4,3,10,Loyal,1,Lapsing Mid-Value
16751,1,1764.72,1031,24,United Kingdom,30,30,1764.72,False,,4,2,4,10,New / Promising,1,Lapsing Mid-Value
16752,1,207.5,54,9,United Kingdom,372,372,207.5,False,,1,2,1,4,Lost,0,Dormant Low-Value
16753,1,223.92000000000002,189,34,United Kingdom,58,58,223.92000000000002,False,,3,2,1,6,Needs Attention,0,Dormant Low-Value
16754,1,2002.4,4280,2,United Kingdom,372,372,2002.4,False,,1,2,4,7,Lost,0,Dormant Low-Value
16755,3,1475.43,1058,133,United Kingdom,114,315,491.81,True,100.0,2,4,4,10,At Risk,1,Lapsing Mid-Value
16756,1,239.4,106,13,United Kingdom,214,214,239.4,False,,1,2,1,4,Lost,0,Dormant Low-Value
16757,1,106.83000000000001,81,7,United Kingdom,318,318,106.83000000000001,False,,1,2,1,4,Lost,0,Dormant Low-Value
16758,1,369.34000000000003,203,22,United Kingdom,65,65,369.34000000000003,False,,3,2,2,7,Needs Attention,0,Dormant Low-Value
16759,3,789.79,609,40,United Kingdom,7,30,263.2633333333333,True,11.5,5,4,3,12,Champions,3,Active Mid-Value
16761,1,316.62,341,13,United Kingdom,96,96,316.62,False,,2,2,2,6,Lost,0,Dormant Low-Value
16762,3,1207.24,480,51,United Kingdom,19,144,402.41333333333336,True,62.0,4,4,4,12,Champions,1,Lapsing Mid-Value
16763,1,611.8499999999999,319,23,United Kingdom,198,198,611.8499999999999,False,,1,2,3,6,Lost,0,Dormant Low-Value
16764,13,2790.9500000000003,1253,209,United Kingdom,3,143,214.68846153846155,True,11.166666666666666,5,5,5,15,Champions,2,High-Value Loyal
16765,1,34.0,4,1,United Kingdom,294,294,34.0,False,,1,2,1,4,Lost,0,Dormant Low-Value
16766,2,1145.6,536,17,United Kingdom,273,273,572.8,True,0.0,1,3,4,8,Hibernating,0,Dormant Low-Value
16767,11,5575.56,4423,148,United Kingdom,30,316,506.86909090909097,True,28.4,4,5,5,14,Champions,2,High-Value Loyal
16768,3,478.09000000000003,196,47,United Kingdom,47,271,159.36333333333334,True,111.5,3,4,2,9,Loyal,1,Lapsing Mid-Value
16769,1,361.54,80,33,United Kingdom,260,260,361.54,False,,1,2,2,5,Lost,0,Dormant Low-Value
16770,5,757.1,456,116,United Kingdom,57,372,151.42000000000002,True,77.75,3,4,3,10,Loyal,1,Lapsing Mid-Value
16771,5,2230.61,1475,199,United Kingdom,33,338,446.122,True,75.75,3,4,5,12,Loyal,1,Lapsing Mid-Value
16773,1,171.59,171,23,United Kingdom,57,57,171.59,False,,3,2,1,6,Needs Attention,0,Dormant Low-Value
16774,4,661.52,322,36,United Kingdom,67,178,165.38,True,36.333333333333336,3,4,3,10,Loyal,1,Lapsing Mid-Value
16775,11,1691.51,439,84,United Kingdom,10,367,153.77363636363637,True,35.2,5,5,4,14,Champions,2,High-Value Loyal
16776,1,371.54,254,61,United Kingdom,60,60,371.54,False,,3,2,2,7,Needs Attention,0,Dormant Low-Value
16777,2,222.62,62,45,United Kingdom,80,257,111.31,True,176.0,2,3,1,6,Hibernating,0,Dormant Low-Value
16778,2,245.94,194,16,United Kingdom,74,274,122.97,True,199.0,2,3,1,6,Hibernating,0,Dormant Low-Value
16779,22,10611.72,5301,161,United Kingdom,2,366,482.35090909090906,True,16.904761904761905,5,5,5,15,Champions,2,High-Value Loyal
16780,2,422.24,270,51,United Kingdom,100,259,211.12,True,158.0,2,3,2,7,Hibernating,0,Dormant Low-Value
16781,1,311.25,113,17,United Kingdom,372,372,311.25,False,,1,2,2,5,Lost,0,Dormant Low-Value
16782,13,2267.9500000000003,705,103,United Kingdom,10,365,174.45769230769233,True,29.0,5,5,5,15,Champions,2,High-Value Loyal
16784,1,107.6,24,3,United Kingdom,19,19,107.6,False,,4,2,1,7,New / Promising,3,Active Mid-Value
16788,2,592.74,303,137,United Kingdom,123,254,296.37,True,131.0,2,3,3,8,Hibernating,0,Dormant Low-Value
16789,1,80.80000000000001,32,5,United Kingdom,8,8,80.80000000000001,False,,5,2,1,8,New / Promising,3,Active Mid-Value
16790,6,1545.6200000000001,898,88,United Kingdom,3,37,257.60333333333335,True,6.4,5,5,4,14,Champions,2,High-Value Loyal
16791,7,1693.03,756,217,United Kingdom,29,332,241.86142857142858,True,50.0,4,5,4,13,Champions,1,Lapsing Mid-Value
16792,2,110.38,44,11,United Kingdom,282,282,55.19,True,0.0,1,3,1,5,Hibernating,0,Dormant Low-Value
16793,1,243.84,146,16,United Kingdom,57,57,243.84,False,,3,2,1,6,Needs Attention,0,Dormant Low-Value
16794,10,1194.48,922,141,United Kingdom,1,180,119.44800000000001,True,19.444444444444443,5,5,4,14,Champions,2,High-Value Loyal
16795,1,414.88,239,64,United Kingdom,365,365,414.88,False,,1,2,2,5,Lost,0,Dormant Low-Value
16796,1,305.62,186,18,United Kingdom,89,89,305.62,False,,2,2,2,6,Lost,0,Dormant Low-Value
16800,1,1162.65,524,148,United Kingdom,11,11,1162.65,False,,5,2,4,11,New / Promising,3,Active Mid-Value
16801,4,1594.23,493,72,United Kingdom,163,273,398.5575,True,36.0,2,4,4,10,At Risk,1,Lapsing Mid-Value
16803,1,332.3,245,24,United Kingdom,65,65,332.3,False,,3,2,2,7,Needs Attention,0,Dormant Low-Value
16804,3,536.99,246,59,United Kingdom,23,270,178.99666666666667,True,123.5,4,4,3,11,Champions,3,Active Mid-Value
16805,2,460.59000000000003,539,94,United Kingdom,173,360,230.29500000000002,True,186.0,2,3,2,7,Hibernating,0,Dormant Low-Value
16806,4,736.21,355,67,United Kingdom,103,239,184.0525,True,44.666666666666664,2,4,3,9,At Risk,1,Lapsing Mid-Value
16807,3,1121.59,778,57,United Kingdom,142,270,373.8633333333333,True,64.0,2,4,4,10,At Risk,1,Lapsing Mid-Value
16808,2,288.42,196,21,United Kingdom,99,274,144.21,True,175.0,2,3,2,7,Hibernating,0,Dormant Low-Value
16809,5,914.69,652,79,United Kingdom,23,262,182.93800000000002,True,59.25,4,4,3,11,Champions,1,Lapsing Mid-Value
16810,1,309.54,114,15,United Kingdom,192,192,309.54,False,,1,2,2,5,Lost,0,Dormant Low-Value
16811,2,547.07,477,26,United Kingdom,4,17,273.535,True,12.0,5,3,3,11,Loyal,3,Active Mid-Value
16812,1,479.35,81,15,United Kingdom,360,360,479.35,False,,1,2,2,5,Lost,0,Dormant Low-Value
16813,10,1652.18,1501,248,United Kingdom,8,204,165.21800000000002,True,21.333333333333332,5,5,4,14,Champions,2,High-Value Loyal
16814,21,6406.8,2691,121,United Kingdom,14,369,305.0857142857143,True,17.25,5,5,5,15,Champions,2,High-Value Loyal
16816,4,417.06,274,28,United Kingdom,103,358,104.265,True,84.33333333333333,2,4,2,8,At Risk,1,Lapsing Mid-Value
16817,9,1604.75,822,73,United Kingdom,2,368,178.30555555555554,True,45.25,5,5,4,14,Champions,2,High-Value Loyal
16818,11,3349.57,2164,172,United Kingdom,10,205,304.50636363636363,True,19.0,5,5,5,15,Champions,2,High-Value Loyal
16820,1,497.61,307,26,United Kingdom,95,95,497.61,False,,2,2,3,7,Lost,0,Dormant Low-Value
16823,1,358.38,136,34,United Kingdom,227,227,358.38,False,,1,2,2,5,Lost,0,Dormant Low-Value
16824,2,460.64,236,23,United Kingdom,15,164,230.32,True,148.0,4,3,2,9,Loyal,3,Active Mid-Value
16825,2,775.18,566,27,United Kingdom,38,185,387.59,True,147.0,3,3,3,9,Loyal,1,Lapsing Mid-Value
16826,1,341.7,158,22,United Kingdom,51,51,341.7,False,,3,2,2,7,Needs Attention,0,Dormant Low-Value
16828,1,113.5,58,7,United Kingdom,112,112,113.5,False,,2,2,1,5,Lost,0,Dormant Low-Value
16829,1,197.22,99,11,United Kingdom,156,156,197.22,False,,2,2,1,5,Lost,0,Dormant Low-Value
16830,1,325.91,264,23,United Kingdom,38,38,325.91,False,,3,2,2,7,Needs Attention,0,Dormant Low-Value
16832,3,199.15,33,11,United Kingdom,184,217,66.38333333333334,True,16.5,1,4,1,6,At Risk,0,Dormant Low-Value
16833,4,1106.53,440,46,United Kingdom,1,334,276.6325,True,110.66666666666667,5,4,4,13,Champions,3,Active Mid-Value
16834,1,413.46,358,24,United Kingdom,227,227,413.46,False,,1,2,2,5,Lost,0,Dormant Low-Value
16835,2,180.85,61,10,United Kingdom,128,373,90.425,True,244.0,2,3,1,6,Hibernating,0,Dormant Low-Value
16836,2,251.87,165,11,United Kingdom,39,116,125.935,True,76.0,3,3,2,8,Loyal,3,Active Mid-Value
16837,11,3170.98,1563,123,United Kingdom,31,245,288.2709090909091,True,21.1,4,5,5,14,Champions,2,High-Value Loyal
16838,2,588.85,185,24,United Kingdom,197,288,294.425,True,90.0,1,3,3,7,Hibernating,0,Dormant Low-Value
16839,34,16594.35,8975,114,United Kingdom,8,369,488.06911764705876,True,10.424242424242424,5,5,5,15,Champions,2,High-Value Loyal
16841,6,1869.82,2250,101,United Kingdom,36,287,311.63666666666666,True,49.6,3,5,4,12,Loyal,1,Lapsing Mid-Value
16842,3,1264.19,693,45,United Kingdom,100,302,421.3966666666667,True,100.5,2,4,4,10,At Risk,1,Lapsing Mid-Value
16843,16,10196.57,10159,226,United Kingdom,42,327,637.285625,True,18.6,3,5,5,13,Loyal,2,High-Value Loyal
16846,1,214.32,135,11,United Kingdom,50,50,214.32,False,,3,2,1,6,Needs Attention,0,Dormant Low-Value
16847,1,193.44,78,12,United Kingdom,43,43,193.44,False,,3,2,1,6,Needs Attention,0,Dormant Low-Value
16848,1,281.42,182,14,United Kingdom,52,52,281.42,False,,3,2,2,7,Needs Attention,0,Dormant Low-Value
16849,1,124.57,33,8,United Kingdom,186,186,124.57,False,,1,2,1,4,Lost,0,Dormant Low-Value
16850,1,332.41,249,19,United Kingdom,333,333,332.41,False,,1,2,2,5,Lost,0,Dormant Low-Value
16851,3,342.45,271,17,United Kingdom,4,51,114.14999999999999,True,23.5,5,4,2,11,Champions,3,Active Mid-Value
16852,2,144.91,56,9,United Kingdom,10,176,72.455,True,165.0,5,3,1,9,Loyal,3,Active Mid-Value
16855,2,328.40000000000003,164,19,United Kingdom,23,43,164.20000000000002,True,19.0,4,3,2,9,Loyal,3,Active Mid-Value
16856,1,35.400000000000006,12,2,United Kingdom,14,14,35.400000000000006,False,,5,2,1,8,New / Promising,3,Active Mid-Value
16858,1,375.69000000000005,91,9,United Kingdom,368,368,375.69000000000005,False,,1,2,2,5,Lost,0,Dormant Low-Value
16859,2,747.81,827,50,United Kingdom,144,261,373.905,True,116.0,2,3,3,8,Hibernating,0,Dormant Low-Value
16861,2,173.76,140,6,United Kingdom,59,158,86.88,True,98.0,3,3,1,7,Loyal,0,Dormant Low-Value
16863,2,502.8,409,25,United Kingdom,31,366,251.4,True,335.0,4,3,3,10,Loyal,3,Active Mid-Value
16866,3,207.74,60,10,United Kingdom,140,161,69.24666666666667,True,9.5,2,4,1,7,At Risk,0,Dormant Low-Value
16869,4,817.12,583,113,United Kingdom,22,175,204.28,True,50.333333333333336,4,4,3,11,Champions,1,Lapsing Mid-Value
16871,6,2812.34,1253,131,United Kingdom,22,270,468.72333333333336,True,49.6,4,5,5,14,Champions,1,Lapsing Mid-Value
16872,3,680.02,600,5,United Kingdom,77,184,226.67333333333332,True,53.5,2,4,3,9,At Risk,1,Lapsing Mid-Value
16873,6,7123.62,3840,179,United Kingdom,4,364,1187.27,True,71.2,5,5,5,15,Champions,2,High-Value Loyal
16875,5,2095.53,1069,93,United Kingdom,67,339,419.10600000000005,True,67.75,3,4,5,12,Loyal,1,Lapsing Mid-Value
16877,6,846.62,458,111,United Kingdom,12,208,141.10333333333332,True,38.6,5,5,3,13,Champions,1,Lapsing Mid-Value
16878,1,13.3,12,3,United Kingdom,84,84,13.3,False,,2,2,1,5,Lost,0,Dormant Low-Value
16880,7,1491.43,746,121,United Kingdom,30,189,213.0614285714286,True,26.0,4,5,4,13,Champions,1,Lapsing Mid-Value
16881,1,432.0,600,1,United Kingdom,66,66,432.0,False,,3,2,2,7,Needs Attention,0,Dormant Low-Value
16882,3,705.12,424,39,United Kingdom,66,317,235.04,True,124.5,3,4,3,10,Loyal,1,Lapsing Mid-Value
16883,2,272.48,103,33,United Kingdom,187,371,136.24,True,184.0,1,3,2,6,Hibernating,0,Dormant Low-Value
16884,2,429.84,320,26,United Kingdom,37,37,214.92,True,0.0,3,3,2,8,Loyal,3,Active Mid-Value
16885,3,450.41,178,82,United Kingdom,15,357,150.13666666666668,True,170.0,4,4,2,10,Champions,3,Active Mid-Value
16887,1,192.32999999999998,156,35,United Kingdom,35,35,192.32999999999998,False,,3,2,1,6,Needs Attention,0,Dormant Low-Value
16889,3,1578.67,925,112,United Kingdom,194,336,526.2233333333334,True,70.5,1,4,4,9,At Risk,1,Lapsing Mid-Value
16891,5,742.43,265,166,United Kingdom,1,371,148.486,True,92.0,5,4,3,12,Champions,3,Active Mid-Value
16892,5,518.19,236,87,United Kingdom,1,183,103.638,True,45.5,5,4,3,12,Champions,3,Active Mid-Value
16893,1,145.93,62,44,United Kingdom,366,366,145.93,False,,1,2,1,4,Lost,0,Dormant Low-Value
16895,1,202.27,91,57,United Kingdom,64,64,202.27,False,,3,2,1,6,Needs Attention,0,Dormant Low-Value
16897,2,289.78,73,37,United Kingdom,299,313,144.89,True,14.0,1,3,2,6,Hibernating,0,Dormant Low-Value
16898,3,501.03000000000003,412,150,United Kingdom,26,368,167.01000000000002,True,171.0,4,4,3,11,Champions,3,Active Mid-Value
16899,6,1271.06,520,80,United Kingdom,7,360,211.84333333333333,True,70.0,5,5,4,14,Champions,2,High-Value Loyal
16900,3,882.16,832,77,United Kingdom,16,63,294.05333333333334,True,22.5,4,4,3,11,Champions,3,Active Mid-Value
16902,1,1706.88,629,43,United Kingdom,116,116,1706.88,False,,2,2,4,8,Lost,1,Lapsing Mid-Value
16903,1,363.2,247,50,United Kingdom,29,29,363.2,False,,4,2,2,8,New / Promising,3,Active Mid-Value
16904,15,3634.95,1973,385,United Kingdom,4,367,242.32999999999998,True,25.428571428571427,5,5,5,15,Champions,2,High-Value Loyal
16905,7,3037.6,1381,117,United Kingdom,5,371,433.9428571428571,True,60.666666666666664,5,5,5,15,Champions,2,High-Value Loyal
16906,4,559.59,263,74,United Kingdom,81,248,139.8975,True,55.0,2,4,3,9,At Risk,1,Lapsing Mid-Value
16907,5,928.76,286,89,United Kingdom,29,365,185.752,True,83.5,4,4,4,12,Champions,1,Lapsing Mid-Value
16909,1,379.14,436,18,United Kingdom,72,72,379.14,False,,2,2,2,6,Lost,0,Dormant Low-Value
16910,8,1508.96,884,318,United Kingdom,4,91,188.62,True,12.0,5,5,4,14,Champions,2,High-Value Loyal
16912,11,2555.58,1025,88,United Kingdom,28,323,232.32545454545453,True,29.2,4,5,5,14,Champions,2,High-Value Loyal
16913,1,113.44,82,8,United Kingdom,290,290,113.44,False,,1,2,1,4,Lost,0,Dormant Low-Value
16914,1,183.76,112,25,United Kingdom,36,36,183.76,False,,3,2,1,6,Needs Attention,0,Dormant Low-Value
16915,6,621.6800000000001,132,46,United Kingdom,9,283,103.61333333333334,True,54.6,5,5,3,13,Champions,3,Active Mid-Value
16916,2,562.41,431,129,United Kingdom,23,372,281.205,True,348.0,4,3,3,10,Loyal,3,Active Mid-Value
16917,1,391.52,232,9,United Kingdom,276,276,391.52,False,,1,2,2,5,Lost,0,Dormant Low-Value
16918,6,1068.82,721,97,United Kingdom,49,317,178.13666666666666,True,53.2,3,5,4,12,Loyal,1,Lapsing Mid-Value
16919,11,2592.25,1403,141,United Kingdom,156,368,235.6590909090909,True,20.7,2,5,5,12,At Risk,1,Lapsing Mid-Value
16921,1,154.18,154,50,United Kingdom,61,61,154.18,False,,3,2,1,6,Needs Attention,0,Dormant Low-Value
16923,19,7069.08,3344,313,United Kingdom,12,362,372.0568421052632,True,18.944444444444443,5,5,5,15,Champions,2,High-Value Loyal
16924,3,829.89,467,69,United Kingdom,21,84,276.63,True,31.0,4,4,3,11,Champions,3,Active Mid-Value
16926,1,230.25,35,14,United Kingdom,371,371,230.25,False,,1,2,1,4,Lost,0,Dormant Low-Value
16927,3,543.05,993,5,United Kingdom,115,361,181.01666666666665,True,122.5,2,4,3,9,At Risk,1,Lapsing Mid-Value
16928,17,2806.75,2091,68,United Kingdom,80,373,165.10294117647058,True,17.8125,2,5,5,12,At Risk,2,High-Value Loyal
16929,7,1295.39,929,51,United Kingdom,3,155,185.0557142857143,True,24.666666666666668,5,5,4,14,Champions,2,High-Value Loyal
16930,3,378.89,339,47,United Kingdom,26,68,126.29666666666667,True,21.0,4,4,2,10,Champions,3,Active Mid-Value
16931,21,4554.87,3134,448,United Kingdom,5,369,216.89857142857142,True,17.7,5,5,5,15,Champions,2,High-Value Loyal
16932,1,150.23000000000002,82,44,United Kingdom,53,53,150.23000000000002,False,,3,2,1,6,Needs Attention,0,Dormant Low-Value
16933,2,563.23,288,42,United Kingdom,1,239,281.615,True,237.0,5,3,3,11,Loyal,3,Active Mid-Value
16934,2,931.03,397,59,United Kingdom,54,54,465.515,True,0.0,3,3,4,10,Loyal,1,Lapsing Mid-Value
16936,1,261.9,171,56,United Kingdom,25,25,261.9,False,,4,2,2,8,New / Promising,3,Active Mid-Value
16938,4,1878.43,1018,212,United Kingdom,8,308,469.6075,True,99.33333333333333,5,4,4,13,Champions,1,Lapsing Mid-Value
16940,3,3049.88,2169,226,United Kingdom,52,289,1016.6266666666667,True,118.5,3,4,5,12,Loyal,1,Lapsing Mid-Value
16942,9,1904.99,805,159,United Kingdom,12,227,211.66555555555556,True,26.5,5,5,4,14,Champions,2,High-Value Loyal
16943,3,816.73,145,23,United Kingdom,211,318,272.24333333333334,True,53.0,1,4,3,8,At Risk,1,Lapsing Mid-Value
16945,19,4345.5,2725,137,United Kingdom,21,358,228.71052631578948,True,18.333333333333332,4,5,5,14,Champions,2,High-Value Loyal
16947,1,406.48,312,21,United Kingdom,235,235,406.48,False,,1,2,2,5,Lost,0,Dormant Low-Value
16948,3,435.02,1614,15,United Kingdom,138,325,145.00666666666666,True,93.0,2,4,2,8,At Risk,0,Dormant Low-Value
16949,6,1286.27,791,57,United Kingdom,3,316,214.37833333333333,True,62.2,5,5,4,14,Champions,2,High-Value Loyal
16950,3,1178.56,644,39,United Kingdom,56,367,392.8533333333333,True,154.5,3,4,4,11,Loyal,1,Lapsing Mid-Value
16951,3,1277.75,1318,73,United Kingdom,134,304,425.9166666666667,True,84.5,2,4,4,10,At Risk,1,Lapsing Mid-Value
16952,2,167.61,92,16,United Kingdom,109,109,83.805,True,0.0,2,3,1,6,Hibernating,0,Dormant Low-Value
16953,1,20.8,10,1,United Kingdom,30,30,20.8,False,,4,2,1,7,New / Promising,0,Dormant Low-Value
16954,9,2085.08,1054,40,United Kingdom,0,359,231.67555555555555,True,44.375,5,5,5,15,Champions,2,High-Value Loyal
16955,4,518.67,266,18,United Kingdom,184,373,129.6675,True,62.333333333333336,1,4,3,8,At Risk,1,Lapsing Mid-Value
16956,1,308.74,114,16,United Kingdom,17,17,308.74,False,,4,2,2,8,New / Promising,3,Active Mid-Value
16957,2,416.64,172,15,United Kingdom,239,281,208.32,True,42.0,1,3,2,6,Hibernating,0,Dormant Low-Value
16959,1,117.35000000000001,49,7,United Kingdom,87,87,117.35000000000001,False,,2,2,1,5,Lost,0,Dormant Low-Value
16960,3,505.1,301,91,United Kingdom,38,252,168.36666666666667,True,106.0,3,4,3,10,Loyal,3,Active Mid-Value
16961,1,234.17000000000002,125,14,United Kingdom,116,116,234.17000000000002,False,,2,2,1,5,Lost,0,Dormant Low-Value
16963,1,110.55000000000001,35,7,United Kingdom,187,187,110.55000000000001,False,,1,2,1,4,Lost,0,Dormant Low-Value
16965,1,192.07,243,25,United Kingdom,226,226,192.07,False,,1,2,1,4,Lost,0,Dormant Low-Value
16966,7,2154.97,1981,8,United Kingdom,8,240,307.8528571428571,True,38.166666666666664,5,5,5,15,Champions,2,High-Value Loyal
16967,1,319.02,333,21,United Kingdom,189,189,319.02,False,,1,2,2,5,Lost,0,Dormant Low-Value
16968,2,439.43,326,31,United Kingdom,4,107,219.715,True,103.0,5,3,2,10,Loyal,3,Active Mid-Value
16969,3,650.41,816,42,United Kingdom,39,191,216.8033333333333,True,75.5,3,4,3,10,Loyal,1,Lapsing Mid-Value
16971,1,357.21,72,40,United Kingdom,38,38,357.21,False,,3,2,2,7,Needs Attention,3,Active Mid-Value
16976,1,251.51999999999998,88,2,United Kingdom,267,267,251.51999999999998,False,,1,2,2,5,Lost,0,Dormant Low-Value
16978,1,344.33,166,39,United Kingdom,77,77,344.33,False,,2,2,2,6,Lost,0,Dormant Low-Value
16979,6,1852.0,865,64,United Kingdom,3,297,308.6666666666667,True,58.2,5,5,4,14,Champions,2,High-Value Loyal
16980,2,1028.46,739,71,United Kingdom,255,291,514.23,True,36.0,1,3,4,8,Hibernating,0,Dormant Low-Value
16982,1,384.06,182,22,United Kingdom,60,60,384.06,False,,3,2,2,7,Needs Attention,0,Dormant Low-Value
16983,7,1905.87,1335,112,United Kingdom,12,369,272.26714285714286,True,59.0,5,5,4,14,Champions,2,High-Value Loyal
16984,2,4459.52,2380,354,United Kingdom,88,130,2229.76,True,41.0,2,3,5,10,Hibernating,1,Lapsing Mid-Value
16985,10,5464.12,1832,62,United Kingdom,17,358,546.412,True,37.55555555555556,4,5,5,14,Champions,2,High-Value Loyal
16986,2,1873.2,1040,3,United Kingdom,29,30,936.6,True,0.0,4,3,4,11,Loyal,1,Lapsing Mid-Value
16987,7,1616.8,401,74,United Kingdom,3,205,230.97142857142856,True,33.333333333333336,5,5,4,14,Champions,2,High-Value Loyal
16988,1,126.12,43,7,United Kingdom,5,5,126.12,False,,5,2,1,8,New / Promising,3,Active Mid-Value
16989,6,1133.25,1233,7,United Kingdom,7,150,188.875,True,28.2,5,5,4,14,Champions,2,High-Value Loyal
16990,1,179.0,100,1,United Kingdom,218,218,179.0,False,,1,2,1,4,Lost,0,Dormant Low-Value
16992,5,1614.31,860,84,United Kingdom,10,284,322.86199999999997,True,67.75,5,4,4,13,Champions,1,Lapsing Mid-Value
16996,6,1456.96,544,13,United Kingdom,30,353,242.82666666666668,True,64.2,4,5,4,13,Champions,1,Lapsing Mid-Value
16997,3,702.0,360,7,United Kingdom,288,325,234.0,True,18.5,1,4,3,8,At Risk,0,Dormant Low-Value
16998,4,295.0,76,1,United Kingdom,149,304,73.75,True,51.0,2,4,2,8,At Risk,0,Dormant Low-Value
16999,2,484.82,294,21,United Kingdom,23,74,242.41,True,50.0,4,3,3,10,Loyal,3,Active Mid-Value
17001,11,3989.57,2164,75,United Kingdom,0,358,362.6881818181818,True,35.3,5,5,5,15,Champions,2,High-Value Loyal
17002,3,1493.73,679,41,United Kingdom,85,290,497.91,True,102.0,2,4,4,10,At Risk,1,Lapsing Mid-Value
17004,2,1312.1399999999999,771,38,United Kingdom,46,92,656.0699999999999,True,46.0,3,3,4,10,Loyal,1,Lapsing Mid-Value
17006,4,781.78,272,37,United Kingdom,4,75,195.445,True,23.0,5,4,3,12,Champions,3,Active Mid-Value
17007,6,889.9300000000001,597,50,United Kingdom,50,357,148.3216666666667,True,61.0,3,5,3,11,Loyal,1,Lapsing Mid-Value
17010,1,195.36,118,11,United Kingdom,18,18,195.36,False,,4,2,1,7,New / Promising,3,Active Mid-Value
17011,1,270.9,186,15,United Kingdom,30,30,270.9,False,,4,2,2,8,New / Promising,3,Active Mid-Value
17014,3,583.4300000000001,243,63,United Kingdom,8,66,194.4766666666667,True,28.5,5,4,3,12,Champions,3,Active Mid-Value
17015,3,1838.61,1978,182,United Kingdom,28,185,612.87,True,78.0,4,4,4,12,Champions,1,Lapsing Mid-Value
17017,20,8694.26,6673,88,United Kingdom,2,372,434.713,True,19.105263157894736,5,5,5,15,Champions,2,High-Value Loyal
17018,2,920.1,176,15,United Kingdom,40,325,460.05,True,285.0,3,3,3,9,Loyal,1,Lapsing Mid-Value
17019,4,1258.08,820,166,United Kingdom,11,368,314.52,True,118.33333333333333,5,4,4,13,Champions,1,Lapsing Mid-Value
17022,1,71.0,108,7,United Kingdom,31,31,71.0,False,,4,2,1,7,New / Promising,0,Dormant Low-Value
17024,3,95.85,69,2,United Kingdom,45,157,31.95,True,55.5,3,4,1,8,Loyal,0,Dormant Low-Value
17025,3,357.77,235,8,United Kingdom,60,373,119.25666666666666,True,156.0,3,4,2,9,Loyal,0,Dormant Low-Value
17026,2,154.83,97,4,United Kingdom,185,369,77.415,True,184.0,1,3,1,5,Hibernating,0,Dormant Low-Value
17027,6,877.5600000000001,416,110,United Kingdom,78,317,146.26000000000002,True,47.2,2,5,3,10,At Risk,1,Lapsing Mid-Value
17029,2,716.0,400,1,United Kingdom,110,236,358.0,True,126.0,2,3,3,8,Hibernating,0,Dormant Low-Value
17030,1,146.87,146,11,United Kingdom,63,63,146.87,False,,3,2,1,6,Needs Attention,0,Dormant Low-Value
17031,2,380.35,235,19,United Kingdom,11,154,190.175,True,143.0,5,3,2,10,Loyal,3,Active Mid-Value
17033,3,1030.14,750,24,United Kingdom,86,359,343.38000000000005,True,136.0,2,4,4,10,At Risk,1,Lapsing Mid-Value
17034,3,745.52,410,28,United Kingdom,16,287,248.50666666666666,True,135.0,4,4,3,11,Champions,3,Active Mid-Value
17035,2,433.53000000000003,229,27,United Kingdom,245,311,216.76500000000001,True,65.0,1,3,2,6,Hibernating,0,Dormant Low-Value
17037,1,1267.32,656,75,United Kingdom,87,87,1267.32,False,,2,2,4,8,Lost,0,Dormant Low-Value
17038,1,112.4,28,22,United Kingdom,30,30,112.4,False,,4,2,1,7,New / Promising,0,Dormant Low-Value
17040,1,449.73,181,15,United Kingdom,137,137,449.73,False,,2,2,2,6,Lost,0,Dormant Low-Value
17041,3,1071.49,927,59,United Kingdom,26,360,357.16333333333336,True,166.5,4,4,4,12,Champions,1,Lapsing Mid-Value
17042,5,1036.58,990,74,United Kingdom,2,247,207.31599999999997,True,60.5,5,4,4,13,Champions,3,Active Mid-Value
17043,4,1735.18,998,100,United Kingdom,32,266,433.795,True,77.33333333333333,4,4,4,12,Champions,1,Lapsing Mid-Value
17044,1,948.48,504,6,United Kingdom,25,25,948.48,False,,4,2,4,10,New / Promising,3,Active Mid-Value
17045,3,339.44,106,20,United Kingdom,113,247,113.14666666666666,True,67.0,2,4,2,8,At Risk,0,Dormant Low-Value
17046,1,642.02,510,22,United Kingdom,157,157,642.02,False,,2,2,3,7,Lost,0,Dormant Low-Value
17047,3,1100.9,533,59,United Kingdom,85,205,366.9666666666667,True,59.5,2,4,4,10,At Risk,1,Lapsing Mid-Value
17048,3,925.35,485,41,United Kingdom,117,331,308.45,True,106.0,2,4,4,10,At Risk,1,Lapsing Mid-Value
17049,9,5655.03,2673,201,United Kingdom,2,275,628.3366666666666,True,33.75,5,5,5,15,Champions,2,High-Value Loyal
17050,6,3185.64,1595,169,United Kingdom,96,299,530.9399999999999,True,40.2,2,5,5,12,At Risk,1,Lapsing Mid-Value
17051,1,240.89,179,40,United Kingdom,194,194,240.89,False,,1,2,1,4,Lost,0,Dormant Low-Value
17052,1,399.09,251,72,United Kingdom,28,28,399.09,False,,4,2,2,8,New / Promising,3,Active Mid-Value
17053,1,498.48,122,13,United Kingdom,130,130,498.48,False,,2,2,3,7,Lost,0,Dormant Low-Value
17054,5,1356.33,804,64,United Kingdom,28,245,271.26599999999996,True,53.75,4,4,4,12,Champions,1,Lapsing Mid-Value
17058,3,1179.89,592,51,United Kingdom,81,239,393.2966666666667,True,78.5,2,4,4,10,At Risk,1,Lapsing Mid-Value
17059,5,3080.39,1850,292,United Kingdom,29,369,616.078,True,84.5,4,4,5,13,Champions,1,Lapsing Mid-Value
17060,1,234.24,216,5,United Kingdom,266,266,234.24,False,,1,2,1,4,Lost,0,Dormant Low-Value
17061,11,5232.2300000000005,1526,57,United Kingdom,73,232,475.65727272727275,True,15.4,2,5,5,12,At Risk,2,High-Value Loyal
17062,4,528.29,406,51,United Kingdom,313,369,132.0725,True,18.0,1,4,3,8,At Risk,0,Dormant Low-Value
17063,7,1461.14,770,66,United Kingdom,21,289,208.73428571428573,True,44.5,4,5,4,13,Champions,1,Lapsing Mid-Value
17064,3,855.45,316,53,United Kingdom,58,327,285.15000000000003,True,133.5,3,4,3,10,Loyal,1,Lapsing Mid-Value
17068,21,4545.89,2159,115,United Kingdom,12,368,216.47095238095238,True,17.4,5,5,5,15,Champions,2,High-Value Loyal
17069,9,2709.7000000000003,1506,111,United Kingdom,28,373,301.0777777777778,True,42.625,4,5,5,14,Champions,2,High-Value Loyal
17070,1,304.24,131,62,United Kingdom,114,114,304.24,False,,2,2,2,6,Lost,0,Dormant Low-Value
17071,9,2429.03,1197,102,United Kingdom,28,309,269.89222222222224,True,34.625,4,5,5,14,Champions,2,High-Value Loyal
17073,4,1444.84,758,141,United Kingdom,17,109,361.21,True,30.333333333333332,4,4,4,12,Champions,1,Lapsing Mid-Value
17075,4,834.12,292,62,United Kingdom,17,317,208.53,True,99.33333333333333,4,4,3,11,Champions,1,Lapsing Mid-Value
17076,3,841.0799999999999,295,17,United Kingdom,36,364,280.35999999999996,True,163.5,3,4,3,10,Loyal,1,Lapsing Mid-Value
17078,2,375.86,782,27,United Kingdom,36,36,187.93,True,0.0,3,3,2,8,Loyal,3,Active Mid-Value
17079,1,118.80000000000001,24,2,United Kingdom,78,78,118.80000000000001,False,,2,2,1,5,Lost,0,Dormant Low-Value
17080,2,287.62,166,8,United Kingdom,22,269,143.81,True,247.0,4,3,2,9,Loyal,3,Active Mid-Value
17081,2,288.91,77,55,United Kingdom,25,46,144.455,True,20.0,4,3,2,9,Loyal,3,Active Mid-Value
17082,2,2003.8500000000001,1049,75,United Kingdom,33,318,1001.9250000000001,True,285.0,3,3,4,10,Loyal,1,Lapsing Mid-Value
17083,3,1405.78,772,24,United Kingdom,109,303,468.5933333333333,True,97.0,2,4,4,10,At Risk,1,Lapsing Mid-Value
17084,2,2747.9900000000002,1702,146,United Kingdom,35,35,1373.9950000000001,True,0.0,3,3,5,11,Loyal,1,Lapsing Mid-Value
17085,5,1562.4,785,115,United Kingdom,123,362,312.48,True,59.25,2,4,4,10,At Risk,1,Lapsing Mid-Value
17086,6,2050.08,1859,76,United Kingdom,7,63,341.68,True,11.0,5,5,5,15,Champions,2,High-Value Loyal
17088,4,1991.01,868,96,United Kingdom,28,253,497.7525,True,74.66666666666667,4,4,4,12,Champions,1,Lapsing Mid-Value
17090,7,1974.65,903,45,United Kingdom,4,354,282.09285714285716,True,57.833333333333336,5,5,4,14,Champions,2,High-Value Loyal
17091,9,3827.76,1746,119,United Kingdom,2,367,425.3066666666667,True,45.375,5,5,5,15,Champions,2,High-Value Loyal
17092,4,1774.03,1130,99,United Kingdom,50,277,443.5075,True,75.33333333333333,3,4,4,11,Loyal,1,Lapsing Mid-Value
17094,1,302.0,152,14,United Kingdom,322,322,302.0,False,,1,2,2,5,Lost,0,Dormant Low-Value
17095,3,1324.16,618,69,United Kingdom,22,334,441.3866666666667,True,155.5,4,4,4,12,Champions,1,Lapsing Mid-Value
17096,4,1022.13,339,46,United Kingdom,15,261,255.5325,True,81.33333333333333,4,4,4,12,Champions,1,Lapsing Mid-Value
17097,8,954.42,459,153,Spain,2,365,119.3025,True,51.57142857142857,5,5,4,14,Champions,2,High-Value Loyal
17100,2,971.74,800,65,United Kingdom,18,18,485.87,True,0.0,4,3,4,11,Loyal,3,Active Mid-Value
17101,4,1621.73,815,28,United Kingdom,10,178,405.4325,True,55.333333333333336,5,4,4,13,Champions,1,Lapsing Mid-Value
17102,1,25.5,2,1,United Kingdom,261,261,25.5,False,,1,2,1,4,Lost,0,Dormant Low-Value
17105,2,665.78,693,80,United Kingdom,159,306,332.89,True,147.0,2,3,3,8,Hibernating,0,Dormant Low-Value
17107,6,10797.48,4826,269,United Kingdom,33,278,1799.58,True,48.4,3,5,5,13,Loyal,2,High-Value Loyal
17109,6,881.29,588,107,United Kingdom,29,232,146.88166666666666,True,40.2,4,5,3,12,Champions,1,Lapsing Mid-Value
17110,1,163.29999999999998,50,12,United Kingdom,165,165,163.29999999999998,False,,2,2,1,5,Lost,0,Dormant Low-Value
17111,1,231.61,282,29,United Kingdom,47,47,231.61,False,,3,2,1,6,Needs Attention,0,Dormant Low-Value
17114,8,801.12,215,85,United Kingdom,5,334,100.14,True,46.57142857142857,5,5,3,13,Champions,2,High-Value Loyal
17115,3,837.5,372,33,United Kingdom,8,233,279.1666666666667,True,112.0,5,4,3,12,Champions,3,Active Mid-Value
17117,1,116.2,68,9,United Kingdom,288,288,116.2,False,,1,2,1,4,Lost,0,Dormant Low-Value
17118,1,157.02,154,10,United Kingdom,317,317,157.02,False,,1,2,1,4,Lost,0,Dormant Low-Value
17119,2,606.91,334,35,United Kingdom,3,59,303.455,True,56.0,5,3,3,11,Loyal,3,Active Mid-Value
17120,1,307.46,120,18,United Kingdom,233,233,307.46,False,,1,2,2,5,Lost,0,Dormant Low-Value
17122,1,138.32,80,7,United Kingdom,119,119,138.32,False,,2,2,1,5,Lost,0,Dormant Low-Value
17123,1,345.3,246,9,United Kingdom,161,161,345.3,False,,2,2,2,6,Lost,0,Dormant Low-Value
17124,1,294.24,129,31,United Kingdom,185,185,294.24,False,,1,2,2,5,Lost,0,Dormant Low-Value
17125,1,230.5,281,34,United Kingdom,50,50,230.5,False,,3,2,1,6,Needs Attention,0,Dormant Low-Value
17126,5,989.45,780,187,United Kingdom,152,362,197.89000000000001,True,52.5,2,4,4,10,At Risk,1,Lapsing Mid-Value
17128,1,157.09,76,14,United Kingdom,334,334,157.09,False,,1,2,1,4,Lost,0,Dormant Low-Value
17131,5,2463.17,983,78,United Kingdom,5,75,492.634,True,17.25,5,4,5,14,Champions,2,High-Value Loyal
17133,7,4892.240000000001,2730,13,United Kingdom,15,266,698.8914285714287,True,41.333333333333336,4,5,5,14,Champions,2,High-Value Loyal
17134,2,413.2,98,21,United Kingdom,106,264,206.6,True,157.0,2,3,2,7,Hibernating,0,Dormant Low-Value
17135,7,1139.73,1224,34,United Kingdom,16,371,162.81857142857143,True,59.0,4,5,4,13,Champions,1,Lapsing Mid-Value
17138,1,380.5,126,24,United Kingdom,275,275,380.5,False,,1,2,2,5,Lost,0,Dormant Low-Value
17139,12,10650.77,5176,309,United Kingdom,15,288,887.5641666666667,True,24.545454545454547,4,5,5,14,Champions,2,High-Value Loyal
17140,1,454.12,296,16,United Kingdom,247,247,454.12,False,,1,2,2,5,Lost,0,Dormant Low-Value
17142,1,579.0,81,15,United Kingdom,239,239,579.0,False,,1,2,3,6,Lost,0,Dormant Low-Value
17144,2,984.57,483,42,United Kingdom,1,84,492.285,True,83.0,5,3,4,12,Loyal,3,Active Mid-Value
17146,3,749.78,212,33,United Kingdom,105,358,249.92666666666665,True,126.0,2,4,3,9,At Risk,1,Lapsing Mid-Value
17147,4,1714.59,882,68,United Kingdom,22,311,428.6475,True,96.0,4,4,4,12,Champions,1,Lapsing Mid-Value
17148,1,124.88,82,9,United Kingdom,51,51,124.88,False,,3,2,1,6,Needs Attention,0,Dormant Low-Value
17152,3,1689.5,517,9,United Kingdom,194,263,563.1666666666666,True,34.0,1,4,4,9,At Risk,1,Lapsing Mid-Value
17153,1,213.78,104,14,United Kingdom,24,24,213.78,False,,4,2,1,7,New / Promising,3,Active Mid-Value
17154,1,329.34,490,23,United Kingdom,75,75,329.34,False,,2,2,2,6,Lost,0,Dormant Low-Value
17155,2,251.7,242,19,United Kingdom,17,177,125.85,True,160.0,4,3,2,9,Loyal,3,Active Mid-Value
17157,2,319.0,172,11,United Kingdom,7,176,159.5,True,168.0,5,3,2,10,Loyal,3,Active Mid-Value
17158,3,1266.97,778,53,United Kingdom,32,360,422.3233333333333,True,163.5,4,4,4,12,Champions,1,Lapsing Mid-Value
17159,3,1538.88,1111,96,United Kingdom,21,171,512.96,True,74.5,4,4,4,12,Champions,1,Lapsing Mid-Value
17160,6,3518.03,2856,111,United Kingdom,31,241,586.3383333333334,True,41.6,4,5,5,14,Champions,1,Lapsing Mid-Value
17162,10,1715.46,1001,81,United Kingdom,28,305,171.546,True,30.444444444444443,4,5,4,13,Champions,2,High-Value Loyal
17163,2,293.1,66,3,United Kingdom,21,78,146.55,True,56.0,4,3,2,9,Loyal,3,Active Mid-Value
17164,7,2467.35,1501,92,United Kingdom,32,273,352.4785714285714,True,39.666666666666664,4,5,5,14,Champions,1,Lapsing Mid-Value
17165,1,158.68,100,10,United Kingdom,284,284,158.68,False,,1,2,1,4,Lost,0,Dormant Low-Value
17166,2,206.34,78,11,United Kingdom,38,203,103.17,True,165.0,3,3,1,7,Loyal,3,Active Mid-Value
17169,2,835.78,526,51,United Kingdom,57,183,417.89,True,125.0,3,3,3,9,Loyal,1,Lapsing Mid-Value
17171,1,224.91,185,16,United Kingdom,289,289,224.91,False,,1,2,1,4,Lost,0,Dormant Low-Value
17172,1,317.76,480,15,United Kingdom,78,78,317.76,False,,2,2,2,6,Lost,0,Dormant Low-Value
17173,8,3766.6,1122,36,United Kingdom,5,131,470.825,True,17.714285714285715,5,5,5,15,Champions,2,High-Value Loyal
17174,1,59.9,41,4,United Kingdom,217,217,59.9,False,,1,2,1,4,Lost,0,Dormant Low-Value
17175,4,1443.69,866,42,United Kingdom,44,296,360.9225,True,83.33333333333333,3,4,4,11,Loyal,1,Lapsing Mid-Value
17176,1,306.13,170,15,United Kingdom,201,201,306.13,False,,1,2,2,5,Lost,0,Dormant Low-Value
17179,3,711.79,290,56,United Kingdom,178,361,237.26333333333332,True,91.5,2,4,3,9,At Risk,1,Lapsing Mid-Value
17180,4,783.97,670,91,United Kingdom,56,316,195.9925,True,86.0,3,4,3,10,Loyal,1,Lapsing Mid-Value
17181,2,239.92000000000002,241,23,United Kingdom,57,373,119.96000000000001,True,316.0,3,3,1,7,Loyal,0,Dormant Low-Value
17183,6,3347.31,1296,42,United Kingdom,7,105,557.885,True,19.0,5,5,5,15,Champions,2,High-Value Loyal
17186,2,144.0,200,1,United Kingdom,46,60,72.0,True,13.0,3,3,1,7,Loyal,0,Dormant Low-Value
17187,1,203.95,144,10,United Kingdom,226,226,203.95,False,,1,2,1,4,Lost,0,Dormant Low-Value
17188,7,2474.23,1328,71,United Kingdom,11,362,353.4614285714286,True,58.166666666666664,5,5,5,15,Champions,2,High-Value Loyal
17189,2,383.75,226,52,United Kingdom,106,359,191.875,True,253.0,2,3,2,7,Hibernating,0,Dormant Low-Value
17190,2,444.74,161,19,United Kingdom,58,207,222.37,True,148.0,3,3,2,8,Loyal,0,Dormant Low-Value
17191,7,2093.68,1166,163,United Kingdom,28,368,299.09714285714284,True,56.333333333333336,4,5,5,14,Champions,1,Lapsing Mid-Value
17193,7,1699.3,1254,17,United Kingdom,35,176,242.75714285714284,True,23.333333333333332,3,5,4,12,Loyal,1,Lapsing Mid-Value
17194,1,226.78,112,25,United Kingdom,360,360,226.78,False,,1,2,1,4,Lost,0,Dormant Low-Value
17197,1,1013.01,191,29,United Kingdom,29,29,1013.01,False,,4,2,4,10,New / Promising,3,Active Mid-Value
17198,3,692.22,357,89,United Kingdom,23,371,230.74,True,173.0,4,4,3,11,Champions,3,Active Mid-Value
17201,1,289.78000000000003,231,38,United Kingdom,53,53,289.78000000000003,False,,3,2,2,7,Needs Attention,0,Dormant Low-Value
17203,6,3560.08,2846,116,United Kingdom,35,60,593.3466666666667,True,4.6,3,5,5,13,Loyal,1,Lapsing Mid-Value
17204,4,1564.56,646,44,United Kingdom,175,263,391.14,True,29.0,2,4,4,10,At Risk,1,Lapsing Mid-Value
17205,1,384.08,884,13,United Kingdom,53,53,384.08,False,,3,2,2,7,Needs Attention,0,Dormant Low-Value
17206,1,204.24,76,7,United Kingdom,53,53,204.24,False,,3,2,1,6,Needs Attention,0,Dormant Low-Value
17211,8,2317.2200000000003,1323,150,United Kingdom,26,369,289.65250000000003,True,48.57142857142857,4,5,5,14,Champions,1,Lapsing Mid-Value
17212,1,226.85,147,4,United Kingdom,253,253,226.85,False,,1,2,1,4,Lost,0,Dormant Low-Value
17213,7,2781.23,1176,85,United Kingdom,40,366,397.31857142857143,True,54.0,3,5,5,13,Loyal,1,Lapsing Mid-Value
17214,6,1059.1200000000001,272,79,United Kingdom,60,359,176.52,True,59.2,3,5,4,12,Loyal,1,Lapsing Mid-Value
17217,1,113.5,24,9,United Kingdom,234,234,113.5,False,,1,2,1,4,Lost,0,Dormant Low-Value
17218,10,1951.97,955,146,United Kingdom,4,368,195.197,True,39.888888888888886,5,5,4,14,Champions,2,High-Value Loyal
17219,1,114.23,89,24,United Kingdom,31,31,114.23,False,,4,2,1,7,New / Promising,0,Dormant Low-Value
17220,14,3187.55,1897,303,United Kingdom,24,364,227.68214285714288,True,25.76923076923077,4,5,5,14,Champions,2,High-Value Loyal
17221,2,334.48,287,59,United Kingdom,7,36,167.24,True,28.0,5,3,2,10,Loyal,3,Active Mid-Value
17222,1,328.65,122,27,United Kingdom,65,65,328.65,False,,3,2,2,7,Needs Attention,0,Dormant Low-Value
17223,2,381.89,109,42,United Kingdom,310,368,190.945,True,58.0,1,3,2,6,Hibernating,0,Dormant Low-Value
17226,1,393.49,406,21,United Kingdom,308,308,393.49,False,,1,2,2,5,Lost,0,Dormant Low-Value
17227,6,939.32,741,28,United Kingdom,18,368,156.55333333333334,True,69.6,4,5,4,13,Champions,1,Lapsing Mid-Value
17228,8,1906.09,1532,140,United Kingdom,15,372,238.26125,True,50.42857142857143,4,5,4,13,Champions,2,High-Value Loyal
17229,2,318.76,185,39,United Kingdom,96,142,159.38,True,46.0,2,3,2,7,Hibernating,0,Dormant Low-Value
17230,8,3638.41,1651,51,United Kingdom,264,359,454.80125,True,13.428571428571429,1,5,5,11,At Risk,1,Lapsing Mid-Value
17231,10,3124.72,1724,292,United Kingdom,12,361,312.472,True,38.22222222222222,5,5,5,15,Champions,2,High-Value Loyal
17232,2,417.77,202,30,United Kingdom,2,14,208.885,True,11.0,5,3,2,10,Loyal,3,Active Mid-Value
17233,1,190.88,131,25,United Kingdom,35,35,190.88,False,,3,2,1,6,Needs Attention,0,Dormant Low-Value
17234,1,149.89,55,14,United Kingdom,182,182,149.89,False,,1,2,1,4,Lost,0,Dormant Low-Value
17235,2,550.0600000000001,224,24,United Kingdom,25,372,275.03000000000003,True,347.0,4,3,3,10,Loyal,3,Active Mid-Value
17236,6,916.13,474,88,United Kingdom,12,362,152.68833333333333,True,69.4,5,5,3,13,Champions,1,Lapsing Mid-Value
17237,2,314.69,105,18,United Kingdom,11,22,157.345,True,11.0,5,3,2,10,Loyal,3,Active Mid-Value
17238,17,3719.1,1807,297,United Kingdom,2,371,218.7705882352941,True,22.5625,5,5,5,15,Champions,2,High-Value Loyal
17239,1,382.5,150,15,United Kingdom,312,312,382.5,False,,1,2,2,5,Lost,0,Dormant Low-Value
17242,2,1135.04,611,30,United Kingdom,108,180,567.52,True,72.0,2,3,4,9,Hibernating,1,Lapsing Mid-Value
17243,26,8531.65,3316,179,United Kingdom,1,369,328.1403846153846,True,14.36,5,5,5,15,Champions,2,High-Value Loyal
17244,1,954.9,616,31,United Kingdom,53,53,954.9,False,,3,2,4,9,Needs Attention,0,Dormant Low-Value
17245,1,171.45000000000002,75,9,United Kingdom,204,204,171.45000000000002,False,,1,2,1,4,Lost,0,Dormant Low-Value
17247,1,280.09000000000003,105,53,United Kingdom,15,15,280.09000000000003,False,,4,2,2,8,New / Promising,3,Active Mid-Value
17248,1,318.65,213,68,United Kingdom,120,120,318.65,False,,2,2,2,6,Lost,0,Dormant Low-Value
17250,2,381.97,167,55,United Kingdom,3,261,190.985,True,257.0,5,3,2,10,Loyal,3,Active Mid-Value
17251,1,269.83,108,37,United Kingdom,362,362,269.83,False,,1,2,2,5,Lost,0,Dormant Low-Value
17252,2,348.90999999999997,192,86,United Kingdom,116,186,174.45499999999998,True,69.0,2,3,2,7,Hibernating,0,Dormant Low-Value
17253,1,178.26,43,18,United Kingdom,18,18,178.26,False,,4,2,1,7,New / Promising,3,Active Mid-Value
17254,2,271.19,251,100,United Kingdom,4,15,135.595,True,10.0,5,3,2,10,Loyal,3,Active Mid-Value
17255,2,291.48,227,69,United Kingdom,40,299,145.74,True,258.0,3,3,2,8,Loyal,3,Active Mid-Value
17256,2,240.0,141,12,United Kingdom,107,312,120.0,True,204.0,2,3,1,6,Hibernating,0,Dormant Low-Value
17259,2,581.23,388,104,United Kingdom,148,368,290.615,True,220.0,2,3,3,8,Hibernating,0,Dormant Low-Value
17262,5,1253.3600000000001,367,9,United Kingdom,52,366,250.67200000000003,True,78.25,3,4,4,11,Loyal,1,Lapsing Mid-Value
17263,1,63.440000000000005,36,23,United Kingdom,208,208,63.440000000000005,False,,1,2,1,4,Lost,0,Dormant Low-Value
17265,2,550.01,389,106,United Kingdom,138,180,275.005,True,41.0,2,3,3,8,Hibernating,0,Dormant Low-Value
17266,3,296.58,153,60,United Kingdom,2,147,98.86,True,72.0,5,4,2,11,Champions,3,Active Mid-Value
17267,2,317.2,158,37,United Kingdom,127,127,158.6,True,0.0,2,3,2,7,Hibernating,0,Dormant Low-Value
17268,4,763.64,844,3,United Kingdom,107,245,190.91,True,45.333333333333336,2,4,3,9,At Risk,1,Lapsing Mid-Value
17272,4,2148.63,1778,70,United Kingdom,42,262,537.1575,True,73.33333333333333,3,4,5,12,Loyal,1,Lapsing Mid-Value
17274,1,107.82,77,24,United Kingdom,35,35,107.82,False,,3,2,1,6,Needs Attention,0,Dormant Low-Value
17277,2,1065.3500000000001,430,67,United Kingdom,227,322,532.6750000000001,True,95.0,1,3,4,8,Hibernating,0,Dormant Low-Value
17278,1,246.04000000000002,179,15,United Kingdom,241,241,246.04000000000002,False,,1,2,1,4,Lost,0,Dormant Low-Value
17279,1,187.82999999999998,48,8,United Kingdom,57,57,187.82999999999998,False,,3,2,1,6,Needs Attention,0,Dormant Low-Value
17282,3,1685.46,1866,79,United Kingdom,130,299,561.82,True,84.0,2,4,4,10,At Risk,1,Lapsing Mid-Value
17284,6,1647.48,1362,229,United Kingdom,60,336,274.58,True,54.8,3,5,4,12,Loyal,1,Lapsing Mid-Value
17286,1,151.37,117,44,United Kingdom,21,21,151.37,False,,4,2,1,7,New / Promising,3,Active Mid-Value
17287,7,1049.06,556,88,United Kingdom,26,372,149.8657142857143,True,57.333333333333336,4,5,4,13,Champions,1,Lapsing Mid-Value
17288,7,1417.6299999999999,1201,118,United Kingdom,9,358,202.51857142857142,True,57.666666666666664,5,5,4,14,Champions,2,High-Value Loyal
17289,3,931.02,513,86,United Kingdom,31,180,310.34,True,73.5,4,4,4,12,Champions,1,Lapsing Mid-Value
17290,2,513.01,397,92,United Kingdom,3,16,256.505,True,12.0,5,3,3,11,Loyal,3,Active Mid-Value
17291,1,550.8000000000001,72,1,United Kingdom,308,308,550.8000000000001,False,,1,2,3,6,Lost,0,Dormant Low-Value
17293,9,1854.06,1135,93,United Kingdom,8,361,206.00666666666666,True,43.75,5,5,4,14,Champions,2,High-Value Loyal
17295,3,547.0,293,53,United Kingdom,28,64,182.33333333333334,True,17.5,4,4,3,11,Champions,3,Active Mid-Value
17297,1,128.18,65,49,United Kingdom,17,17,128.18,False,,4,2,1,7,New / Promising,3,Active Mid-Value
17298,2,498.42,387,30,United Kingdom,101,124,249.21,True,23.0,2,3,3,8,Hibernating,0,Dormant Low-Value
17299,4,656.61,668,50,United Kingdom,11,173,164.1525,True,53.0,5,4,3,12,Champions,3,Active Mid-Value
17301,1,163.24,137,59,United Kingdom,21,21,163.24,False,,4,2,1,7,New / Promising,3,Active Mid-Value
17302,5,1135.63,575,68,United Kingdom,14,305,227.12600000000003,True,72.25,5,4,4,13,Champions,1,Lapsing Mid-Value
17303,1,250.04,144,53,United Kingdom,361,361,250.04,False,,1,2,2,5,Lost,0,Dormant Low-Value
17306,19,8631.31,11491,13,United Kingdom,10,353,454.2794736842105,True,18.61111111111111,5,5,5,15,Champions,2,High-Value Loyal
17309,1,82.75,41,11,United Kingdom,95,95,82.75,False,,2,2,1,5,Lost,0,Dormant Low-Value
17311,2,1384.85,1005,55,United Kingdom,78,316,692.425,True,238.0,2,3,4,9,Hibernating,1,Lapsing Mid-Value
17312,3,644.3,372,11,United Kingdom,138,159,214.76666666666665,True,10.0,2,4,3,9,At Risk,1,Lapsing Mid-Value
17313,1,2328.84,1402,24,United Kingdom,31,31,2328.84,False,,4,2,5,11,New / Promising,1,Lapsing Mid-Value
17314,8,2527.92,1896,120,United Kingdom,24,312,315.99,True,40.57142857142857,4,5,5,14,Champions,2,High-Value Loyal
17315,36,6241.15,3837,254,United Kingdom,1,357,173.36527777777778,True,9.657142857142857,5,5,5,15,Champions,2,High-Value Loyal
17317,3,2600.34,1146,8,United Kingdom,46,89,866.7800000000001,True,21.0,3,4,5,12,Loyal,1,Lapsing Mid-Value
17320,3,1200.6200000000001,634,57,United Kingdom,100,368,400.2066666666667,True,133.0,2,4,4,10,At Risk,1,Lapsing Mid-Value
17321,2,657.16,364,94,United Kingdom,8,67,328.58,True,59.0,5,3,3,11,Loyal,3,Active Mid-Value
17323,7,903.12,756,124,United Kingdom,15,292,129.01714285714286,True,45.833333333333336,4,5,3,12,Champions,1,Lapsing Mid-Value
17324,4,986.48,843,43,United Kingdom,17,366,246.62,True,115.66666666666667,4,4,4,12,Champions,1,Lapsing Mid-Value
17325,1,96.8,60,6,United Kingdom,280,280,96.8,False,,1,2,1,4,Lost,0,Dormant Low-Value
17329,2,523.11,142,29,United Kingdom,14,315,261.555,True,300.0,5,3,3,11,Loyal,3,Active Mid-Value
17330,2,363.9,120,5,United Kingdom,22,67,181.95,True,44.0,4,3,2,9,Loyal,3,Active Mid-Value
17331,1,175.2,16,1,United Kingdom,123,123,175.2,False,,2,2,1,5,Lost,0,Dormant Low-Value
17333,1,494.25,375,28,United Kingdom,85,85,494.25,False,,2,2,3,7,Lost,0,Dormant Low-Value
17334,2,307.02000000000004,315,11,United Kingdom,302,308,153.51000000000002,True,6.0,1,3,2,6,Hibernating,0,Dormant Low-Value
17337,4,1979.61,1246,420,United Kingdom,151,310,494.9025,True,52.333333333333336,2,4,4,10,At Risk,1,Lapsing Mid-Value
17338,8,6484.75,3044,388,United Kingdom,17,361,810.59375,True,48.857142857142854,4,5,5,14,Champions,2,High-Value Loyal
17339,2,243.36,152,9,United Kingdom,94,365,121.68,True,270.0,2,3,1,6,Hibernating,0,Dormant Low-Value
17340,11,12353.29,5967,229,United Kingdom,29,366,1123.0263636363636,True,33.4,4,5,5,14,Champions,2,High-Value Loyal
17341,3,682.29,443,147,United Kingdom,156,366,227.42999999999998,True,104.5,2,4,3,9,At Risk,1,Lapsing Mid-Value
17343,1,193.64,56,17,United Kingdom,355,355,193.64,False,,1,2,1,4,Lost,0,Dormant Low-Value
17344,1,157.62,65,31,United Kingdom,46,46,157.62,False,,3,2,1,6,Needs Attention,0,Dormant Low-Value
17345,4,519.6899999999999,341,70,United Kingdom,15,196,129.92249999999999,True,60.333333333333336,4,4,3,11,Champions,3,Active Mid-Value
17346,15,2622.88,1617,299,United Kingdom,3,373,174.85866666666666,True,26.071428571428573,5,5,5,15,Champions,2,High-Value Loyal
17347,1,228.96,216,1,United Kingdom,86,86,228.96,False,,2,2,1,5,Lost,0,Dormant Low-Value
17348,5,1156.6,1398,180,United Kingdom,14,297,231.32,True,70.5,5,4,4,13,Champions,1,Lapsing Mid-Value
17349,1,98.25,102,8,United Kingdom,179,179,98.25,False,,2,2,1,5,Lost,0,Dormant Low-Value
17350,4,1281.32,770,66,United Kingdom,8,51,320.33,True,14.0,5,4,4,13,Champions,3,Active Mid-Value
17351,3,587.15,113,22,United Kingdom,36,273,195.71666666666667,True,118.0,3,4,3,10,Loyal,1,Lapsing Mid-Value
17353,2,1740.0,1200,5,United Kingdom,129,154,870.0,True,25.0,2,3,4,9,Hibernating,1,Lapsing Mid-Value
17354,1,1393.06,1006,15,United Kingdom,50,50,1393.06,False,,3,2,4,9,Needs Attention,1,Lapsing Mid-Value
17356,1,178.22,166,19,United Kingdom,311,311,178.22,False,,1,2,1,4,Lost,0,Dormant Low-Value
17357,2,384.39,152,41,United Kingdom,24,24,192.195,True,0.0,4,3,2,9,Loyal,3,Active Mid-Value
17358,2,360.81,190,55,United Kingdom,303,355,180.405,True,52.0,1,3,2,6,Hibernating,0,Dormant Low-Value
17359,1,127.86,161,13,United Kingdom,11,11,127.86,False,,5,2,1,8,New / Promising,3,Active Mid-Value
17360,3,568.24,328,113,United Kingdom,17,184,189.41333333333333,True,83.0,4,4,3,11,Champions,3,Active Mid-Value
17361,3,488.2,157,26,United Kingdom,49,291,162.73333333333332,True,121.0,3,4,3,10,Loyal,1,Lapsing Mid-Value
17362,2,312.23,191,30,United Kingdom,239,309,156.115,True,70.0,1,3,2,6,Hibernating,0,Dormant Low-Value
17364,11,4462.68,2692,288,United Kingdom,0,331,405.69818181818187,True,32.6,5,5,5,15,Champions,2,High-Value Loyal
17365,8,4762.32,4737,277,United Kingdom,12,332,595.29,True,45.285714285714285,5,5,5,15,Champions,2,High-Value Loyal
17367,1,167.55,149,33,United Kingdom,238,238,167.55,False,,1,2,1,4,Lost,0,Dormant Low-Value
17368,8,1878.87,1377,93,United Kingdom,23,337,234.85875,True,44.42857142857143,4,5,4,13,Champions,1,Lapsing Mid-Value
17370,4,446.18,540,31,United Kingdom,72,169,111.545,True,32.0,2,4,2,8,At Risk,1,Lapsing Mid-Value
17371,3,418.4,151,83,United Kingdom,17,361,139.46666666666667,True,171.5,4,4,2,10,Champions,3,Active Mid-Value
17372,8,1337.18,747,215,United Kingdom,40,362,167.1475,True,45.57142857142857,3,5,4,12,Loyal,1,Lapsing Mid-Value
17373,4,646.92,408,47,United Kingdom,40,312,161.73,True,90.33333333333333,3,4,3,10,Loyal,1,Lapsing Mid-Value
17374,2,495.77,85,24,United Kingdom,218,281,247.885,True,62.0,1,3,3,7,Hibernating,0,Dormant Low-Value
17375,3,400.1,367,63,United Kingdom,199,361,133.36666666666667,True,80.5,1,4,2,7,At Risk,0,Dormant Low-Value
17376,2,203.2,86,23,United Kingdom,70,311,101.6,True,240.0,3,3,1,7,Loyal,0,Dormant Low-Value
17377,20,4058.32,2038,190,United Kingdom,23,373,202.916,True,17.94736842105263,4,5,5,14,Champions,2,High-Value Loyal
17379,1,389.71999999999997,623,71,United Kingdom,11,11,389.71999999999997,False,,5,2,2,9,New / Promising,3,Active Mid-Value
17381,29,20275.61,25649,40,United Kingdom,8,372,699.1589655172414,True,12.571428571428571,5,5,5,15,Champions,2,High-Value Loyal
17382,1,65.4,25,2,United Kingdom,65,65,65.4,False,,3,2,1,6,Needs Attention,0,Dormant Low-Value
17383,1,193.39000000000001,148,49,United Kingdom,4,4,193.39000000000001,False,,5,2,1,8,New / Promising,3,Active Mid-Value
17384,2,336.4,88,12,United Kingdom,19,219,168.2,True,199.0,4,3,2,9,Loyal,3,Active Mid-Value
17385,1,256.11,197,42,United Kingdom,14,14,256.11,False,,5,2,2,9,New / Promising,3,Active Mid-Value
17386,6,2686.42,1902,23,United Kingdom,7,165,447.7366666666667,True,31.2,5,5,5,15,Champions,2,High-Value Loyal
17387,2,746.81,522,71,United Kingdom,19,33,373.405,True,13.0,4,3,3,10,Loyal,3,Active Mid-Value
17388,4,1259.56,1068,13,United Kingdom,77,287,314.89,True,69.33333333333333,2,4,4,10,At Risk,1,Lapsing Mid-Value
17389,34,31833.68,7612,45,United Kingdom,0,331,936.2847058823529,True,9.545454545454545,5,5,5,15,Champions,2,High-Value Loyal
17391,2,508.8,480,2,United Kingdom,163,164,254.4,True,0.0,2,3,3,8,Hibernating,0,Dormant Low-Value
17392,2,411.27,275,52,United Kingdom,306,358,205.635,True,51.0,1,3,2,6,Hibernating,0,Dormant Low-Value
17394,1,203.86999999999998,241,4,United Kingdom,219,219,203.86999999999998,False,,1,2,1,4,Lost,0,Dormant Low-Value
17396,7,7312.8,2004,23,United Kingdom,39,371,1044.6857142857143,True,55.333333333333336,3,5,5,13,Loyal,2,High-Value Loyal
17397,2,681.41,250,88,United Kingdom,22,22,340.705,True,0.0,4,3,3,10,Loyal,3,Active Mid-Value
17398,3,653.38,310,30,United Kingdom,114,255,217.79333333333332,True,69.5,2,4,3,9,At Risk,1,Lapsing Mid-Value
17400,5,2097.84,1088,175,United Kingdom,126,353,419.56800000000004,True,56.25,2,4,5,11,At Risk,1,Lapsing Mid-Value
17402,12,2598.85,700,32,United Kingdom,4,369,216.57083333333333,True,32.63636363636363,5,5,5,15,Champions,2,High-Value Loyal
17403,1,263.92,111,32,United Kingdom,36,36,263.92,False,,3,2,2,7,Needs Attention,0,Dormant Low-Value
17404,13,31781.82,32744,109,Sweden,4,360,2444.7553846153846,True,29.083333333333332,5,5,5,15,Champions,2,High-Value Loyal
17405,3,1031.41,726,77,United Kingdom,1,150,343.80333333333334,True,74.0,5,4,4,13,Champions,3,Active Mid-Value
17406,3,2184.42,780,99,United Kingdom,333,366,728.14,True,16.5,1,4,5,10,At Risk,1,Lapsing Mid-Value
17408,1,32.65,3,2,United Kingdom,163,163,32.65,False,,2,2,1,5,Lost,0,Dormant Low-Value
17409,2,771.85,105,13,United Kingdom,184,248,385.925,True,63.0,1,3,3,7,Hibernating,0,Dormant Low-Value
17410,5,1214.72,616,57,United Kingdom,16,215,242.94400000000002,True,49.25,4,4,4,12,Champions,1,Lapsing Mid-Value
17411,3,778.94,306,39,United Kingdom,12,261,259.6466666666667,True,124.0,5,4,3,12,Champions,3,Active Mid-Value
17412,7,1258.06,738,48,United Kingdom,2,372,179.72285714285712,True,61.0,5,5,4,14,Champions,2,High-Value Loyal
17414,2,778.0,2100,5,United Kingdom,43,184,389.0,True,141.0,3,3,3,9,Loyal,1,Lapsing Mid-Value
17415,1,507.84,114,14,United Kingdom,79,79,507.84,False,,2,2,3,7,Lost,0,Dormant Low-Value
17416,7,6893.42,4302,186,United Kingdom,29,281,984.7742857142857,True,41.666666666666664,4,5,5,14,Champions,2,High-Value Loyal
17418,2,463.46000000000004,289,29,United Kingdom,42,323,231.73000000000002,True,281.0,3,3,2,8,Loyal,3,Active Mid-Value
17419,12,4226.57,1876,155,United Kingdom,11,367,352.21416666666664,True,31.90909090909091,5,5,5,15,Champions,2,High-Value Loyal
17420,3,598.83,265,28,United Kingdom,50,373,199.61,True,161.0,3,4,3,10,Loyal,1,Lapsing Mid-Value
17422,6,1979.37,2253,93,United Kingdom,16,296,329.895,True,55.4,4,5,4,13,Champions,1,Lapsing Mid-Value
17423,2,698.41,459,26,United Kingdom,46,217,349.205,True,171.0,3,3,3,9,Loyal,1,Lapsing Mid-Value
17425,2,759.1700000000001,407,42,United Kingdom,19,60,379.58500000000004,True,41.0,4,3,3,10,Loyal,3,Active Mid-Value
17426,6,5037.26,3094,179,United Kingdom,8,282,839.5433333333334,True,54.6,5,5,5,15,Champions,2,High-Value Loyal
17427,1,100.8,34,2,United Kingdom,71,71,100.8,False,,3,2,1,6,Needs Attention,0,Dormant Low-Value
17428,28,17256.85,9474,252,United Kingdom,0,368,616.3160714285714,True,13.333333333333334,5,5,5,15,Champions,2,High-Value Loyal
17429,3,524.9200000000001,624,36,United Kingdom,128,218,174.97333333333336,True,44.5,2,4,3,9,At Risk,0,Dormant Low-Value
17430,2,265.76,190,14,United Kingdom,32,365,132.88,True,332.0,4,3,2,9,Loyal,3,Active Mid-Value
17431,1,403.3,292,41,United Kingdom,313,313,403.3,False,,1,2,2,5,Lost,0,Dormant Low-Value
17432,2,365.76,207,44,United Kingdom,18,37,182.88,True,19.0,4,3,2,9,Loyal,3,Active Mid-Value
17433,1,303.16,185,53,United Kingdom,88,88,303.16,False,,2,2,2,6,Lost,0,Dormant Low-Value
17434,7,2373.82,1693,100,United Kingdom,2,85,339.1171428571429,True,13.333333333333334,5,5,5,15,Champions,2,High-Value Loyal
17436,2,216.3,90,7,United Kingdom,1,226,108.15,True,225.0,5,3,1,9,Loyal,3,Active Mid-Value
17438,1,388.45000000000005,103,17,United Kingdom,253,253,388.45000000000005,False,,1,2,2,5,Lost,0,Dormant Low-Value
17440,3,186.42000000000002,246,3,United Kingdom,156,247,62.14000000000001,True,45.0,2,4,1,7,At Risk,0,Dormant Low-Value
17442,6,2248.56,1496,96,United Kingdom,36,290,374.76,True,50.0,3,5,5,13,Loyal,1,Lapsing Mid-Value
17443,1,534.24,504,1,Canada,219,219,534.24,False,,1,2,3,6,Lost,0,Dormant Low-Value
17444,2,2389.1,2118,131,Canada,151,172,1194.55,True,21.0,2,3,5,10,Hibernating,1,Lapsing Mid-Value
17446,2,120.89999999999999,198,6,United Kingdom,176,310,60.449999999999996,True,133.0,2,3,1,6,Hibernating,0,Dormant Low-Value
17447,2,541.53,443,33,United Kingdom,40,71,270.765,True,31.0,3,3,3,9,Loyal,3,Active Mid-Value
17449,7,2516.21,1120,177,United Kingdom,2,359,359.4585714285714,True,59.0,5,5,5,15,Champions,2,High-Value Loyal
17450,46,194390.79,69973,124,United Kingdom,8,367,4225.886739130435,True,7.711111111111111,5,5,5,15,Champions,2,High-Value Loyal
17451,7,1721.4,1203,83,United Kingdom,1,105,245.91428571428574,True,17.0,5,5,4,14,Champions,2,High-Value Loyal
17453,2,486.72,219,19,United Kingdom,17,64,243.36,True,46.0,4,3,3,10,Loyal,3,Active Mid-Value
17454,4,517.53,243,57,United Kingdom,192,359,129.3825,True,55.333333333333336,1,4,3,8,At Risk,1,Lapsing Mid-Value
17455,1,131.7,66,8,United Kingdom,203,203,131.7,False,,1,2,1,4,Lost,0,Dormant Low-Value
17456,1,249.86,222,17,United Kingdom,365,365,249.86,False,,1,2,2,5,Lost,0,Dormant Low-Value
17457,5,1737.7,826,14,United Kingdom,126,339,347.54,True,52.75,2,4,4,10,At Risk,1,Lapsing Mid-Value
17458,1,316.5,170,52,United Kingdom,15,15,316.5,False,,4,2,2,8,New / Promising,3,Active Mid-Value
17459,2,657.3,537,88,United Kingdom,43,60,328.65,True,16.0,3,3,3,9,Loyal,3,Active Mid-Value
17460,6,622.4300000000001,236,18,United Kingdom,94,373,103.73833333333334,True,55.2,2,5,3,10,At Risk,1,Lapsing Mid-Value
17461,3,735.82,770,104,United Kingdom,22,29,245.27333333333334,True,3.0,4,4,3,11,Champions,3,Active Mid-Value
17462,2,675.69,227,25,United Kingdom,60,284,337.845,True,223.0,3,3,3,9,Loyal,1,Lapsing Mid-Value
17463,5,1875.8600000000001,1086,162,United Kingdom,16,313,375.172,True,73.75,4,4,4,12,Champions,1,Lapsing Mid-Value
17464,1,289.96000000000004,220,9,United Kingdom,158,158,289.96000000000004,False,,2,2,2,6,Lost,0,Dormant Low-Value
17466,2,763.28,306,41,United Kingdom,10,78,381.64,True,68.0,5,3,3,11,Loyal,3,Active Mid-Value
17468,2,137.0,116,5,United Kingdom,10,14,68.5,True,4.0,5,3,1,9,Loyal,3,Active Mid-Value
17469,5,1870.97,787,61,United Kingdom,16,204,374.194,True,46.75,4,4,4,12,Champions,1,Lapsing Mid-Value
17470,5,1125.07,1675,67,United Kingdom,44,367,225.01399999999998,True,80.25,3,4,4,11,Loyal,1,Lapsing Mid-Value
17472,3,697.54,455,142,United Kingdom,191,299,232.51333333333332,True,53.5,1,4,3,8,At Risk,1,Lapsing Mid-Value
17475,1,194.37,178,14,United Kingdom,79,79,194.37,False,,2,2,1,5,Lost,0,Dormant Low-Value
17480,1,511.82,338,29,United Kingdom,77,77,511.82,False,,2,2,3,7,Lost,0,Dormant Low-Value
17481,4,1255.59,1061,69,United Kingdom,3,93,313.8975,True,29.666666666666668,5,4,4,13,Champions,3,Active Mid-Value
17483,3,414.04,191,18,United Kingdom,65,183,138.01333333333335,True,58.0,3,4,2,9,Loyal,1,Lapsing Mid-Value
17486,1,396.87,191,24,United Kingdom,261,261,396.87,False,,1,2,2,5,Lost,0,Dormant Low-Value
17489,2,376.64,428,28,United Kingdom,58,212,188.32,True,153.0,3,3,2,8,Loyal,0,Dormant Low-Value
17490,7,2092.32,1134,63,United Kingdom,0,176,298.90285714285716,True,28.833333333333332,5,5,5,15,Champions,2,High-Value Loyal
17491,10,3558.87,2013,72,United Kingdom,1,367,355.887,True,40.111111111111114,5,5,5,15,Champions,2,High-Value Loyal
17492,1,374.57,155,12,United Kingdom,248,248,374.57,False,,1,2,2,5,Lost,0,Dormant Low-Value
17495,2,497.56,229,21,United Kingdom,7,38,248.78,True,31.0,5,3,3,11,Loyal,3,Active Mid-Value
17496,1,271.05,79,10,United Kingdom,358,358,271.05,False,,1,2,2,5,Lost,0,Dormant Low-Value
17498,1,272.21999999999997,394,17,United Kingdom,75,75,272.21999999999997,False,,2,2,2,6,Lost,0,Dormant Low-Value
17499,1,622.88,711,40,United Kingdom,289,289,622.88,False,,1,2,3,6,Lost,0,Dormant Low-Value
17500,3,1138.0,17,3,United Kingdom,17,29,379.3333333333333,True,6.0,4,4,4,12,Champions,1,Lapsing Mid-Value
17501,2,288.6,160,18,United Kingdom,220,220,144.3,True,0.0,1,3,2,6,Hibernating,0,Dormant Low-Value
17502,4,689.1,376,25,United Kingdom,9,29,172.275,True,6.0,5,4,3,12,Champions,3,Active Mid-Value
17503,2,558.96,486,36,United Kingdom,2,38,279.48,True,35.0,5,3,3,11,Loyal,3,Active Mid-Value
17504,9,2997.03,1664,112,United Kingdom,206,322,333.00333333333333,True,14.375,1,5,5,11,At Risk,1,Lapsing Mid-Value
17505,2,1145.8400000000001,556,48,United Kingdom,161,205,572.9200000000001,True,44.0,2,3,4,9,Hibernating,1,Lapsing Mid-Value
17506,1,302.2,139,14,United Kingdom,75,75,302.2,False,,2,2,2,6,Lost,0,Dormant Low-Value
17507,2,605.58,359,79,United Kingdom,261,309,302.79,True,47.0,1,3,3,7,Hibernating,0,Dormant Low-Value
17508,1,387.31,289,22,Greece,280,280,387.31,False,,1,2,2,5,Lost,0,Dormant Low-Value
17509,8,6083.64,3512,75,United Kingdom,57,63,760.455,True,0.7142857142857143,3,5,5,13,Loyal,1,Lapsing Mid-Value
17510,1,308.48,214,20,United Kingdom,24,24,308.48,False,,4,2,2,8,New / Promising,3,Active Mid-Value
17511,31,91062.38,64549,453,United Kingdom,2,373,2937.496129032258,True,11.866666666666667,5,5,5,15,Champions,2,High-Value Loyal
17512,10,2924.9900000000002,2753,61,United Kingdom,28,301,292.499,True,30.0,4,5,5,14,Champions,2,High-Value Loyal
17513,1,513.2,254,6,United Kingdom,72,72,513.2,False,,2,2,3,7,Lost,0,Dormant Low-Value
17514,1,208.65,135,40,United Kingdom,128,128,208.65,False,,2,2,1,5,Lost,0,Dormant Low-Value
17515,4,639.02,243,49,United Kingdom,31,318,159.755,True,95.33333333333333,4,4,3,11,Champions,1,Lapsing Mid-Value
17516,5,764.88,414,113,United Kingdom,15,285,152.976,True,67.5,4,4,3,11,Champions,1,Lapsing Mid-Value
17517,1,153.94,102,11,United Kingdom,308,308,153.94,False,,1,2,1,4,Lost,0,Dormant Low-Value
17519,6,1844.02,1236,60,United Kingdom,17,368,307.33666666666664,True,69.6,4,5,4,13,Champions,1,Lapsing Mid-Value
17520,1,546.81,365,30,United Kingdom,53,53,546.81,False,,3,2,3,8,Needs Attention,0,Dormant Low-Value
17521,3,723.21,519,38,United Kingdom,29,199,241.07000000000002,True,84.0,4,4,3,11,Champions,1,Lapsing Mid-Value
17522,5,1066.15,1022,58,United Kingdom,1,218,213.23000000000002,True,53.75,5,4,4,13,Champions,2,High-Value Loyal
17523,4,652.74,872,25,United Kingdom,11,19,163.185,True,2.3333333333333335,5,4,3,12,Champions,3,Active Mid-Value
17524,1,145.0,90,6,United Kingdom,361,361,145.0,False,,1,2,1,4,Lost,0,Dormant Low-Value
17525,1,422.7,82,9,United Kingdom,359,359,422.7,False,,1,2,2,5,Lost,0,Dormant Low-Value
17526,4,1195.8999999999999,310,17,United Kingdom,4,365,298.97499999999997,True,119.66666666666667,5,4,4,13,Champions,3,Active Mid-Value
17527,4,939.37,488,45,United Kingdom,53,218,234.8425,True,54.333333333333336,3,4,4,11,Loyal,1,Lapsing Mid-Value
17528,8,3628.5,2138,183,United Kingdom,1,71,453.5625,True,9.571428571428571,5,5,5,15,Champions,2,High-Value Loyal
17530,10,2362.53,1511,305,United Kingdom,1,365,236.25300000000001,True,40.111111111111114,5,5,5,15,Champions,2,High-Value Loyal
17531,1,296.7,136,14,United Kingdom,190,190,296.7,False,,1,2,2,5,Lost,0,Dormant Low-Value
17534,1,223.36,103,9,United Kingdom,53,53,223.36,False,,3,2,1,6,Needs Attention,0,Dormant Low-Value
17535,1,164.4,136,13,United Kingdom,280,280,164.4,False,,1,2,1,4,Lost,0,Dormant Low-Value
17536,1,76.5,6,3,United Kingdom,177,177,76.5,False,,2,2,1,5,Lost,0,Dormant Low-Value
17537,2,887.6700000000001,699,74,United Kingdom,29,303,443.83500000000004,True,273.0,4,3,3,10,Loyal,3,Active Mid-Value
17538,1,98.42,134,9,United Kingdom,25,25,98.42,False,,4,2,1,7,New / Promising,3,Active Mid-Value
17540,2,578.9,194,20,United Kingdom,24,316,289.45,True,291.0,4,3,3,10,Loyal,3,Active Mid-Value
17542,1,170.75,134,24,United Kingdom,269,269,170.75,False,,1,2,1,4,Lost,0,Dormant Low-Value
17545,3,642.32,337,122,United Kingdom,43,43,214.10666666666668,True,0.0,3,4,3,10,Loyal,1,Lapsing Mid-Value
17548,1,103.3,58,5,United Kingdom,233,233,103.3,False,,1,2,1,4,Lost,0,Dormant Low-Value
17549,2,148.86,210,5,United Kingdom,23,51,74.43,True,27.0,4,3,1,8,Loyal,3,Active Mid-Value
17550,3,267.16,86,42,United Kingdom,197,243,89.05333333333334,True,22.5,1,4,2,7,At Risk,0,Dormant Low-Value
17551,1,290.34,142,39,United Kingdom,359,359,290.34,False,,1,2,2,5,Lost,0,Dormant Low-Value
17552,4,930.41,719,43,United Kingdom,60,372,232.6025,True,103.66666666666667,3,4,4,11,Loyal,1,Lapsing Mid-Value
17553,1,1487.6,1048,2,United Kingdom,129,129,1487.6,False,,2,2,4,8,Lost,0,Dormant Low-Value
17554,5,1952.45,1763,58,United Kingdom,1,148,390.49,True,36.25,5,4,4,13,Champions,2,High-Value Loyal
17555,2,480.31,348,101,United Kingdom,19,334,240.155,True,314.0,4,3,2,9,Loyal,3,Active Mid-Value
17556,1,157.9,101,6,United Kingdom,205,205,157.9,False,,1,2,1,4,Lost,0,Dormant Low-Value
17557,3,541.46,306,27,United Kingdom,14,81,180.48666666666668,True,33.0,5,4,3,12,Champions,3,Active Mid-Value
17560,4,854.95,635,22,United Kingdom,94,310,213.7375,True,71.33333333333333,2,4,3,9,At Risk,1,Lapsing Mid-Value
17561,1,165.12,144,44,United Kingdom,19,19,165.12,False,,4,2,1,7,New / Promising,3,Active Mid-Value
17562,7,1122.38,817,48,United Kingdom,14,173,160.34,True,26.0,5,5,4,14,Champions,1,Lapsing Mid-Value
17564,3,454.01,146,38,United Kingdom,24,80,151.33666666666667,True,27.5,4,4,2,10,Champions,3,Active Mid-Value
17566,2,869.77,497,113,United Kingdom,8,25,434.885,True,17.0,5,3,3,11,Loyal,3,Active Mid-Value
17567,8,4331.48,2632,110,United Kingdom,7,372,541.435,True,51.714285714285715,5,5,5,15,Champions,2,High-Value Loyal
17569,1,344.14,159,29,United Kingdom,332,332,344.14,False,,1,2,2,5,Lost,0,Dormant Low-Value
17571,4,1424.42,875,246,United Kingdom,50,298,356.105,True,82.33333333333333,3,4,4,11,Loyal,1,Lapsing Mid-Value
17572,4,226.75000000000003,95,7,United Kingdom,71,373,56.68750000000001,True,100.0,3,4,1,8,Loyal,0,Dormant Low-Value
17573,3,380.6,308,24,United Kingdom,29,93,126.86666666666667,True,31.5,4,4,2,10,Champions,3,Active Mid-Value
17574,1,185.65,77,8,United Kingdom,242,242,185.65,False,,1,2,1,4,Lost,0,Dormant Low-Value
17576,19,3564.83,1967,245,United Kingdom,8,365,187.62263157894736,True,19.5,5,5,5,15,Champions,2,High-Value Loyal
17578,1,143.45999999999998,138,5,United Kingdom,218,218,143.45999999999998,False,,1,2,1,4,Lost,0,Dormant Low-Value
17579,3,448.90000000000003,258,46,United Kingdom,4,179,149.63333333333335,True,87.0,5,4,2,11,Champions,3,Active Mid-Value
17580,3,212.77,87,42,United Kingdom,252,358,70.92333333333333,True,52.0,1,4,1,6,At Risk,0,Dormant Low-Value
17581,25,11025.24,5915,229,United Kingdom,0,372,441.0096,True,15.291666666666666,5,5,5,15,Champions,2,High-Value Loyal
17582,1,175.27,123,28,United Kingdom,236,236,175.27,False,,1,2,1,4,Lost,0,Dormant Low-Value
17584,2,1242.3,458,30,United Kingdom,7,127,621.15,True,120.0,5,3,4,12,Loyal,3,Active Mid-Value
17585,4,1116.68,1650,176,United Kingdom,109,338,279.17,True,76.0,2,4,4,10,At Risk,1,Lapsing Mid-Value
17588,3,1240.2,676,19,United Kingdom,100,232,413.40000000000003,True,65.5,2,4,4,10,At Risk,1,Lapsing Mid-Value
17589,4,2402.92,1630,171,United Kingdom,60,240,600.73,True,59.666666666666664,3,4,5,12,Loyal,1,Lapsing Mid-Value
17590,3,1466.77,821,161,United Kingdom,2,40,488.92333333333335,True,18.5,5,4,4,13,Champions,3,Active Mid-Value
17591,7,2203.67,1000,81,United Kingdom,73,367,314.81,True,48.5,2,5,5,12,At Risk,1,Lapsing Mid-Value
17593,5,3923.86,3089,190,United Kingdom,3,352,784.772,True,86.75,5,4,5,14,Champions,2,High-Value Loyal
17594,2,993.1800000000001,550,42,United Kingdom,85,254,496.59000000000003,True,169.0,2,3,4,9,Hibernating,1,Lapsing Mid-Value
17595,2,386.69,228,68,United Kingdom,12,37,193.345,True,24.0,5,3,2,10,Loyal,3,Active Mid-Value
17596,7,2806.69,4376,168,United Kingdom,23,368,400.9557142857143,True,57.0,4,5,5,14,Champions,2,High-Value Loyal
17597,1,2044.3700000000001,1176,55,United Kingdom,213,213,2044.3700000000001,False,,1,2,5,8,Lost,0,Dormant Low-Value
17600,1,161.67000000000002,144,13,United Kingdom,17,17,161.67000000000002,False,,4,2,1,7,New / Promising,3,Active Mid-Value
17601,1,116.00999999999999,103,9,United Kingdom,239,239,116.00999999999999,False,,1,2,1,4,Lost,0,Dormant Low-Value
17602,6,5054.42,4116,335,United Kingdom,2,324,842.4033333333333,True,63.6,5,5,5,15,Champions,2,High-Value Loyal
17603,1,394.72,74,11,United Kingdom,78,78,394.72,False,,2,2,2,6,Lost,0,Dormant Low-Value
17604,2,309.36,169,57,United Kingdom,217,312,154.68,True,94.0,1,3,2,6,Hibernating,0,Dormant Low-Value
17608,2,191.99,229,54,United Kingdom,33,33,95.995,True,0.0,3,3,1,7,Loyal,3,Active Mid-Value
17609,5,1098.28,692,198,United Kingdom,40,327,219.656,True,71.25,3,4,4,11,Loyal,1,Lapsing Mid-Value
17611,15,3961.12,2550,440,United Kingdom,7,361,264.07466666666664,True,24.785714285714285,5,5,5,15,Champions,2,High-Value Loyal
17612,6,2048.45,1808,116,United Kingdom,53,297,341.4083333333333,True,48.6,3,5,5,13,Loyal,1,Lapsing Mid-Value
17613,14,4544.55,2490,211,United Kingdom,22,305,324.6107142857143,True,21.384615384615383,4,5,5,14,Champions,2,High-Value Loyal
17614,1,386.32,235,97,United Kingdom,57,57,386.32,False,,3,2,2,7,Needs Attention,0,Dormant Low-Value
17615,3,329.6,140,13,United Kingdom,130,222,109.86666666666667,True,45.5,2,4,2,8,At Risk,0,Dormant Low-Value
17616,3,571.1999999999999,224,1,United Kingdom,173,367,190.39999999999998,True,96.5,2,4,3,9,At Risk,0,Dormant Low-Value
17618,3,930.28,319,56,United Kingdom,5,362,310.0933333333333,True,177.5,5,4,4,13,Champions,3,Active Mid-Value
17619,1,214.37,124,71,United Kingdom,312,312,214.37,False,,1,2,1,4,Lost,0,Dormant Low-Value
17620,1,81.44,60,4,United Kingdom,59,59,81.44,False,,3,2,1,6,Needs Attention,0,Dormant Low-Value
17621,3,1379.9,514,24,United Kingdom,21,354,459.9666666666667,True,166.0,4,4,4,12,Champions,1,Lapsing Mid-Value
17623,1,527.05,265,33,United Kingdom,32,32,527.05,False,,4,2,3,9,New / Promising,3,Active Mid-Value
17624,2,843.48,554,49,United Kingdom,14,218,421.74,True,203.0,5,3,3,11,Loyal,3,Active Mid-Value
17625,4,2020.4,1180,223,United Kingdom,18,257,505.1,True,79.33333333333333,4,4,4,12,Champions,1,Lapsing Mid-Value
17628,1,75.75,79,5,United Kingdom,81,81,75.75,False,,2,2,1,5,Lost,0,Dormant Low-Value
17629,8,1814.1200000000001,1629,106,United Kingdom,5,359,226.76500000000001,True,50.142857142857146,5,5,4,14,Champions,2,High-Value Loyal
17630,2,503.6,158,24,United Kingdom,169,232,251.8,True,62.0,2,3,3,8,Hibernating,0,Dormant Low-Value
17631,3,528.33,334,39,United Kingdom,1,232,176.11,True,115.0,5,4,3,12,Champions,3,Active Mid-Value
17633,4,1324.84,644,59,United Kingdom,31,120,331.21,True,29.333333333333332,4,4,4,12,Champions,1,Lapsing Mid-Value
17634,9,2358.59,838,209,United Kingdom,36,337,262.0655555555556,True,37.125,3,5,5,13,Loyal,1,Lapsing Mid-Value
17636,1,285.56,182,20,United Kingdom,19,19,285.56,False,,4,2,2,8,New / Promising,3,Active Mid-Value
17637,2,547.0600000000001,280,35,United Kingdom,31,115,273.53000000000003,True,83.0,4,3,3,10,Loyal,3,Active Mid-Value
17639,1,108.5,49,7,United Kingdom,276,276,108.5,False,,1,2,1,4,Lost,0,Dormant Low-Value
17640,1,621.66,250,5,United Kingdom,86,86,621.66,False,,2,2,3,7,Lost,0,Dormant Low-Value
17642,2,712.29,474,34,United Kingdom,119,176,356.145,True,56.0,2,3,3,8,Hibernating,0,Dormant Low-Value
17643,1,101.55,71,8,United Kingdom,373,373,101.55,False,,1,2,1,4,Lost,0,Dormant Low-Value
17644,11,2895.64,1793,102,United Kingdom,1,260,263.24,True,25.5,5,5,5,15,Champions,2,High-Value Loyal
17646,3,1008.39,323,46,United Kingdom,219,365,336.13,True,72.5,1,4,4,9,At Risk,1,Lapsing Mid-Value
17647,1,133.06,30,7,United Kingdom,65,65,133.06,False,,3,2,1,6,Needs Attention,0,Dormant Low-Value
17648,4,1797.5,487,81,United Kingdom,60,249,449.375,True,62.666666666666664,3,4,4,11,Loyal,1,Lapsing Mid-Value
17649,1,868.49,399,52,United Kingdom,138,138,868.49,False,,2,2,3,7,Lost,0,Dormant Low-Value
17650,1,166.07999999999998,150,8,United Kingdom,21,21,166.07999999999998,False,,4,2,1,7,New / Promising,3,Active Mid-Value
17651,10,3945.0,3112,149,United Kingdom,11,177,394.5,True,17.88888888888889,5,5,5,15,Champions,2,High-Value Loyal
17652,12,4867.72,2509,118,United Kingdom,25,281,405.6433333333334,True,22.818181818181817,4,5,5,14,Champions,2,High-Value Loyal
17653,4,1207.56,1409,44,United Kingdom,36,120,301.89,True,27.333333333333332,3,4,4,11,Loyal,1,Lapsing Mid-Value
17654,1,117.55,41,22,United Kingdom,277,277,117.55,False,,1,2,1,4,Lost,0,Dormant Low-Value
17655,7,2638.94,1116,66,United Kingdom,10,366,376.99142857142857,True,58.666666666666664,5,5,5,15,Champions,2,High-Value Loyal
17656,5,1674.69,1399,67,United Kingdom,73,128,334.938,True,13.5,2,4,4,10,At Risk,1,Lapsing Mid-Value
17658,2,595.42,616,17,United Kingdom,25,211,297.71,True,185.0,4,3,3,10,Loyal,3,Active Mid-Value
17659,12,2999.46,1525,127,United Kingdom,17,372,249.955,True,31.727272727272727,4,5,5,14,Champions,2,High-Value Loyal
17660,1,178.75,121,37,United Kingdom,141,141,178.75,False,,2,2,1,5,Lost,0,Dormant Low-Value
17663,7,1802.91,797,63,United Kingdom,25,287,257.55857142857144,True,43.0,4,5,4,13,Champions,1,Lapsing Mid-Value
17664,2,604.64,604,41,United Kingdom,18,212,302.32,True,193.0,4,3,3,10,Loyal,3,Active Mid-Value
17666,2,728.16,596,14,United Kingdom,3,65,364.08,True,61.0,5,3,3,11,Loyal,3,Active Mid-Value
17667,5,2055.51,1033,85,United Kingdom,66,298,411.10200000000003,True,57.75,3,4,5,12,Loyal,1,Lapsing Mid-Value
17668,2,347.75,93,14,United Kingdom,1,38,173.875,True,36.0,5,3,2,10,Loyal,3,Active Mid-Value
17669,7,3406.7200000000003,1916,45,United Kingdom,42,249,486.67428571428576,True,33.833333333333336,3,5,5,13,Loyal,1,Lapsing Mid-Value
17670,1,205.7,110,11,United Kingdom,227,227,205.7,False,,1,2,1,4,Lost,0,Dormant Low-Value
17671,4,1572.71,772,40,United Kingdom,15,365,393.1775,True,116.33333333333333,4,4,4,12,Champions,1,Lapsing Mid-Value
17672,2,3178.17,1690,105,United Kingdom,50,309,1589.085,True,259.0,3,3,5,11,Loyal,1,Lapsing Mid-Value
17673,6,1594.97,1462,118,United Kingdom,1,320,265.8283333333333,True,63.4,5,5,4,14,Champions,2,High-Value Loyal
17674,2,551.04,672,19,United Kingdom,74,368,275.52,True,294.0,2,3,3,8,Hibernating,0,Dormant Low-Value
17675,31,20374.28,8360,239,United Kingdom,1,367,657.2348387096774,True,11.733333333333333,5,5,5,15,Champions,2,High-Value Loyal
17676,6,1371.18,922,49,United Kingdom,4,366,228.53,True,71.8,5,5,4,14,Champions,2,High-Value Loyal
17677,30,16345.38,9772,178,United Kingdom,1,368,544.846,True,12.379310344827585,5,5,5,15,Champions,2,High-Value Loyal
17678,1,298.11,207,16,United Kingdom,263,263,298.11,False,,1,2,2,5,Lost,0,Dormant Low-Value
17679,2,1992.1100000000001,729,29,United Kingdom,52,85,996.0550000000001,True,32.0,3,3,4,10,Loyal,1,Lapsing Mid-Value
17680,1,184.4,96,11,United Kingdom,23,23,184.4,False,,4,2,1,7,New / Promising,3,Active Mid-Value
17682,6,2474.33,1367,48,United Kingdom,10,368,412.3883333333333,True,71.2,5,5,5,15,Champions,2,High-Value Loyal
17684,1,239.41,145,15,United Kingdom,43,43,239.41,False,,3,2,1,6,Needs Attention,0,Dormant Low-Value
17685,7,3155.83,1907,88,United Kingdom,16,372,450.8328571428571,True,58.833333333333336,4,5,5,14,Champions,2,High-Value Loyal
17686,7,5739.46,2478,205,United Kingdom,7,302,819.9228571428572,True,48.833333333333336,5,5,5,15,Champions,2,High-Value Loyal
17690,15,4726.8,1769,186,United Kingdom,30,373,315.12,True,24.0,4,5,5,14,Champions,2,High-Value Loyal
17691,2,290.40000000000003,134,18,United Kingdom,358,368,145.20000000000002,True,10.0,1,3,2,6,Hibernating,0,Dormant Low-Value
17692,4,725.58,624,33,United Kingdom,127,359,181.395,True,76.66666666666667,2,4,3,9,At Risk,1,Lapsing Mid-Value
17693,1,200.47,231,16,United Kingdom,137,137,200.47,False,,2,2,1,5,Lost,0,Dormant Low-Value
17694,1,283.12,184,15,United Kingdom,141,141,283.12,False,,2,2,2,6,Lost,0,Dormant Low-Value
17695,2,765.34,779,30,United Kingdom,131,171,382.67,True,39.0,2,3,3,8,Hibernating,0,Dormant Low-Value
17696,8,2285.71,1756,78,United Kingdom,38,364,285.71375,True,46.142857142857146,3,5,5,13,Loyal,1,Lapsing Mid-Value
17697,1,338.95,93,19,United Kingdom,236,236,338.95,False,,1,2,2,5,Lost,0,Dormant Low-Value
17698,1,154.95,93,8,United Kingdom,260,260,154.95,False,,1,2,1,4,Lost,0,Dormant Low-Value
17700,4,2534.64,1266,116,United Kingdom,16,281,633.66,True,87.66666666666667,4,4,5,13,Champions,1,Lapsing Mid-Value
17701,1,417.95,109,24,United Kingdom,252,252,417.95,False,,1,2,2,5,Lost,0,Dormant Low-Value
17702,4,1824.37,1353,58,United Kingdom,30,206,456.0925,True,58.0,4,4,4,12,Champions,1,Lapsing Mid-Value
17703,3,798.74,590,47,United Kingdom,35,138,266.24666666666667,True,51.5,3,4,3,10,Loyal,1,Lapsing Mid-Value
17704,2,885.19,343,27,United Kingdom,168,239,442.595,True,71.0,2,3,3,8,Hibernating,0,Dormant Low-Value
17705,9,1823.52,963,63,United Kingdom,3,301,202.61333333333334,True,36.75,5,5,4,14,Champions,2,High-Value Loyal
17706,17,10504.49,3899,270,United Kingdom,4,366,617.9111764705882,True,22.3125,5,5,5,15,Champions,2,High-Value Loyal
17707,2,152.4,144,3,United Kingdom,185,336,76.2,True,151.0,1,3,1,5,Hibernating,0,Dormant Low-Value
17708,2,263.33,90,28,United Kingdom,187,324,131.665,True,137.0,1,3,2,6,Hibernating,0,Dormant Low-Value
17709,1,137.45,17,7,United Kingdom,169,169,137.45,False,,2,2,1,5,Lost,0,Dormant Low-Value
17711,2,385.1,246,22,United Kingdom,10,289,192.55,True,279.0,5,3,2,10,Loyal,3,Active Mid-Value
17712,1,522.91,215,29,United Kingdom,44,44,522.91,False,,3,2,3,8,Needs Attention,0,Dormant Low-Value
17714,1,153.0,92,10,United Kingdom,320,320,153.0,False,,1,2,1,4,Lost,0,Dormant Low-Value
17715,1,326.4,384,1,United Kingdom,200,200,326.4,False,,1,2,2,5,Lost,0,Dormant Low-Value
17716,11,5655.99,3072,171,United Kingdom,22,267,514.180909090909,True,24.2,4,5,5,14,Champions,2,High-Value Loyal
17718,1,139.35,83,6,United Kingdom,232,232,139.35,False,,1,2,1,4,Lost,0,Dormant Low-Value
17719,15,5396.04,2466,111,United Kingdom,37,255,359.736,True,14.928571428571429,3,5,5,13,Loyal,2,High-Value Loyal
17720,4,1195.94,576,39,United Kingdom,26,367,298.985,True,113.33333333333333,4,4,4,12,Champions,1,Lapsing Mid-Value
17722,4,2424.04,1595,111,United Kingdom,96,366,606.01,True,89.66666666666667,2,4,5,11,At Risk,1,Lapsing Mid-Value
17723,6,3276.4000000000005,792,4,United Kingdom,127,214,546.0666666666667,True,17.0,2,5,5,12,At Risk,1,Lapsing Mid-Value
17724,3,1033.0,300,38,United Kingdom,71,138,344.3333333333333,True,33.5,3,4,4,11,Loyal,1,Lapsing Mid-Value
17725,11,3439.08,2162,115,United Kingdom,16,267,312.64363636363635,True,24.5,4,5,5,14,Champions,2,High-Value Loyal
17727,1,1060.25,645,66,United Kingdom,15,15,1060.25,False,,4,2,4,10,New / Promising,3,Active Mid-Value
17728,3,2876.01,1469,153,United Kingdom,3,86,958.6700000000001,True,41.0,5,4,5,14,Champions,2,High-Value Loyal
17730,13,5298.4800000000005,3576,127,United Kingdom,3,326,407.5753846153847,True,26.5,5,5,5,15,Champions,2,High-Value Loyal
17731,4,1240.11,493,54,United Kingdom,79,183,310.0275,True,34.333333333333336,2,4,4,10,At Risk,1,Lapsing Mid-Value
17732,1,303.97,93,18,United Kingdom,372,372,303.97,False,,1,2,2,5,Lost,0,Dormant Low-Value
17733,2,692.19,463,33,United Kingdom,38,261,346.095,True,222.0,3,3,3,9,Loyal,3,Active Mid-Value
17734,3,700.63,422,40,United Kingdom,53,233,233.54333333333332,True,89.5,3,4,3,10,Loyal,1,Lapsing Mid-Value
17735,19,13110.02,8439,319,United Kingdom,2,367,690.001052631579,True,19.72222222222222,5,5,5,15,Champions,2,High-Value Loyal
17736,3,377.44,238,24,United Kingdom,9,113,125.81333333333333,True,51.5,5,4,2,11,Champions,3,Active Mid-Value
17737,2,168.24,108,8,United Kingdom,9,58,84.12,True,49.0,5,3,1,9,Loyal,3,Active Mid-Value
17738,4,1879.05,1029,89,United Kingdom,19,282,469.7625,True,87.33333333333333,4,4,4,12,Champions,1,Lapsing Mid-Value
17739,7,2791.35,861,29,United Kingdom,11,360,398.7642857142857,True,57.666666666666664,5,5,5,15,Champions,2,High-Value Loyal
17742,2,355.11,89,13,United Kingdom,113,332,177.555,True,219.0,2,3,2,7,Hibernating,0,Dormant Low-Value
17744,6,2322.4,3412,110,United Kingdom,3,358,387.06666666666666,True,70.6,5,5,5,15,Champions,2,High-Value Loyal
17746,1,110.25,29,6,United Kingdom,240,240,110.25,False,,1,2,1,4,Lost,0,Dormant Low-Value
17747,1,71.4,12,1,United Kingdom,112,112,71.4,False,,2,2,1,5,Lost,0,Dormant Low-Value
17749,2,674.52,320,33,United Kingdom,178,256,337.26,True,78.0,2,3,3,8,Hibernating,0,Dormant Low-Value
17750,9,1694.16,3696,100,United Kingdom,5,164,188.24,True,19.25,5,5,4,14,Champions,2,High-Value Loyal
17752,1,80.64,192,1,United Kingdom,359,359,80.64,False,,1,2,1,4,Lost,0,Dormant Low-Value
17754,5,1664.6499999999999,1816,82,United Kingdom,0,260,332.92999999999995,True,64.25,5,4,4,13,Champions,2,High-Value Loyal
17757,30,5589.4400000000005,3317,274,United Kingdom,1,372,186.31466666666668,True,12.206896551724139,5,5,5,15,Champions,2,High-Value Loyal
17758,8,3408.2,2054,310,United Kingdom,19,250,426.025,True,32.57142857142857,4,5,5,14,Champions,2,High-Value Loyal
17759,3,818.71,696,81,United Kingdom,17,169,272.90333333333336,True,76.0,4,4,3,11,Champions,3,Active Mid-Value
17760,2,287.59,239,25,United Kingdom,21,373,143.795,True,351.0,4,3,2,9,Loyal,3,Active Mid-Value
17761,1,712.78,398,19,United Kingdom,32,32,712.78,False,,4,2,3,9,New / Promising,3,Active Mid-Value
17763,1,15.0,12,1,United Kingdom,263,263,15.0,False,,1,2,1,4,Lost,0,Dormant Low-Value
17764,2,772.55,351,71,United Kingdom,50,211,386.275,True,160.0,3,3,3,9,Loyal,1,Lapsing Mid-Value
17765,3,367.63,143,51,United Kingdom,158,256,122.54333333333334,True,49.0,2,4,2,8,At Risk,0,Dormant Low-Value
17767,1,271.2,128,21,United Kingdom,15,15,271.2,False,,4,2,2,8,New / Promising,3,Active Mid-Value
17768,3,2081.9,1122,77,United Kingdom,8,166,693.9666666666667,True,78.5,5,4,5,14,Champions,3,Active Mid-Value
17769,10,3957.43,1850,200,United Kingdom,12,320,395.743,True,33.666666666666664,5,5,5,15,Champions,2,High-Value Loyal
17770,5,1143.27,365,33,United Kingdom,198,282,228.654,True,20.5,1,4,4,9,At Risk,1,Lapsing Mid-Value
17771,2,245.33,283,50,United Kingdom,56,323,122.665,True,266.0,3,3,1,7,Loyal,0,Dormant Low-Value
17772,2,173.45,55,50,United Kingdom,10,10,86.725,True,0.0,5,3,1,9,Loyal,3,Active Mid-Value
17774,4,1213.73,508,123,United Kingdom,96,305,303.4325,True,69.0,2,4,4,10,At Risk,1,Lapsing Mid-Value
17775,1,56.4,72,3,United Kingdom,254,254,56.4,False,,1,2,1,4,Lost,0,Dormant Low-Value
17777,3,647.56,501,141,United Kingdom,24,100,215.85333333333332,True,37.0,4,4,3,11,Champions,3,Active Mid-Value
17779,3,650.32,396,73,United Kingdom,21,143,216.77333333333334,True,60.5,4,4,3,11,Champions,3,Active Mid-Value
17781,2,188.02,34,12,United Kingdom,159,253,94.01,True,93.0,2,3,1,6,Hibernating,0,Dormant Low-Value
17783,2,283.47,354,67,United Kingdom,72,247,141.735,True,175.0,2,3,2,7,Hibernating,0,Dormant Low-Value
17785,1,131.94,67,13,United Kingdom,53,53,131.94,False,,3,2,1,6,Needs Attention,0,Dormant Low-Value
17786,2,266.85,195,57,United Kingdom,85,317,133.425,True,231.0,2,3,2,7,Hibernating,0,Dormant Low-Value
17787,4,1817.54,896,94,United Kingdom,152,371,454.385,True,72.0,2,4,4,10,At Risk,1,Lapsing Mid-Value
17788,2,1112.95,210,2,United Kingdom,73,129,556.475,True,55.0,2,3,4,9,Hibernating,1,Lapsing Mid-Value
17789,1,225.9,74,14,United Kingdom,281,281,225.9,False,,1,2,1,4,Lost,0,Dormant Low-Value
17790,14,1964.3,835,121,United Kingdom,26,364,140.30714285714285,True,25.46153846153846,4,5,4,13,Champions,2,High-Value Loyal
17791,1,106.1,46,10,United Kingdom,29,29,106.1,False,,4,2,1,7,New / Promising,0,Dormant Low-Value
17793,1,300.34,226,49,United Kingdom,25,25,300.34,False,,4,2,2,8,New / Promising,3,Active Mid-Value
17795,2,342.83,305,43,United Kingdom,179,264,171.415,True,85.0,2,3,2,7,Hibernating,0,Dormant Low-Value
17796,4,690.0,176,63,United Kingdom,40,369,172.5,True,109.33333333333333,3,4,3,10,Loyal,1,Lapsing Mid-Value
17797,3,780.43,498,102,United Kingdom,22,182,260.1433333333333,True,80.0,4,4,3,11,Champions,3,Active Mid-Value
17799,10,3039.17,1753,280,United Kingdom,22,361,303.91700000000003,True,37.22222222222222,4,5,5,14,Champions,2,High-Value Loyal
17800,9,1186.21,731,50,United Kingdom,37,334,131.8011111111111,True,36.625,3,5,4,12,Loyal,1,Lapsing Mid-Value
17802,3,1285.04,752,102,United Kingdom,82,372,428.34666666666664,True,144.5,2,4,4,10,At Risk,1,Lapsing Mid-Value
17805,1,512.31,478,10,United Kingdom,73,73,512.31,False,,2,2,3,7,Lost,0,Dormant Low-Value
17806,1,546.04,727,43,United Kingdom,11,11,546.04,False,,5,2,3,10,New / Promising,3,Active Mid-Value
17809,12,5411.91,2057,46,United Kingdom,16,373,450.9925,True,32.09090909090909,4,5,5,14,Champions,2,High-Value Loyal
17811,39,7755.12,4145,358,United Kingdom,4,333,198.84923076923076,True,8.157894736842104,5,5,5,15,Champions,2,High-Value Loyal
17812,4,699.81,329,113,United Kingdom,12,368,174.9525,True,118.0,5,4,3,12,Champions,3,Active Mid-Value
17813,5,1698.07,752,297,United Kingdom,14,71,339.614,True,14.0,5,4,4,13,Champions,1,Lapsing Mid-Value
17816,4,36.56,30,16,United Kingdom,36,365,9.14,True,109.0,3,4,1,8,Loyal,0,Dormant Low-Value
17817,3,387.68,67,32,United Kingdom,4,277,129.22666666666666,True,136.0,5,4,2,11,Champions,3,Active Mid-Value
17819,7,3704.87,1031,36,United Kingdom,71,371,529.2671428571429,True,49.333333333333336,3,5,5,13,Loyal,1,Lapsing Mid-Value
17824,1,298.4,408,13,United Kingdom,51,51,298.4,False,,3,2,2,7,Needs Attention,0,Dormant Low-Value
17827,5,1987.33,1240,190,United Kingdom,5,364,397.466,True,89.5,5,4,4,13,Champions,2,High-Value Loyal
17828,4,1165.09,655,53,Malta,22,184,291.2725,True,53.666666666666664,4,4,4,12,Champions,1,Lapsing Mid-Value
17829,1,889.24,496,30,United Arab Emirates,298,298,889.24,False,,1,2,3,6,Lost,0,Dormant Low-Value
17830,3,398.7,92,18,United Kingdom,1,288,132.9,True,143.5,5,4,2,11,Champions,3,Active Mid-Value
17831,1,35.400000000000006,12,2,United Kingdom,33,33,35.400000000000006,False,,3,2,1,6,Needs Attention,0,Dormant Low-Value
17832,1,155.37,208,61,United Kingdom,49,49,155.37,False,,3,2,1,6,Needs Attention,0,Dormant Low-Value
17835,3,342.24,344,45,United Kingdom,2,23,114.08,True,10.0,5,4,2,11,Champions,3,Active Mid-Value
17836,1,109.83,87,22,United Kingdom,47,47,109.83,False,,3,2,1,6,Needs Attention,0,Dormant Low-Value
17837,8,1535.33,508,109,United Kingdom,42,163,191.91625,True,16.857142857142858,3,5,4,12,Loyal,1,Lapsing Mid-Value
17838,5,2720.8,1831,96,United Kingdom,26,372,544.1600000000001,True,85.75,4,4,5,13,Champions,1,Lapsing Mid-Value
17839,1,318.15,257,50,United Kingdom,42,42,318.15,False,,3,2,2,7,Needs Attention,0,Dormant Low-Value
17841,124,40495.99,22816,1322,United Kingdom,1,373,326.580564516129,True,2.5528455284552845,5,5,5,15,Champions,2,High-Value Loyal
17843,1,197.73,88,35,United Kingdom,303,303,197.73,False,,1,2,1,4,Lost,0,Dormant Low-Value
17844,1,51.559999999999995,52,5,Canada,106,106,51.559999999999995,False,,2,2,1,5,Lost,0,Dormant Low-Value
17848,9,901.2,398,41,United Kingdom,81,358,100.13333333333334,True,34.125,2,5,3,10,At Risk,1,Lapsing Mid-Value
17849,4,605.8000000000001,114,14,United Kingdom,218,333,151.45000000000002,True,38.0,1,4,3,8,At Risk,1,Lapsing Mid-Value
17850,34,5391.21,1733,21,United Kingdom,372,373,158.565,True,0.0,1,5,5,11,At Risk,2,High-Value Loyal
17852,2,114.34,53,21,United Kingdom,11,11,57.17,True,0.0,5,3,1,9,Loyal,3,Active Mid-Value
17854,2,311.26,84,15,United Kingdom,185,227,155.63,True,41.0,1,3,2,6,Hibernating,0,Dormant Low-Value
17855,1,208.97,197,17,United Kingdom,372,372,208.97,False,,1,2,1,4,Lost,0,Dormant Low-Value
17856,4,1418.03,842,12,United Kingdom,1,281,354.5075,True,92.66666666666667,5,4,4,13,Champions,3,Active Mid-Value
17857,22,25301.54,14822,18,United Kingdom,4,365,1150.07,True,16.714285714285715,5,5,5,15,Champions,2,High-Value Loyal
17858,12,5140.66,2694,101,United Kingdom,5,369,428.3883333333333,True,32.54545454545455,5,5,5,15,Champions,2,High-Value Loyal
17859,1,141.92,102,23,United Kingdom,304,304,141.92,False,,1,2,1,4,Lost,0,Dormant Low-Value
17860,1,226.45000000000002,93,49,United Kingdom,368,368,226.45000000000002,False,,1,2,1,4,Lost,0,Dormant Low-Value
17861,8,2097.88,1985,172,United Kingdom,3,319,262.235,True,44.857142857142854,5,5,5,15,Champions,2,High-Value Loyal
17862,1,330.9,100,11,United Kingdom,323,323,330.9,False,,1,2,2,5,Lost,0,Dormant Low-Value
17863,6,3160.0,2638,110,United Kingdom,59,369,526.6666666666666,True,61.6,3,5,5,13,Loyal,1,Lapsing Mid-Value
17864,3,554.85,706,70,United Kingdom,12,275,184.95000000000002,True,131.0,5,4,3,12,Champions,3,Active Mid-Value
17865,20,10524.22,5756,190,United Kingdom,30,364,526.211,True,17.263157894736842,4,5,5,14,Champions,2,High-Value Loyal
17866,1,329.65000000000003,174,9,United Kingdom,142,142,329.65000000000003,False,,2,2,2,6,Lost,0,Dormant Low-Value
17867,6,1157.8700000000001,508,62,United Kingdom,30,288,192.97833333333335,True,51.4,4,5,4,13,Champions,1,Lapsing Mid-Value
17869,5,428.18,111,37,United Kingdom,107,368,85.636,True,65.0,2,4,2,8,At Risk,1,Lapsing Mid-Value
17870,12,1865.8899999999999,1351,214,United Kingdom,2,366,155.4908333333333,True,32.81818181818182,5,5,4,14,Champions,2,High-Value Loyal
17871,1,155.9,182,10,United Kingdom,204,204,155.9,False,,1,2,1,4,Lost,0,Dormant Low-Value
17873,5,1719.5800000000002,1034,23,United Kingdom,80,373,343.91600000000005,True,73.0,2,4,4,10,At Risk,1,Lapsing Mid-Value
17874,6,683.46,221,37,United Kingdom,185,255,113.91000000000001,True,13.8,1,5,3,9,At Risk,1,Lapsing Mid-Value
17877,1,237.61,98,12,United Kingdom,170,170,237.61,False,,2,2,1,5,Lost,0,Dormant Low-Value
17878,1,379.45,401,26,United Kingdom,43,43,379.45,False,,3,2,2,7,Needs Attention,0,Dormant Low-Value
17879,1,178.52,45,6,United Kingdom,173,173,178.52,False,,2,2,1,5,Lost,0,Dormant Low-Value
17880,1,458.92,314,26,United Kingdom,364,364,458.92,False,,1,2,2,5,Lost,0,Dormant Low-Value
17881,1,133.35,32,8,United Kingdom,304,304,133.35,False,,1,2,1,4,Lost,0,Dormant Low-Value
17883,4,664.34,374,133,United Kingdom,3,246,166.085,True,80.66666666666667,5,4,3,12,Champions,3,Active Mid-Value
17884,4,695.07,817,107,United Kingdom,3,371,173.7675,True,122.33333333333333,5,4,3,12,Champions,3,Active Mid-Value
17885,1,156.34,110,50,United Kingdom,12,12,156.34,False,,5,2,1,8,New / Promising,3,Active Mid-Value
17886,3,869.28,469,93,United Kingdom,31,249,289.76,True,108.0,4,4,3,11,Champions,1,Lapsing Mid-Value
17887,1,111.35,30,10,United Kingdom,129,129,111.35,False,,2,2,1,5,Lost,0,Dormant Low-Value
17888,8,716.0,973,60,United Kingdom,21,357,89.5,True,47.42857142857143,4,5,3,12,Champions,1,Lapsing Mid-Value
17889,2,201.37,77,20,United Kingdom,212,322,100.685,True,109.0,1,3,1,5,Hibernating,0,Dormant Low-Value
17890,2,586.89,402,88,United Kingdom,322,361,293.445,True,38.0,1,3,3,7,Hibernating,0,Dormant Low-Value
17891,1,203.85999999999999,393,34,United Kingdom,162,162,203.85999999999999,False,,2,2,1,5,Lost,0,Dormant Low-Value
17892,3,244.1,109,27,United Kingdom,56,155,81.36666666666666,True,49.5,3,4,1,8,Loyal,0,Dormant Low-Value
17893,1,107.21,149,15,United Kingdom,225,225,107.21,False,,1,2,1,4,Lost,0,Dormant Low-Value
17894,8,1118.54,402,126,United Kingdom,71,366,139.8175,True,41.57142857142857,3,5,4,12,Loyal,1,Lapsing Mid-Value
17895,1,95.45,127,15,United Kingdom,44,44,95.45,False,,3,2,1,6,Needs Attention,0,Dormant Low-Value
17896,1,256.32,288,2,United Kingdom,23,23,256.32,False,,4,2,2,8,New / Promising,3,Active Mid-Value
17897,3,541.81,222,100,United Kingdom,172,373,180.60333333333332,True,100.0,2,4,3,9,At Risk,0,Dormant Low-Value
17898,2,152.06,190,27,United Kingdom,85,207,76.03,True,121.0,2,3,1,6,Hibernating,0,Dormant Low-Value
17899,1,154.55,170,29,United Kingdom,159,159,154.55,False,,2,2,1,5,Lost,0,Dormant Low-Value
17900,2,112.19999999999999,73,4,United Kingdom,190,190,56.099999999999994,True,0.0,1,3,1,5,Hibernating,0,Dormant Low-Value
17901,1,110.38,24,19,United Kingdom,29,29,110.38,False,,4,2,1,7,New / Promising,0,Dormant Low-Value
17904,1,181.07,59,33,United Kingdom,21,21,181.07,False,,4,2,1,7,New / Promising,3,Active Mid-Value
17905,4,798.99,406,33,United Kingdom,71,373,199.7475,True,100.33333333333333,3,4,3,10,Loyal,1,Lapsing Mid-Value
17906,1,72.9,26,12,United Kingdom,247,247,72.9,False,,1,2,1,4,Lost,0,Dormant Low-Value
17908,1,232.03,169,51,United Kingdom,373,373,232.03,False,,1,2,1,4,Lost,0,Dormant Low-Value
17911,1,366.23,223,39,United Kingdom,9,9,366.23,False,,5,2,2,9,New / Promising,3,Active Mid-Value
17912,5,310.06,184,35,United Kingdom,310,364,62.012,True,13.25,1,4,2,7,At Risk,0,Dormant Low-Value
17913,2,408.65,288,55,United Kingdom,58,355,204.325,True,296.0,3,3,2,8,Loyal,0,Dormant Low-Value
17914,1,329.36,457,72,United Kingdom,3,3,329.36,False,,5,2,2,9,New / Promising,3,Active Mid-Value
17917,3,335.03,184,77,United Kingdom,45,362,111.67666666666666,True,158.0,3,4,2,9,Loyal,3,Active Mid-Value
17919,1,1304.04,756,23,United Kingdom,88,88,1304.04,False,,2,2,4,8,Lost,0,Dormant Low-Value
17920,17,4107.6,2471,406,United Kingdom,4,373,241.62352941176474,True,22.4375,5,5,5,15,Champions,2,High-Value Loyal
17921,4,820.23,425,114,United Kingdom,64,266,205.0575,True,67.33333333333333,3,4,3,10,Loyal,1,Lapsing Mid-Value
17923,1,207.50000000000003,50,1,United Kingdom,282,282,207.50000000000003,False,,1,2,1,4,Lost,0,Dormant Low-Value
17924,7,2962.5,1160,26,United Kingdom,11,373,423.2142857142857,True,60.0,5,5,5,15,Champions,2,High-Value Loyal
17925,1,244.08,72,1,United Kingdom,372,372,244.08,False,,1,2,1,4,Lost,0,Dormant Low-Value
17926,2,397.29,306,17,United Kingdom,133,203,198.645,True,70.0,2,3,2,7,Hibernating,0,Dormant Low-Value
17928,2,184.46,68,22,United Kingdom,45,246,92.23,True,200.0,3,3,1,7,Loyal,0,Dormant Low-Value
17929,4,843.0,108,4,United Kingdom,11,308,210.75,True,98.66666666666667,5,4,3,12,Champions,3,Active Mid-Value
17930,5,1740.48,1594,26,United Kingdom,35,239,348.096,True,50.5,3,4,4,11,Loyal,1,Lapsing Mid-Value
17931,2,408.36,249,63,United Kingdom,134,255,204.18,True,121.0,2,3,2,7,Hibernating,0,Dormant Low-Value
17932,3,1331.57,789,84,United Kingdom,29,211,443.8566666666666,True,90.5,4,4,4,12,Champions,1,Lapsing Mid-Value
17934,2,704.25,478,21,United Kingdom,51,58,352.125,True,7.0,3,3,3,9,Loyal,1,Lapsing Mid-Value
17935,2,142.89000000000001,81,27,United Kingdom,138,141,71.44500000000001,True,3.0,2,3,1,6,Hibernating,0,Dormant Low-Value
17936,1,380.13,257,68,United Kingdom,5,5,380.13,False,,5,2,2,9,New / Promising,3,Active Mid-Value
17937,7,4301.22,1754,19,United Kingdom,8,362,614.46,True,58.666666666666664,5,5,5,15,Champions,2,High-Value Loyal
17939,1,99.14,40,12,United Kingdom,159,159,99.14,False,,2,2,1,5,Lost,0,Dormant Low-Value
17940,9,2152.1800000000003,9322,5,United Kingdom,49,302,239.13111111111115,True,31.125,3,5,5,13,Loyal,1,Lapsing Mid-Value
17941,1,304.56,252,2,United Kingdom,130,130,304.56,False,,2,2,2,6,Lost,0,Dormant Low-Value
17942,1,77.50000000000001,38,2,United Kingdom,7,7,77.50000000000001,False,,5,2,1,8,New / Promising,3,Active Mid-Value
17946,2,149.57999999999998,75,18,United Kingdom,233,259,74.78999999999999,True,26.0,1,3,1,5,Hibernating,0,Dormant Low-Value
17947,1,176.68,168,9,United Kingdom,37,37,176.68,False,,3,2,1,6,Needs Attention,0,Dormant Low-Value
17948,1,358.56000000000006,144,1,United Kingdom,147,147,358.56000000000006,False,,2,2,2,6,Lost,0,Dormant Low-Value
17949,44,58030.48,30450,28,United Kingdom,1,371,1318.8745454545456,True,8.232558139534884,5,5,5,15,Champions,2,High-Value Loyal
17950,3,482.2,366,63,United Kingdom,72,365,160.73333333333332,True,146.0,2,4,3,9,At Risk,1,Lapsing Mid-Value
17951,3,1008.5400000000001,616,18,United Kingdom,39,373,336.18,True,166.5,3,4,4,11,Loyal,1,Lapsing Mid-Value
17954,12,2314.13,2221,326,United Kingdom,5,371,192.84416666666667,True,32.81818181818182,5,5,5,15,Champions,2,High-Value Loyal
17955,4,557.3,273,14,United Kingdom,198,219,139.325,True,6.666666666666667,1,4,3,8,At Risk,1,Lapsing Mid-Value
17956,1,12.75,1,1,United Kingdom,249,249,12.75,False,,1,2,1,4,Lost,0,Dormant Low-Value
17957,1,110.72,275,30,United Kingdom,66,66,110.72,False,,3,2,1,6,Needs Attention,0,Dormant Low-Value
17958,1,508.46000000000004,84,7,United Kingdom,116,116,508.46000000000004,False,,2,2,3,7,Lost,0,Dormant Low-Value
17960,1,73.78,41,26,United Kingdom,171,171,73.78,False,,2,2,1,5,Lost,0,Dormant Low-Value
17961,39,1296.44,560,211,United Kingdom,21,372,33.242051282051285,True,8.763157894736842,4,5,4,13,Champions,2,High-Value Loyal
17962,1,102.41,127,33,United Kingdom,142,142,102.41,False,,2,2,1,5,Lost,0,Dormant Low-Value
17964,2,463.21,294,84,United Kingdom,31,372,231.605,True,340.0,4,3,2,9,Loyal,3,Active Mid-Value
17965,14,2599.19,1532,274,United Kingdom,37,369,185.65642857142856,True,25.0,3,5,5,13,Loyal,2,High-Value Loyal
17966,5,1098.43,2571,53,United Kingdom,37,261,219.686,True,55.5,3,4,4,11,Loyal,1,Lapsing Mid-Value
17967,1,112.27,73,41,United Kingdom,371,371,112.27,False,,1,2,1,4,Lost,0,Dormant Low-Value
17968,1,265.1,151,74,United Kingdom,373,373,265.1,False,,1,2,2,5,Lost,0,Dormant Low-Value
17969,2,228.2,152,14,United Kingdom,166,361,114.1,True,194.0,2,3,1,6,Hibernating,0,Dormant Low-Value
17970,1,562.79,513,27,United Kingdom,211,211,562.79,False,,1,2,3,6,Lost,0,Dormant Low-Value
17972,1,135.19,36,30,United Kingdom,241,241,135.19,False,,1,2,1,4,Lost,0,Dormant Low-Value
17973,1,337.04,176,15,United Kingdom,51,51,337.04,False,,3,2,2,7,Needs Attention,0,Dormant Low-Value
17974,3,703.99,500,143,United Kingdom,24,219,234.66333333333333,True,97.0,4,4,3,11,Champions,3,Active Mid-Value
17975,13,4479.96,1563,188,United Kingdom,15,366,344.6123076923077,True,28.666666666666668,4,5,5,14,Champions,2,High-Value Loyal
17976,1,321.79,93,56,United Kingdom,372,372,321.79,False,,1,2,2,5,Lost,0,Dormant Low-Value
17977,1,288.14,342,19,United Kingdom,29,29,288.14,False,,4,2,2,8,New / Promising,3,Active Mid-Value
17978,1,300.91999999999996,499,12,United Kingdom,365,365,300.91999999999996,False,,1,2,2,5,Lost,0,Dormant Low-Value
17979,4,729.01,379,115,United Kingdom,35,259,182.2525,True,74.33333333333333,3,4,3,10,Loyal,1,Lapsing Mid-Value
17980,3,811.45,682,23,United Kingdom,165,359,270.48333333333335,True,96.0,2,4,3,9,At Risk,1,Lapsing Mid-Value
17984,1,152.68,98,48,United Kingdom,145,145,152.68,False,,2,2,1,5,Lost,0,Dormant Low-Value
17985,1,631.35,171,20,United Kingdom,22,22,631.35,False,,4,2,3,9,New / Promising,3,Active Mid-Value
17986,1,20.8,10,1,United Kingdom,56,56,20.8,False,,3,2,1,6,Needs Attention,0,Dormant Low-Value
17987,1,198.57,261,13,United Kingdom,185,185,198.57,False,,1,2,1,4,Lost,0,Dormant Low-Value
17988,7,201.12,43,37,United Kingdom,11,326,28.731428571428573,True,52.333333333333336,5,5,1,11,Champions,3,Active Mid-Value
17990,3,630.84,414,27,United Kingdom,236,361,210.28,True,62.0,1,4,3,8,At Risk,0,Dormant Low-Value
17991,2,93.35,25,4,United Kingdom,225,226,46.675,True,0.0,1,3,1,5,Hibernating,0,Dormant Low-Value
17994,4,674.89,495,63,United Kingdom,121,290,168.7225,True,56.0,2,4,3,9,At Risk,1,Lapsing Mid-Value
17995,1,76.1,133,2,United Kingdom,281,281,76.1,False,,1,2,1,4,Lost,0,Dormant Low-Value
17997,8,1962.46,2273,133,United Kingdom,74,164,245.3075,True,12.142857142857142,2,5,4,11,At Risk,1,Lapsing Mid-Value
17999,2,380.39,219,87,United Kingdom,37,366,190.195,True,329.0,3,3,2,8,Loyal,3,Active Mid-Value
18001,2,415.13,362,56,United Kingdom,12,86,207.565,True,74.0,5,3,2,10,Loyal,3,Active Mid-Value
18004,1,157.92,75,32,United Kingdom,362,362,157.92,False,,1,2,1,4,Lost,0,Dormant Low-Value
18005,2,226.47,86,52,United Kingdom,3,47,113.235,True,43.0,5,3,1,9,Loyal,3,Active Mid-Value
18006,1,444.68,220,21,United Kingdom,23,23,444.68,False,,4,2,2,8,New / Promising,3,Active Mid-Value
18008,9,2116.19,1581,24,United Kingdom,70,318,235.13222222222223,True,30.75,3,5,5,13,Loyal,1,Lapsing Mid-Value
18009,1,247.39,125,31,United Kingdom,235,235,247.39,False,,1,2,2,5,Lost,0,Dormant Low-Value
18010,1,174.8,60,14,United Kingdom,256,256,174.8,False,,1,2,1,4,Lost,0,Dormant Low-Value
18011,1,102.78999999999999,71,28,United Kingdom,373,373,102.78999999999999,False,,1,2,1,4,Lost,0,Dormant Low-Value
18013,2,187.29,285,31,United Kingdom,155,155,93.645,True,0.0,2,3,1,6,Hibernating,0,Dormant Low-Value
18014,1,154.27,65,28,United Kingdom,28,28,154.27,False,,4,2,1,7,New / Promising,3,Active Mid-Value
18015,1,120.03,157,46,United Kingdom,4,4,120.03,False,,5,2,1,8,New / Promising,3,Active Mid-Value
18016,5,1477.66,1027,90,United Kingdom,32,364,295.53200000000004,True,82.25,4,4,4,12,Champions,1,Lapsing Mid-Value
18017,3,523.0,300,1,United Kingdom,81,310,174.33333333333334,True,114.5,2,4,3,9,At Risk,1,Lapsing Mid-Value
18018,2,122.14,55,29,United Kingdom,108,199,61.07,True,91.0,2,3,1,6,Hibernating,0,Dormant Low-Value
18019,1,38.45,7,5,United Kingdom,51,51,38.45,False,,3,2,1,6,Needs Attention,0,Dormant Low-Value
18022,1,612.72,703,141,United Kingdom,35,35,612.72,False,,3,2,3,8,Needs Attention,3,Active Mid-Value
18024,2,389.78,184,21,United Kingdom,152,152,194.89,True,0.0,2,3,2,7,Hibernating,0,Dormant Low-Value
18027,1,115.31,78,21,United Kingdom,98,98,115.31,False,,2,2,1,5,Lost,0,Dormant Low-Value
18030,2,230.64999999999998,67,8,United Kingdom,4,42,115.32499999999999,True,38.0,5,3,1,9,Loyal,3,Active Mid-Value
18032,1,73.5,42,5,United Kingdom,334,334,73.5,False,,1,2,1,4,Lost,0,Dormant Low-Value
18033,1,93.82000000000001,252,32,United Kingdom,65,65,93.82000000000001,False,,3,2,1,6,Needs Attention,0,Dormant Low-Value
18034,2,418.68,559,99,United Kingdom,21,21,209.34,True,0.0,4,3,2,9,Loyal,3,Active Mid-Value
18035,3,713.89,584,44,United Kingdom,35,43,237.96333333333334,True,3.5,3,4,3,10,Loyal,1,Lapsing Mid-Value
18036,3,403.12,232,77,United Kingdom,32,245,134.37333333333333,True,106.5,4,4,2,10,Champions,3,Active Mid-Value
18037,6,70.02,20,19,United Kingdom,154,362,11.67,True,41.0,2,5,1,8,At Risk,0,Dormant Low-Value
18040,2,357.20000000000005,148,18,United Kingdom,19,245,178.60000000000002,True,226.0,4,3,2,9,Loyal,3,Active Mid-Value
18041,21,4097.37,3758,285,United Kingdom,11,372,195.11285714285714,True,17.6,5,5,5,15,Champions,2,High-Value Loyal
18042,1,165.04999999999998,33,7,United Kingdom,53,53,165.04999999999998,False,,3,2,1,6,Needs Attention,0,Dormant Low-Value
18043,3,529.29,265,106,United Kingdom,24,366,176.42999999999998,True,171.0,4,4,3,11,Champions,3,Active Mid-Value
18044,10,2088.6,1033,88,United Kingdom,4,360,208.85999999999999,True,39.0,5,5,5,15,Champions,2,High-Value Loyal
18045,1,178.34,138,43,United Kingdom,45,45,178.34,False,,3,2,1,6,Needs Attention,0,Dormant Low-Value
18048,2,172.29000000000002,127,6,United Kingdom,203,203,86.14500000000001,True,0.0,1,3,1,5,Hibernating,0,Dormant Low-Value
18050,1,74.4,40,5,United Kingdom,359,359,74.4,False,,1,2,1,4,Lost,0,Dormant Low-Value
18053,1,300.02,302,20,United Kingdom,70,70,300.02,False,,3,2,2,7,Needs Attention,0,Dormant Low-Value
18055,10,6761.34,2452,223,United Kingdom,7,369,676.134,True,39.77777777777778,5,5,5,15,Champions,2,High-Value Loyal
18056,1,363.65,211,19,United Kingdom,288,288,363.65,False,,1,2,2,5,Lost,0,Dormant Low-Value
18058,1,170.16,88,3,United Kingdom,9,9,170.16,False,,5,2,1,8,New / Promising,3,Active Mid-Value
18059,3,306.46,258,17,United Kingdom,23,67,102.15333333333332,True,22.0,4,4,2,10,Champions,3,Active Mid-Value
18061,10,2119.41,955,18,United Kingdom,21,366,211.94099999999997,True,37.77777777777778,4,5,5,14,Champions,2,High-Value Loyal
18062,3,720.52,396,23,United Kingdom,173,337,240.17333333333332,True,81.5,2,4,3,9,At Risk,1,Lapsing Mid-Value
18064,2,814.0,384,7,United Kingdom,133,235,407.0,True,102.0,2,3,3,8,Hibernating,0,Dormant Low-Value
18065,14,2392.83,1027,110,United Kingdom,5,364,170.91642857142855,True,27.384615384615383,5,5,5,15,Champions,2,High-Value Loyal
18066,1,318.0,108,10,United Kingdom,75,75,318.0,False,,2,2,2,6,Lost,0,Dormant Low-Value
18067,1,396.33,189,36,United Kingdom,40,40,396.33,False,,3,2,2,7,Needs Attention,0,Dormant Low-Value
18068,1,101.7,6,1,United Kingdom,289,289,101.7,False,,1,2,1,4,Lost,0,Dormant Low-Value
18069,5,2009.24,1296,334,United Kingdom,26,327,401.848,True,74.75,4,4,4,12,Champions,1,Lapsing Mid-Value
18071,2,453.0,260,23,United Kingdom,257,365,226.5,True,108.0,1,3,2,6,Hibernating,0,Dormant Low-Value
18072,1,247.44,288,18,United Kingdom,185,185,247.44,False,,1,2,2,5,Lost,0,Dormant Low-Value
18073,12,3859.82,3102,23,United Kingdom,114,197,321.6516666666667,True,7.181818181818182,2,5,5,12,At Risk,1,Lapsing Mid-Value
18074,1,489.6,190,13,United Kingdom,373,373,489.6,False,,1,2,3,6,Lost,0,Dormant Low-Value
18075,10,2611.75,1464,97,United Kingdom,23,360,261.175,True,37.0,4,5,5,14,Champions,2,High-Value Loyal
18077,11,2584.41,1839,101,United Kingdom,8,366,234.94636363636363,True,35.4,5,5,5,15,Champions,2,High-Value Loyal
18078,2,336.13,145,27,United Kingdom,217,259,168.065,True,41.0,1,3,2,6,Hibernating,0,Dormant Low-Value
18079,4,3613.15,7347,99,United Kingdom,45,238,903.2875,True,64.0,3,4,5,12,Loyal,1,Lapsing Mid-Value
18080,2,1231.5,642,2,United Kingdom,18,242,615.75,True,223.0,4,3,4,11,Loyal,3,Active Mid-Value
18081,3,343.45,195,14,United Kingdom,36,133,114.48333333333333,True,48.5,3,4,2,9,Loyal,3,Active Mid-Value
18082,1,680.84,608,62,United Kingdom,25,25,680.84,False,,4,2,3,9,New / Promising,3,Active Mid-Value
18084,1,90.48,312,1,United Kingdom,16,16,90.48,False,,4,2,1,7,New / Promising,3,Active Mid-Value
18085,2,689.95,265,25,United Kingdom,330,373,344.975,True,43.0,1,3,3,7,Hibernating,0,Dormant Low-Value
18086,1,101.34,106,7,United Kingdom,274,274,101.34,False,,1,2,1,4,Lost,0,Dormant Low-Value
18087,1,3202.92,3906,1,United Kingdom,290,290,3202.92,False,,1,2,5,8,Lost,1,Lapsing Mid-Value
18088,1,166.03,107,35,United Kingdom,61,61,166.03,False,,3,2,1,6,Needs Attention,0,Dormant Low-Value
18092,11,9068.26,4252,28,United Kingdom,2,365,824.3872727272727,True,35.9,5,5,5,15,Champions,2,High-Value Loyal
18093,4,2106.52,1392,31,United Kingdom,93,302,526.63,True,69.33333333333333,2,4,5,11,At Risk,1,Lapsing Mid-Value
18094,7,3017.3,2518,39,United Kingdom,81,291,431.04285714285714,True,34.666666666666664,2,5,5,12,At Risk,1,Lapsing Mid-Value
18095,2,580.05,419,20,United Kingdom,312,332,290.025,True,20.0,1,3,3,7,Hibernating,0,Dormant Low-Value
18096,3,849.06,788,157,United Kingdom,11,63,283.02,True,25.5,5,4,3,12,Champions,3,Active Mid-Value
18097,6,2662.4,1662,65,United Kingdom,7,354,443.73333333333335,True,69.0,5,5,5,15,Champions,2,High-Value Loyal
18099,1,168.31,149,19,United Kingdom,127,127,168.31,False,,2,2,1,5,Lost,0,Dormant Low-Value
18101,2,222.4,87,37,United Kingdom,11,143,111.2,True,132.0,5,3,1,9,Loyal,3,Active Mid-Value
18102,60,259657.3,64124,150,United Kingdom,0,367,4327.621666666667,True,6.0,5,5,5,15,Champions,2,High-Value Loyal
18104,1,754.64,362,38,United Kingdom,37,37,754.64,False,,3,2,3,8,Needs Attention,3,Active Mid-Value
18105,1,113.48000000000002,46,18,United Kingdom,37,37,113.48000000000002,False,,3,2,1,6,Needs Attention,0,Dormant Low-Value
18106,1,421.9,126,33,United Kingdom,329,329,421.9,False,,1,2,2,5,Lost,0,Dormant Low-Value
18108,1,271.0,84,17,United Kingdom,254,254,271.0,False,,1,2,2,5,Lost,0,Dormant Low-Value
18109,26,8004.92,4230,119,United Kingdom,1,369,307.88153846153847,True,14.16,5,5,5,15,Champions,2,High-Value Loyal
18110,1,198.8,72,33,United Kingdom,19,19,198.8,False,,4,2,1,7,New / Promising,3,Active Mid-Value
18112,2,352.69,255,26,United Kingdom,12,166,176.345,True,154.0,5,3,2,10,Loyal,3,Active Mid-Value
18113,1,76.32000000000001,72,1,United Kingdom,368,368,76.32000000000001,False,,1,2,1,4,Lost,0,Dormant Low-Value
18114,1,220.1,55,28,United Kingdom,290,290,220.1,False,,1,2,1,4,Lost,0,Dormant Low-Value
18116,8,1399.51,819,229,United Kingdom,67,364,174.93875,True,42.0,3,5,4,12,Loyal,1,Lapsing Mid-Value
18117,1,314.4,604,67,United Kingdom,25,25,314.4,False,,4,2,2,8,New / Promising,3,Active Mid-Value
18118,26,5622.68,2853,423,United Kingdom,10,369,216.2569230769231,True,13.84,5,5,5,15,Champions,2,High-Value Loyal
18119,1,180.7,124,29,United Kingdom,367,367,180.7,False,,1,2,1,4,Lost,0,Dormant Low-Value
18120,1,111.15,31,17,United Kingdom,214,214,111.15,False,,1,2,1,4,Lost,0,Dormant Low-Value
18121,2,653.3000000000001,438,28,United Kingdom,149,154,326.65000000000003,True,5.0,2,3,3,8,Hibernating,0,Dormant Low-Value
18122,6,1791.84,1215,238,United Kingdom,8,150,298.64,True,28.0,5,5,4,14,Champions,2,High-Value Loyal
18123,2,574.4399999999999,582,31,United Kingdom,24,31,287.21999999999997,True,7.0,4,3,3,10,Loyal,3,Active Mid-Value
18125,4,1131.75,800,164,United Kingdom,29,316,282.9375,True,95.0,4,4,4,12,Champions,1,Lapsing Mid-Value
18126,1,198.58,129,51,United Kingdom,60,60,198.58,False,,3,2,1,6,Needs Attention,0,Dormant Low-Value
18127,3,347.08,187,41,United Kingdom,19,133,115.69333333333333,True,57.0,4,4,2,10,Champions,3,Active Mid-Value
18129,1,112.55000000000001,48,13,United Kingdom,243,243,112.55000000000001,False,,1,2,1,4,Lost,0,Dormant Low-Value
18130,3,1059.39,824,58,United Kingdom,15,57,353.13000000000005,True,20.5,4,4,4,12,Champions,3,Active Mid-Value
18133,1,931.5,1350,1,United Kingdom,212,212,931.5,False,,1,2,4,7,Lost,0,Dormant Low-Value
18135,5,681.91,349,11,United Kingdom,29,190,136.382,True,40.0,4,4,3,11,Champions,1,Lapsing Mid-Value
18136,3,784.33,379,34,United Kingdom,63,319,261.4433333333333,True,127.5,3,4,3,10,Loyal,1,Lapsing Mid-Value
18138,1,152.65,38,8,United Kingdom,295,295,152.65,False,,1,2,1,4,Lost,0,Dormant Low-Value
18139,6,8438.34,5557,35,United Kingdom,17,18,1406.39,True,0.0,4,5,5,14,Champions,2,High-Value Loyal
18142,2,1019.52,1276,9,United Kingdom,157,215,509.76,True,58.0,2,3,4,9,Hibernating,1,Lapsing Mid-Value
18143,2,1000.16,570,59,United Kingdom,116,141,500.08,True,25.0,2,3,4,9,Hibernating,1,Lapsing Mid-Value
18144,12,2888.75,1343,27,United Kingdom,7,373,240.72916666666666,True,32.63636363636363,5,5,5,15,Champions,2,High-Value Loyal
18145,4,2861.55,2625,174,United Kingdom,12,312,715.3875,True,99.33333333333333,5,4,5,14,Champions,1,Lapsing Mid-Value
18146,2,160.35,153,10,United Kingdom,140,220,80.175,True,79.0,2,3,1,6,Hibernating,0,Dormant Low-Value
18147,2,179.34,203,7,United Kingdom,45,108,89.67,True,62.0,3,3,1,7,Loyal,0,Dormant Low-Value
18149,3,612.0799999999999,310,11,United Kingdom,50,273,204.02666666666664,True,111.0,3,4,3,10,Loyal,1,Lapsing Mid-Value
18150,3,566.58,332,29,United Kingdom,32,201,188.86,True,84.5,4,4,3,11,Champions,3,Active Mid-Value
18151,2,653.35,355,38,United Kingdom,134,289,326.675,True,155.0,2,3,3,8,Hibernating,0,Dormant Low-Value
18154,2,399.19,255,15,United Kingdom,3,43,199.595,True,40.0,5,3,2,10,Loyal,3,Active Mid-Value
18155,3,371.62,266,19,United Kingdom,75,291,123.87333333333333,True,108.0,2,4,2,8,At Risk,0,Dormant Low-Value
18156,2,675.64,283,100,United Kingdom,12,369,337.82,True,356.0,5,3,3,11,Loyal,3,Active Mid-Value
18158,2,453.4,354,24,United Kingdom,9,88,226.7,True,79.0,5,3,2,10,Loyal,3,Active Mid-Value
18159,1,530.15,139,23,United Kingdom,301,301,530.15,False,,1,2,3,6,Lost,0,Dormant Low-Value
18160,2,638.0600000000001,294,37,United Kingdom,57,200,319.03000000000003,True,143.0,3,3,3,9,Loyal,1,Lapsing Mid-Value
18161,5,1618.69,812,49,United Kingdom,15,319,323.738,True,75.5,4,4,4,12,Champions,1,Lapsing Mid-Value
18164,1,399.65,184,24,United Kingdom,37,37,399.65,False,,3,2,2,7,Needs Attention,3,Active Mid-Value
18165,1,302.46,254,10,United Kingdom,177,177,302.46,False,,2,2,2,6,Lost,0,Dormant Low-Value
18167,3,1384.8600000000001,382,24,United Kingdom,23,105,461.62000000000006,True,41.0,4,4,4,12,Champions,1,Lapsing Mid-Value
18168,6,1160.04,592,97,United Kingdom,176,372,193.34,True,39.0,2,5,4,11,At Risk,1,Lapsing Mid-Value
18169,1,202.65,61,9,United Kingdom,60,60,202.65,False,,3,2,1,6,Needs Attention,0,Dormant Low-Value
18170,3,980.3100000000001,409,29,United Kingdom,33,217,326.77000000000004,True,91.5,3,4,4,11,Loyal,1,Lapsing Mid-Value
18171,5,1231.31,481,43,United Kingdom,58,333,246.262,True,68.25,3,4,4,11,Loyal,1,Lapsing Mid-Value
18172,20,7561.68,3184,100,United Kingdom,14,289,378.084,True,14.157894736842104,5,5,5,15,Champions,2,High-Value Loyal
18173,4,2106.84,1220,23,United Kingdom,86,274,526.71,True,62.0,2,4,5,11,At Risk,1,Lapsing Mid-Value
18174,1,104.0,50,1,United Kingdom,7,7,104.0,False,,5,2,1,8,New / Promising,3,Active Mid-Value
18176,1,476.35,283,30,United Kingdom,358,358,476.35,False,,1,2,2,5,Lost,0,Dormant Low-Value
18177,6,1340.8700000000001,709,53,United Kingdom,31,255,223.47833333333335,True,44.4,4,5,4,13,Champions,1,Lapsing Mid-Value
18178,4,1590.81,983,80,United Kingdom,128,364,397.7025,True,78.0,2,4,4,10,At Risk,1,Lapsing Mid-Value
18179,6,1793.17,1360,86,United Kingdom,9,336,298.8616666666667,True,65.2,5,5,4,14,Champions,2,High-Value Loyal
18180,6,1843.75,1721,108,United Kingdom,4,142,307.2916666666667,True,27.0,5,5,4,14,Champions,2,High-Value Loyal
18181,1,366.85,133,40,United Kingdom,24,24,366.85,False,,4,2,2,8,New / Promising,3,Active Mid-Value
18183,2,632.07,371,36,United Kingdom,227,274,316.035,True,47.0,1,3,3,7,Hibernating,0,Dormant Low-Value
18184,1,49.8,60,1,United Kingdom,15,15,49.8,False,,4,2,1,7,New / Promising,3,Active Mid-Value
18185,1,304.25,183,17,United Kingdom,249,249,304.25,False,,1,2,2,5,Lost,0,Dormant Low-Value
18188,3,2001.04,1168,63,United Kingdom,15,290,667.0133333333333,True,137.0,4,4,4,12,Champions,1,Lapsing Mid-Value
18189,2,1090.24,566,65,United Kingdom,77,267,545.12,True,190.0,2,3,4,9,Hibernating,1,Lapsing Mid-Value
18190,2,284.46000000000004,140,14,United Kingdom,192,330,142.23000000000002,True,138.0,1,3,2,6,Hibernating,0,Dormant Low-Value
18191,1,207.8,140,7,United Kingdom,261,261,207.8,False,,1,2,1,4,Lost,0,Dormant Low-Value
18192,1,957.97,339,45,United Kingdom,71,71,957.97,False,,3,2,4,9,Needs Attention,0,Dormant Low-Value
18193,1,243.76,124,16,United Kingdom,165,165,243.76,False,,2,2,1,5,Lost,0,Dormant Low-Value
18194,1,973.84,632,7,United Kingdom,82,82,973.84,False,,2,2,4,8,Lost,0,Dormant Low-Value
18196,2,686.63,431,131,United Kingdom,95,290,343.315,True,195.0,2,3,3,8,Hibernating,0,Dormant Low-Value
18198,17,5425.56,4074,81,United Kingdom,4,336,319.15058823529415,True,20.25,5,5,5,15,Champions,2,High-Value Loyal
18200,1,150.35,104,29,United Kingdom,106,106,150.35,False,,2,2,1,5,Lost,0,Dormant Low-Value
18202,3,1396.99,581,55,United Kingdom,199,311,465.66333333333336,True,55.5,1,4,4,9,At Risk,1,Lapsing Mid-Value
18203,1,160.42000000000002,43,19,United Kingdom,157,157,160.42000000000002,False,,2,2,1,5,Lost,0,Dormant Low-Value
18204,3,1975.3500000000001,1190,159,United Kingdom,71,192,658.45,True,60.0,3,4,4,11,Loyal,1,Lapsing Mid-Value
18205,2,517.36,192,30,United Kingdom,36,74,258.68,True,38.0,3,3,3,9,Loyal,3,Active Mid-Value
18209,1,139.10000000000002,58,8,United Kingdom,28,28,139.10000000000002,False,,4,2,1,7,New / Promising,3,Active Mid-Value
18210,6,2621.38,1398,109,United Kingdom,1,267,436.8966666666667,True,52.6,5,5,5,15,Champions,2,High-Value Loyal
18211,5,600.07,359,37,United Kingdom,25,278,120.01400000000001,True,62.75,4,4,3,11,Champions,1,Lapsing Mid-Value
18212,1,216.07,92,30,United Kingdom,326,326,216.07,False,,1,2,1,4,Lost,0,Dormant Low-Value
18213,1,232.48000000000002,232,15,United Kingdom,236,236,232.48000000000002,False,,1,2,1,4,Lost,0,Dormant Low-Value
18215,1,299.34000000000003,118,13,United Kingdom,89,89,299.34000000000003,False,,2,2,2,6,Lost,0,Dormant Low-Value
18216,1,481.75,200,26,United Kingdom,31,31,481.75,False,,4,2,3,9,New / Promising,3,Active Mid-Value
18217,2,621.75,491,27,United Kingdom,29,70,310.875,True,41.0,4,3,3,10,Loyal,3,Active Mid-Value
18218,2,641.92,536,17,United Kingdom,211,281,320.96,True,70.0,1,3,3,7,Hibernating,0,Dormant Low-Value
18219,10,2069.77,885,58,United Kingdom,2,368,206.977,True,40.44444444444444,5,5,5,15,Champions,2,High-Value Loyal
18220,1,305.28,288,2,United Kingdom,226,226,305.28,False,,1,2,2,5,Lost,0,Dormant Low-Value
18221,5,1041.61,791,59,United Kingdom,22,211,208.32199999999997,True,46.5,4,4,4,12,Champions,1,Lapsing Mid-Value
18222,1,443.0,335,19,United Kingdom,92,92,443.0,False,,2,2,2,6,Lost,0,Dormant Low-Value
18223,14,6484.54,2948,116,United Kingdom,4,358,463.18142857142857,True,26.692307692307693,5,5,5,15,Champions,2,High-Value Loyal
18224,1,158.95000000000002,69,10,United Kingdom,263,263,158.95000000000002,False,,1,2,1,4,Lost,0,Dormant Low-Value
18225,12,5504.96,3242,150,United Kingdom,3,365,458.74666666666667,True,32.27272727272727,5,5,5,15,Champions,2,High-Value Loyal
18226,11,5228.05,3466,141,United Kingdom,44,337,475.27727272727276,True,28.9,3,5,5,13,Loyal,2,High-Value Loyal
18227,1,93.75,21,5,United Kingdom,217,217,93.75,False,,1,2,1,4,Lost,0,Dormant Low-Value
18228,2,779.9,238,23,United Kingdom,56,79,389.95,True,22.0,3,3,3,9,Loyal,1,Lapsing Mid-Value
18229,20,7276.9,2488,66,United Kingdom,11,373,363.84499999999997,True,18.42105263157895,5,5,5,15,Champions,2,High-Value Loyal
18230,7,2810.2000000000003,1316,32,United Kingdom,9,302,401.4571428571429,True,48.333333333333336,5,5,5,15,Champions,2,High-Value Loyal
18231,5,2071.77,819,106,United Kingdom,192,288,414.354,True,23.75,1,4,5,10,At Risk,1,Lapsing Mid-Value
18232,4,592.97,302,31,United Kingdom,81,197,148.2425,True,38.333333333333336,2,4,3,9,At Risk,1,Lapsing Mid-Value
18233,1,440.0,4,1,United Kingdom,325,325,440.0,False,,1,2,2,5,Lost,0,Dormant Low-Value
18235,3,1796.48,1578,100,United Kingdom,71,217,598.8266666666667,True,72.5,3,4,4,11,Loyal,1,Lapsing Mid-Value
18236,6,882.24,403,42,United Kingdom,29,240,147.04,True,41.6,4,5,3,12,Champions,1,Lapsing Mid-Value
18237,5,987.1,622,40,United Kingdom,2,134,197.42000000000002,True,32.25,5,5,4,14,Champions,3,Active Mid-Value
18239,5,1561.6100000000001,795,80,United Kingdom,218,372,312.322,True,37.75,1,5,4,10,At Risk,1,Lapsing Mid-Value
18240,1,422.58,126,6,United Kingdom,46,46,422.58,False,,3,2,2,7,Needs Attention,0,Dormant Low-Value
18241,17,2073.09,1051,60,United Kingdom,9,217,121.9464705882353,True,12.625,5,5,5,15,Champions,2,High-Value Loyal
18242,4,2232.4900000000002,1017,72,United Kingdom,72,213,558.1225000000001,True,46.666666666666664,2,4,5,11,At Risk,1,Lapsing Mid-Value
18245,7,2567.06,1788,153,United Kingdom,7,355,366.72285714285715,True,57.666666666666664,5,5,5,15,Champions,2,High-Value Loyal
18246,2,596.1,166,3,United Kingdom,23,233,298.05,True,209.0,4,3,3,10,Loyal,3,Active Mid-Value
18248,2,804.02,511,39,United Kingdom,122,186,402.01,True,63.0,2,3,3,8,Hibernating,0,Dormant Low-Value
18249,1,95.34,128,8,United Kingdom,17,17,95.34,False,,4,2,1,7,New / Promising,3,Active Mid-Value
18250,1,349.27,199,21,United Kingdom,310,310,349.27,False,,1,2,2,5,Lost,0,Dormant Low-Value
18251,1,4314.72,7824,16,United Kingdom,87,87,4314.72,False,,2,2,5,9,Lost,1,Lapsing Mid-Value
18252,2,518.27,234,90,United Kingdom,50,171,259.135,True,121.0,3,3,3,9,Loyal,3,Active Mid-Value
18255,1,103.30000000000001,74,6,United Kingdom,89,89,103.30000000000001,False,,2,2,1,5,Lost,0,Dormant Low-Value
18257,8,2337.63,1041,97,United Kingdom,39,296,292.20375,True,36.142857142857146,3,5,5,13,Loyal,1,Lapsing Mid-Value
18259,3,2338.6,714,27,United Kingdom,24,366,779.5333333333333,True,170.5,4,4,5,13,Champions,1,Lapsing Mid-Value
18260,6,2628.35,1475,86,United Kingdom,172,358,438.05833333333334,True,36.6,2,5,5,12,At Risk,1,Lapsing Mid-Value
18261,2,324.24,146,19,United Kingdom,43,95,162.12,True,52.0,3,3,2,8,Loyal,3,Active Mid-Value
18262,1,149.48,182,13,United Kingdom,140,140,149.48,False,,2,2,1,5,Lost,0,Dormant Low-Value
18263,3,1213.16,1468,59,United Kingdom,25,252,404.3866666666667,True,112.5,4,4,4,12,Champions,1,Lapsing Mid-Value
18265,2,801.51,311,44,United Kingdom,72,158,400.755,True,85.0,2,3,3,8,Hibernating,1,Lapsing Mid-Value
18268,1,25.5,2,1,United Kingdom,134,134,25.5,False,,2,2,1,5,Lost,0,Dormant Low-Value
18269,1,168.60000000000002,76,7,United Kingdom,366,366,168.60000000000002,False,,1,2,1,4,Lost,0,Dormant Low-Value
18270,2,283.15000000000003,101,11,United Kingdom,38,266,141.57500000000002,True,228.0,3,3,2,8,Loyal,3,Active Mid-Value
18272,6,3078.58,2050,99,United Kingdom,2,246,513.0966666666667,True,48.2,5,5,5,15,Champions,2,High-Value Loyal
18273,3,204.0,80,1,United Kingdom,2,257,68.0,True,127.5,5,4,1,10,Champions,3,Active Mid-Value
18274,1,175.92,88,11,United Kingdom,30,30,175.92,False,,4,2,1,7,New / Promising,3,Active Mid-Value
18276,1,335.86,186,14,United Kingdom,43,43,335.86,False,,3,2,2,7,Needs Attention,0,Dormant Low-Value
18277,1,110.38,68,8,United Kingdom,58,58,110.38,False,,3,2,1,6,Needs Attention,0,Dormant Low-Value
18278,1,173.9,66,9,United Kingdom,73,73,173.9,False,,2,2,1,5,Lost,0,Dormant Low-Value
18280,1,180.60000000000002,45,10,United Kingdom,277,277,180.60000000000002,False,,1,2,1,4,Lost,0,Dormant Low-Value
18281,1,80.82,54,7,United Kingdom,180,180,80.82,False,,1,2,1,4,Lost,0,Dormant Low-Value
18282,2,178.05,103,12,United Kingdom,7,126,89.025,True,118.0,5,3,1,9,Loyal,3,Active Mid-Value
18283,16,2039.58,1355,262,United Kingdom,3,337,127.47375,True,21.8,5,5,5,15,Champions,2,High-Value Loyal
18287,3,1837.28,1586,59,United Kingdom,42,201,612.4266666666666,True,78.5,3,4,4,11,Loyal,1,Lapsing Mid-Value
